v -3.05 2.79 0.0
v -3.05 2.7 0.0
v -2.45 2.79 0.0
newmtl 1
Ka 1.0 1.0 0.5019607843137255
Kd 1.0 1.0 0.5019607843137255
Ks 0.5019607843137255 0.5019607843137255 0.25098039215686274
d 0.0
endmtl
v -2.45 2.7 0.0
v -3.05 2.79 -0.01
v -2.45 2.79 -0.01
v -3.05 3.4 -0.01
v -2.45 3.4 -0.01
v -3.05 3.4 -0.1
v -2.45 3.4 -0.1
v -3.05 2.75 -0.1
v -2.45 2.75 -0.1
v -2.45 2.737059 -0.098296
v -3.05 2.737059 -0.098296
v -2.45 2.725 -0.093301
v -3.05 2.725 -0.093301
v -2.45 2.714645 -0.085355
v -3.05 2.714645 -0.085355
v -2.45 2.706699 -0.075
v -3.05 2.706699 -0.075
v -2.45 2.701704 -0.062941
v -3.05 2.701704 -0.062941
v -2.45 2.7 -0.05
v -3.05 2.7 -0.05
v 0.76 2.79 -0.01
v 0.76 3.4 -0.01
v 0.24 2.79 -0.01
v 0.24 3.4 -0.01
v 0.76 3.4 -0.1
v 0.24 3.4 -0.1
v 0.76 2.75 -0.1
v 0.24 2.75 -0.1
v 0.76 2.7 -0.05
v 0.24 2.7 -0.05
v 0.24 2.701704 -0.062941
v 0.76 2.701704 -0.062941
v 0.24 2.706699 -0.075
v 0.76 2.706699 -0.075
v 0.24 2.714645 -0.085355
v 0.76 2.714645 -0.085355
v 0.24 2.725 -0.093301
v 0.76 2.725 -0.093301
v 0.24 2.737059 -0.098296
v 0.76 2.737059 -0.098296
v 0.76 2.7 0.0
v 0.24 2.7 0.0
v 0.76 2.79 0.0
v 0.24 2.79 0.0
v -0.45 -2.8 1.83
v -0.45 -0.46 1.83
v -0.15 -2.8 1.83
v -0.15 -0.46 1.83
v -0.15 -0.46 1.93
v -0.45 -0.46 1.93
v -0.15 -2.8 1.93
v -0.45 -2.8 1.93
v -0.76 3.4 -0.01
v -0.76 2.79 -0.01
v -0.24 3.4 -0.01
v -0.24 2.79 -0.01
v -0.76 3.4 -0.1
v -0.24 3.4 -0.1
v -0.76 2.75 -0.1
v -0.24 2.75 -0.1
v -0.24 2.737059 -0.098296
v -0.76 2.737059 -0.098296
v -0.24 2.725 -0.093301
v -0.76 2.725 -0.093301
v -0.24 2.714645 -0.085355
v -0.76 2.714645 -0.085355
v -0.24 2.706699 -0.075
v -0.76 2.706699 -0.075
v -0.24 2.701704 -0.062941
v -0.76 2.701704 -0.062941
v -0.24 2.7 -0.05
v -0.76 2.7 -0.05
v -0.76 2.7 0.0
v -0.24 2.7 0.0
v -0.76 2.79 0.0
v -0.24 2.79 0.0
v -1.8 2.79 -0.01
v -1.8 2.79 0.0
v -1.24 2.79 -0.01
v -1.24 2.79 0.0
v -1.8 3.4 -0.01
v -1.24 3.4 -0.01
v -1.8 3.4 -0.1
v -1.24 3.4 -0.1
v -1.8 2.75 -0.1
v -1.24 2.75 -0.1
v -1.24 2.737059 -0.098296
v -1.8 2.737059 -0.098296
v -1.24 2.725 -0.093301
v -1.8 2.725 -0.093301
v -1.24 2.714645 -0.085355
v -1.8 2.714645 -0.085355
v -1.24 2.706699 -0.075
v -1.8 2.706699 -0.075
v -1.24 2.701704 -0.062941
v -1.8 2.701704 -0.062941
v -1.24 2.7 -0.05
v -1.8 2.7 -0.05
v -1.8 2.7 0.0
v -1.24 2.7 0.0
v -3.69077 3.4 0.0
v -4.175 3.4 0.0
v -3.69077 3.4 2.825915
newmtl 2
Ka 0.2235294117647059 0.2235294117647059 0.2235294117647059
Kd 0.2235294117647059 0.2235294117647059 0.2235294117647059
Ks 0.11372549019607843 0.11372549019607843 0.11372549019607843
d 0.0
endmtl
v -4.175 3.4 2.16
v -4.151148 3.4 2.341173
v -4.081218 3.4 2.51
v -3.969975 3.4 2.654975
v -3.825 3.4 2.766218
v 2.8 -0.46 1.23
v 2.85 -0.46 1.23
v 2.8 -0.46 1.33
v 2.85 -0.46 1.43
v 2.5 -0.46 1.33
v 2.45 -0.46 1.43
v 2.5 -0.46 1.23
v 2.45 -0.46 1.23
v 1.35 -0.46 1.23
v 1.4 -0.46 1.23
v 1.35 -0.46 1.33
v 1.4 -0.46 1.43
v 1.05 -0.46 1.33
v 1.0 -0.46 1.43
v 1.05 -0.46 1.23
v 1.0 -0.46 1.23
v 0.9 -0.46 1.23
v 0.95 -0.46 1.23
v 0.9 -0.46 1.33
v 0.95 -0.46 1.43
v 0.6 -0.46 1.33
v 0.55 -0.46 1.43
v 0.6 -0.46 1.23
v 0.55 -0.46 1.23
v 0.45 -0.46 1.23
v 0.5 -0.46 1.23
v 0.45 -0.46 1.33
v 0.5 -0.46 1.43
v 0.15 -0.46 1.33
v 0.1 -0.46 1.43
v 0.15 -0.46 1.23
v 0.1 -0.46 1.23
v -0.15 -0.46 1.23
v -0.1 -0.46 1.23
v -0.15 -0.46 1.33
v -0.1 -0.46 1.43
v -0.45 -0.46 1.33
v -0.5 -0.46 1.43
v -0.45 -0.46 1.23
v -0.5 -0.46 1.23
v -0.6 -0.46 1.23
v -0.55 -0.46 1.23
v -0.6 -0.46 1.33
v -0.55 -0.46 1.43
v -0.9 -0.46 1.33
v -0.95 -0.46 1.43
v -0.9 -0.46 1.23
v -0.95 -0.46 1.23
v -1.05 -0.46 1.23
v -1.0 -0.46 1.23
v -1.05 -0.46 1.33
v -1.0 -0.46 1.43
v -1.35 -0.46 1.33
v -1.4 -0.46 1.43
v -1.35 -0.46 1.23
v -1.4 -0.46 1.23
v -2.5 -0.46 1.23
v -2.45 -0.46 1.23
v -2.5 -0.46 1.33
v -2.45 -0.46 1.43
v -2.8 -0.46 1.33
v -2.85 -0.46 1.43
v -2.8 -0.46 1.23
v -2.85 -0.46 1.23
v -1.4 -3.0 1.23
v -2.45 -3.0 1.23
v -3.137868 -1.972132 1.23
v -3.090192 -1.91 1.23
v -2.85 -3.0 1.23
v -3.35 -2.5 1.23
v -3.35 -2.06 1.23
v -3.135714 -3.0 1.23
v -3.272354 -2.049778 1.23
v -3.2 -2.019808 1.23
v -3.05 -0.46 1.23
v -3.05 -1.76 1.23
v -3.060222 -1.837646 1.23
v -1.0 -3.0 1.23
v -0.95 -3.0 1.23
v -0.5 -3.0 1.23
v -0.55 -3.0 1.23
v -2.45 -3.2 1.43
v -1.4 -3.2 1.43
v -2.85 -3.127685 1.357684
v -3.128784 -3.016171 1.246171
v -0.95 -3.2 1.43
v -1.0 -3.2 1.43
v -0.55 -3.2 1.43
v -0.5 -3.2 1.43
v -3.128784 -3.016171 1.913829
v -2.85 -3.127685 1.43
v -2.85 -3.127685 1.802315
v -2.85 -3.127685 1.73
v -2.669211 -3.2 1.73
v -2.669211 -3.2 1.43
v -0.1 -3.0 1.23
v 0.1 -3.0 1.23
v 0.55 -3.0 1.23
v 0.5 -3.0 1.23
v 3.060222 -1.837646 1.23
v 3.090192 -1.91 1.23
v 2.85 -3.0 1.23
v 3.35 -2.06 1.23
v 3.35 -2.5 1.23
v 3.272354 -2.049778 1.23
v 3.135714 -3.0 1.23
v 3.2 -2.019808 1.23
v 3.137868 -1.972132 1.23
v 3.05 -1.76 1.23
v 3.05 -0.46 1.23
v 1.4 -3.0 1.23
v 2.45 -3.0 1.23
v 0.95 -3.0 1.23
v 1.0 -3.0 1.23
v 0.1 -3.2 1.43
v -0.1 -3.2 1.43
v 0.5 -3.2 1.43
v 0.55 -3.2 1.43
v 2.85 -3.127685 1.357684
v 3.128784 -3.016171 1.246171
v 2.45 -3.2 1.43
v 1.4 -3.2 1.43
v 1.0 -3.2 1.43
v 0.95 -3.2 1.43
v 2.85 -3.127685 1.43
v 3.128784 -3.016171 1.913829
v 2.85 -3.127685 1.802315
v 2.85 -3.127685 1.73
v 2.669211 -3.2 1.73
v 2.669211 -3.2 1.43
v 0.15 -0.46 1.93
v 0.1 -0.46 1.93
v 0.15 -0.46 1.83
v 0.1 -0.46 1.73
v 0.45 -0.46 1.83
v 0.5 -0.46 1.73
v 0.45 -0.46 1.93
v 0.5 -0.46 1.93
v 1.05 -0.46 1.93
v 1.0 -0.46 1.93
v 1.05 -0.46 1.83
v 1.0 -0.46 1.73
v 1.35 -0.46 1.83
v 1.4 -0.46 1.73
v 1.35 -0.46 1.93
v 1.4 -0.46 1.93
v 0.6 -0.46 1.93
v 0.55 -0.46 1.93
v 0.6 -0.46 1.83
v 0.55 -0.46 1.73
v 0.9 -0.46 1.83
v 0.95 -0.46 1.73
v 0.9 -0.46 1.93
v 0.95 -0.46 1.93
v -2.8 -0.46 1.93
v -2.85 -0.46 1.93
v -2.8 -0.46 1.83
v -2.85 -0.46 1.73
v -2.5 -0.46 1.83
v -2.45 -0.46 1.73
v -2.5 -0.46 1.93
v -2.45 -0.46 1.93
v -2.85 -3.0 1.93
v -3.060222 -1.837646 1.93
v -3.090192 -1.91 1.93
v -3.05 -1.76 1.93
v -3.05 -0.46 1.93
v -3.35 -2.06 1.93
v -3.35 -2.5 1.93
v -3.272354 -2.049778 1.93
v -3.135714 -3.0 1.93
v -3.2 -2.019808 1.93
v -3.137868 -1.972132 1.93
v -1.4 -3.0 1.93
v -1.4 -0.46 1.93
v -2.45 -3.0 1.93
v -2.45 -3.2 1.73
v -1.4 -3.2 1.73
v -1.0 -0.46 1.93
v -1.0 -3.0 1.93
v -0.95 -0.46 1.93
v -0.95 -3.0 1.93
v -0.95 -3.2 1.73
v -1.0 -3.2 1.73
v -0.55 -3.0 1.93
v -0.5 -3.0 1.93
v -0.55 -0.46 1.93
v -0.5 -0.46 1.93
v -0.5 -3.2 1.73
v -0.55 -3.2 1.73
v 3.969975 2.24 2.654975
v 3.55 2.24 2.13
v 4.081218 2.24 2.51
v 4.151148 2.24 2.341173
v -3.55 2.24 2.13
v -4.175 2.24 2.16
v -3.55 2.24 1.03
v -4.175 2.24 0.0
v 3.55 2.24 1.03
v 4.175 2.24 0.0
v 4.175 2.24 2.16
v -3.969975 2.24 2.654975
v -4.081218 2.24 2.51
v -4.151148 2.24 2.341173
v -0.49432 2.24 2.435456
v 0.49432 2.24 2.435456
v 0.427915 2.24 2.656489
v -0.427915 2.24 2.656489
v 0.349421 2.24 2.86
v -0.349421 2.24 2.86
v -1.907428 2.24 2.86
v -3.475 2.24 2.86
v 3.825 2.24 2.766218
v 3.656173 2.24 2.836148
v 3.475 2.24 2.86
v 1.907428 2.24 2.86
v -3.656173 2.24 2.836148
v -3.825 2.24 2.766218
v 4.175 3.4 0.0
v 3.69077 3.4 0.0
v 4.175 3.4 2.16
v 3.69077 3.4 2.825915
v 3.825 3.4 2.766218
v 3.969975 3.4 2.654975
v 4.081218 3.4 2.51
v 4.151148 3.4 2.341173
v -3.656173 3.383875 2.836148
v -3.475 3.299432 2.86
v -3.258016 3.198298 2.86
v -3.051913 3.128367 2.86
v -1.907428 3.104682 2.86
v -2.835561 3.104682 2.86
v -0.49432 3.104682 2.435456
v -0.427915 3.104682 2.656489
v -0.349421 3.104682 2.86
v 0.349421 3.104682 2.86
v -3.258016 3.198298 0.0
v 3.258016 3.198298 0.0
v 3.051913 3.128367 0.0
v -3.051913 3.128367 0.0
v -2.835561 3.104682 0.0
v 2.835561 3.104682 0.0
v 3.25 -0.26 2.13
v 3.55 -0.26 2.13
v -3.25 -0.26 2.13
v -3.55 -0.26 2.13
v -3.55 -0.26 1.03
v -3.25 -0.26 1.03
v 3.25 -0.26 1.03
v 3.55 -0.26 1.03
v -0.1 -3.0 1.93
v 0.1 -3.0 1.93
v -0.1 -0.46 1.93
v -0.1 -3.2 1.73
v 0.1 -3.2 1.73
v 0.5 -3.2 1.73
v 0.55 -3.2 1.73
v 0.95 -3.2 1.73
v 1.0 -3.2 1.73
v 1.4 -3.2 1.73
v 2.45 -3.2 1.73
v 2.5 -0.46 1.93
v 2.8 -0.46 1.93
v 2.85 -0.46 1.93
v 3.05 -0.46 1.93
v 2.45 -0.46 1.93
v -0.5 -0.46 1.73
v -0.1 -0.46 1.73
v -1.0 -0.46 1.73
v -1.4 -0.46 1.73
v -0.95 -0.46 1.73
v -0.55 -0.46 1.73
v -2.8 -2.95 1.93
v -2.8 -2.95 1.83
v -2.5 -2.95 1.83
v -2.5 -2.95 1.93
v 2.5 -0.46 1.83
v 2.45 -0.46 1.73
v 2.8 -0.46 1.83
v 2.85 -0.46 1.73
v 3.137868 -1.972132 1.93
v 3.090192 -1.91 1.93
v 2.85 -3.0 1.93
v 3.35 -2.5 1.93
v 3.35 -2.06 1.93
v 3.135714 -3.0 1.93
v 3.272354 -2.049778 1.93
v 3.2 -2.019808 1.93
v 3.05 -1.76 1.93
v 3.060222 -1.837646 1.93
v 1.4 -3.0 1.93
v 2.45 -3.0 1.93
v 1.0 -3.0 1.93
v 0.95 -3.0 1.93
v 0.5 -3.0 1.93
v 0.55 -3.0 1.93
v 3.475 3.299432 2.86
v 3.656173 3.383875 2.836148
v 3.258016 3.198298 2.86
v 1.907428 3.104682 2.86
v 2.835561 3.104682 2.86
v 3.051913 3.128367 2.86
v 0.49432 3.104682 2.435456
v 0.427915 3.104682 2.656489
v 2.8 -2.95 1.93
v 2.8 -2.95 1.83
v 2.5 -2.95 1.83
v 2.5 -2.95 1.93
v 0.9 -2.8 1.93
v 0.6 -2.8 1.93
v 0.9 -2.8 1.83
v 0.6 -2.8 1.83
v 1.35 -2.95 1.93
v 1.05 -2.95 1.93
v 1.35 -2.95 1.83
v 1.05 -2.95 1.83
v 0.45 -2.8 1.93
v 0.15 -2.8 1.93
v 0.45 -2.8 1.83
v 0.15 -2.8 1.83
v -2.5 -2.95 1.33
v -2.8 -2.95 1.33
v -2.5 -2.95 1.23
v -2.8 -2.95 1.23
v -1.05 -2.95 1.33
v -1.35 -2.95 1.33
v -1.05 -2.95 1.23
v -1.35 -2.95 1.23
v -0.6 -2.95 1.33
v -0.9 -2.95 1.33
v -0.6 -2.95 1.23
v -0.9 -2.95 1.23
v -0.15 -2.95 1.33
v -0.45 -2.95 1.33
v -0.15 -2.95 1.23
v -0.45 -2.95 1.23
v 0.45 -2.95 1.23
v 0.45 -2.95 1.33
v 0.15 -2.95 1.23
v 0.15 -2.95 1.33
v 0.6 -2.95 1.33
v 0.6 -2.95 1.23
v 0.9 -2.95 1.33
v 0.9 -2.95 1.23
v 1.05 -2.95 1.33
v 1.05 -2.95 1.23
v 1.35 -2.95 1.33
v 1.35 -2.95 1.23
v 2.5 -2.95 1.33
v 2.5 -2.95 1.23
v 2.8 -2.95 1.33
v 2.8 -2.95 1.23
v -1.35 -2.95 1.83
v -1.35 -0.46 1.83
v -1.05 -2.95 1.83
v -1.05 -0.46 1.83
v -1.05 -0.46 1.93
v -1.35 -0.46 1.93
v -1.05 -2.95 1.93
v -1.35 -2.95 1.93
v -0.9 -2.8 1.83
v -0.9 -0.46 1.83
v -0.6 -2.8 1.83
v -0.6 -0.46 1.83
v -0.6 -0.46 1.93
v -0.9 -0.46 1.93
v -0.6 -2.8 1.93
v -0.9 -2.8 1.93
v 3.05 2.7 0.0
v 3.05 2.79 0.0
v 2.45 2.7 0.0
v 2.45 2.79 0.0
v 3.05 2.79 -0.01
v 2.45 2.79 -0.01
v 3.05 3.4 -0.01
v 2.45 3.4 -0.01
v 3.05 3.4 -0.1
v 2.45 3.4 -0.1
v 3.05 2.75 -0.1
v 2.45 2.75 -0.1
v 3.05 2.7 -0.05
v 2.45 2.7 -0.05
v 2.45 2.701704 -0.062941
v 3.05 2.701704 -0.062941
v 2.45 2.706699 -0.075
v 3.05 2.706699 -0.075
v 2.45 2.714645 -0.085355
v 3.05 2.714645 -0.085355
v 2.45 2.725 -0.093301
v 3.05 2.725 -0.093301
v 2.45 2.737059 -0.098296
v 3.05 2.737059 -0.098296
v 1.8 2.79 0.0
v 1.8 2.79 -0.01
v 1.24 2.79 0.0
v 1.24 2.79 -0.01
v 1.8 3.4 -0.01
v 1.24 3.4 -0.01
v 1.8 3.4 -0.1
v 1.24 3.4 -0.1
v 1.8 2.75 -0.1
v 1.24 2.75 -0.1
v 1.8 2.7 -0.05
v 1.24 2.7 -0.05
v 1.24 2.701704 -0.062941
v 1.8 2.701704 -0.062941
v 1.24 2.706699 -0.075
v 1.8 2.706699 -0.075
v 1.24 2.714645 -0.085355
v 1.8 2.714645 -0.085355
v 1.24 2.725 -0.093301
v 1.8 2.725 -0.093301
v 1.24 2.737059 -0.098296
v 1.8 2.737059 -0.098296
v 1.8 2.7 0.0
v 1.24 2.7 0.0
v 2.335666 -2.643379 3.16
v 2.479297 -2.643379 3.16
v 2.335666 -2.643379 2.86
newmtl 3
Ka 1.0 1.0 1.0
Kd 1.0 1.0 1.0
Ks 0.5019607843137255 0.5019607843137255 0.5019607843137255
d 0.0
endmtl
v 2.479297 -2.643379 2.86
v -2.335666 -2.643379 2.86
v -2.335666 -2.214396 2.86
v -1.535666 -2.214396 2.86
v 1.535666 -2.214396 2.86
v 2.335666 -2.214396 2.86
v 1.535666 -2.643379 2.86
v -2.771776 -2.410135 2.86
v -2.749588 -2.473544 2.86
v -3.475 -3.35 2.86
v -2.713847 -2.530426 2.86
v -2.666344 -2.577928 2.86
v -1.535666 -2.643379 2.86
v -2.479297 -2.643379 2.86
v -1.633363 3.4 2.86
v -1.633363 2.8 2.86
v -2.4 2.8 2.86
v -2.771776 -0.701928 2.86
v -2.779297 -0.768684 2.86
v -2.470711 2.529289 2.86
v -2.609462 -2.613669 2.86
v -2.546054 -2.635857 2.86
v -3.475 3.4 2.86
v -2.425882 2.796593 2.86
v -2.45 2.786602 2.86
v -2.470711 2.770711 2.86
v -1.261869 -2.613669 2.86
v 1.099556 -2.410135 2.86
v 1.121744 -2.473544 2.86
v 1.204987 -2.577928 2.86
v 1.261869 -2.613669 2.86
v 1.325278 -2.635857 2.86
v 1.392034 -2.643379 2.86
v -2.486603 2.75 2.86
v -2.496593 2.725882 2.86
v -2.5 2.7 2.86
v -2.779297 -2.343379 2.86
v -1.392034 -2.643379 2.86
v -1.325278 -2.635857 2.86
v 1.157485 -2.530426 2.86
v -2.5 2.6 2.86
v -2.496593 2.574118 2.86
v -2.486603 2.55 2.86
v -1.204987 -2.577928 2.86
v -1.157485 -2.530426 2.86
v -1.121744 -2.473544 2.86
v 2.425882 2.503407 2.86
v 2.45 2.513397 2.86
v 3.475 -3.35 2.86
v 2.470711 2.529289 2.86
v 3.475 3.4 2.86
v 2.486603 2.55 2.86
v 2.496593 2.574118 2.86
v -2.425882 2.503407 2.86
v -2.4 2.5 2.86
v 2.609462 -0.498394 2.86
v 2.4 2.5 2.86
v 2.666344 -0.534135 2.86
v 2.771776 -0.701928 2.86
v 2.749588 -0.638519 2.86
v 2.713847 -0.581637 2.86
v 2.546054 -2.635857 2.86
v 2.609462 -2.613669 2.86
v 2.666344 -2.577928 2.86
v 2.771776 -2.410135 2.86
v 2.779297 -2.343379 2.86
v -2.45 2.513397 2.86
v 2.546054 -0.476206 2.86
v 2.479297 -0.468684 2.86
v 1.392034 -0.468684 2.86
v 1.325278 -0.476206 2.86
v 1.261869 -0.498394 2.86
v 1.204987 -0.534135 2.86
v 1.157485 -0.581637 2.86
v 2.713847 -2.530426 2.86
v 2.749588 -2.473544 2.86
v 2.5 2.6 2.86
v 2.5 2.7 2.86
v 2.497493 2.722252 2.86
v 2.490097 2.743388 2.86
v 2.478183 2.762349 2.86
v 2.462349 2.778183 2.86
v -1.092034 -2.343379 2.86
v -1.092034 -0.768684 2.86
v 1.092034 -0.768684 2.86
v -1.204987 -0.534135 2.86
v -1.261869 -0.498394 2.86
v -1.325278 -0.476206 2.86
v -2.546054 -0.476206 2.86
v -2.609462 -0.498394 2.86
v -2.666344 -0.534135 2.86
v 2.443388 2.790097 2.86
v 2.422252 2.797493 2.86
v 1.633363 3.4 2.86
v 2.4 2.8 2.86
v 1.633363 2.8 2.86
v -1.099556 -2.410135 2.86
v 1.092034 -2.343379 2.86
v 1.121744 -0.638519 2.86
v 1.099556 -0.701928 2.86
v -2.713847 -0.581637 2.86
v -2.749588 -0.638519 2.86
v 2.779297 -0.768684 2.86
v -1.099556 -0.701928 2.86
v -1.121744 -0.638519 2.86
v -1.157485 -0.581637 2.86
v -1.392034 -0.468684 2.86
v -2.479297 -0.468684 2.86
v 2.771776 -2.410135 3.16
v 2.749588 -2.473544 3.16
v 3.475 -3.35 3.16
v 2.779297 -2.343379 3.16
v 1.099556 -0.701928 3.16
v 1.121744 -0.638519 3.16
v -1.092034 -0.768684 3.16
v 3.475 3.4 3.16
v 2.470711 1.620711 3.16
v 2.486603 1.6 3.16
v -2.486603 1.2 3.16
v -2.496593 1.224118 3.16
v -3.475 -3.35 3.16
v -2.45 2.786602 3.16
v -3.475 3.4 3.16
v -2.470711 2.770711 3.16
v -2.486603 2.75 3.16
v -1.589272 2.8 3.16
v -1.589272 3.4 3.16
v -2.4 2.8 3.16
v -2.425882 2.796593 3.16
v 2.779297 -0.768684 3.16
v 2.771776 -0.701928 3.16
v -2.45 2.513397 3.16
v -2.486603 1.6 3.16
v -2.470711 1.620711 3.16
v 1.325278 -2.635857 3.16
v -1.157485 -2.530426 3.16
v -1.204987 -2.577928 3.16
v -1.261869 -2.613669 3.16
v -1.325278 -2.635857 3.16
v -1.392034 -2.643379 3.16
v -1.535666 -2.643379 3.16
v -2.425882 1.153407 3.16
v -2.45 1.163397 3.16
v -2.470711 1.179289 3.16
v -2.470711 2.529289 3.16
v -2.486603 2.55 3.16
v -2.496593 2.574118 3.16
v -2.5 2.6 3.16
v 2.713847 -2.530426 3.16
v 2.666344 -2.577928 3.16
v 2.609462 -2.613669 3.16
v 1.5 1.55 3.16
v 1.503407 1.575882 3.16
v -1.5 1.55 3.16
v 1.513397 1.6 3.16
v 1.529289 1.620711 3.16
v 1.55 1.636603 3.16
v -2.5 1.25 3.16
v -2.5 1.55 3.16
v -2.496593 1.575882 3.16
v 2.422252 2.797493 3.16
v 2.443388 2.790097 3.16
v 2.462349 2.778183 3.16
v 2.478183 2.762349 3.16
v 2.5 2.7 3.16
v 2.5 2.6 3.16
v -2.5 2.7 3.16
v -2.496593 2.725882 3.16
v 2.546054 -2.635857 3.16
v 1.261869 -2.613669 3.16
v 1.204987 -2.577928 3.16
v 1.157485 -2.530426 3.16
v 1.121744 -2.473544 3.16
v 1.099556 -2.410135 3.16
v -1.121744 -2.473544 3.16
v -1.099556 -2.410135 3.16
v -2.479297 -2.643379 3.16
v -2.546054 -2.635857 3.16
v 2.486603 2.55 3.16
v 2.470711 2.529289 3.16
v 2.425882 1.646593 3.16
v 2.45 2.513397 3.16
v 2.425882 2.503407 3.16
v 2.490097 2.743388 3.16
v 2.497493 2.722252 3.16
v 2.45 1.636603 3.16
v 2.496593 2.574118 3.16
v 2.609462 -0.498394 3.16
v 2.666344 -0.534135 3.16
v 2.33222 -2.214396 3.16
v 1.539111 -2.214396 3.16
v 2.335666 -2.238989 3.16
v 1.535666 -2.238989 3.16
v 1.535666 -2.643379 3.16
v 1.392034 -2.643379 3.16
v 2.45 1.163397 3.16
v 2.479297 -0.468684 3.16
v 2.470711 1.179289 3.16
v 2.486603 1.2 3.16
v -2.335666 -2.643379 3.16
v -2.45 1.636603 3.16
v -2.425882 1.646593 3.16
v -2.425882 2.503407 3.16
v -2.4 1.65 3.16
v -2.4 2.5 3.16
v 2.4 2.5 3.16
v 2.713847 -0.581637 3.16
v 2.749588 -0.638519 3.16
v 1.513397 1.2 3.16
v 1.503407 1.224118 3.16
v -1.503407 1.224118 3.16
v 1.5 1.25 3.16
v 1.529289 1.179289 3.16
v -1.513397 1.2 3.16
v -1.529289 1.179289 3.16
v -1.539111 -2.214396 3.16
v -2.33222 -2.214396 3.16
v -1.535666 -2.238989 3.16
v -2.335666 -2.238989 3.16
v -2.609462 -2.613669 3.16
v -2.666344 -2.577928 3.16
v -2.713847 -2.530426 3.16
v -1.6 1.65 3.16
v -1.574118 1.646593 3.16
v -1.55 1.636603 3.16
v -1.529289 1.620711 3.16
v -1.513397 1.6 3.16
v -1.503407 1.575882 3.16
v 2.4 2.8 3.16
v 1.589272 3.4 3.16
v 1.589272 2.8 3.16
v 2.496593 1.575882 3.16
v 2.5 1.55 3.16
v 2.5 1.25 3.16
v -1.092034 -2.343379 3.16
v 1.092034 -2.343379 3.16
v 1.092034 -0.768684 3.16
v -2.713847 -0.581637 3.16
v -2.666344 -0.534135 3.16
v 1.574118 1.646593 3.16
v 1.6 1.65 3.16
v 2.4 1.65 3.16
v 2.546054 -0.476206 3.16
v 2.496593 1.224118 3.16
v -1.099556 -0.701928 3.16
v 1.55 1.163397 3.16
v 1.574118 1.153407 3.16
v 1.157485 -0.581637 3.16
v 1.204987 -0.534135 3.16
v -1.5 1.25 3.16
v -1.157485 -0.581637 3.16
v -1.574118 1.153407 3.16
v -1.204987 -0.534135 3.16
v -1.261869 -0.498394 3.16
v -1.55 1.163397 3.16
v -1.121744 -0.638519 3.16
v -2.749588 -2.473544 3.16
v -2.771776 -2.410135 3.16
v -2.779297 -2.343379 3.16
v -2.779297 -0.768684 3.16
v -2.771776 -0.701928 3.16
v -2.749588 -0.638519 3.16
v 1.261869 -0.498394 3.16
v 1.325278 -0.476206 3.16
v 1.6 1.15 3.16
v 1.392034 -0.468684 3.16
v 2.4 1.15 3.16
v 2.425882 1.153407 3.16
v -2.609462 -0.498394 3.16
v -2.546054 -0.476206 3.16
v -2.4 1.15 3.16
v -2.479297 -0.468684 3.16
v -1.6 1.15 3.16
v -1.392034 -0.468684 3.16
v -1.325278 -0.476206 3.16
v 4.475 2.064547 2.16
v 4.475 2.052356 2.16
v 4.475 2.052356 2.15013
v 4.475 2.038865 1.714003
v 4.475 1.966134 1.714003
v 4.475 1.966134 1.645587
v 4.475 2.067667 1.988688
v 4.475 2.064547 1.996723
v 4.475 2.064547 1.883692
v 4.475 2.130245 2.148303
v 4.475 2.145346 2.15013
v 4.475 2.064547 2.15013
v 4.475 2.284409 1.621004
v 4.475 2.281248 1.620685
v 4.475 2.329607 1.620685
v 4.475 2.503117 1.6224
v 4.475 2.503117 1.798379
v 4.475 2.489392 1.798379
v 4.475 1.966134 2.148414
v 4.475 1.966134 1.968224
v 4.475 2.047131 1.968224
v 4.475 1.247718 1.790762
v 4.475 1.273007 1.76774
v 4.475 1.33166 1.798379
v 4.475 0.004807 1.843585
v 4.475 0.018523 1.883692
v 4.475 -1.218523 1.883692
v 4.475 2.206815 1.311764
v 4.475 2.2163 1.334662
v 4.475 2.2163 1.620685
v 4.475 2.372283 1.581819
v 4.475 2.377028 1.587121
v 4.475 2.37702 1.620685
v 4.475 2.6 1.26
v 4.475 2.6 0.28
v 4.475 2.631709 0.28
v 4.475 2.573205 1.36
v 4.475 2.593185 1.311764
v 4.475 2.631709 1.620685
v 4.475 2.567452 1.367498
v 4.475 2.5 1.433205
v 4.475 2.541421 1.401421
v 4.475 2.567452 1.620685
v 4.475 2.387156 1.565215
v 4.475 2.378259 1.558997
v 4.475 2.4 1.46
v 4.475 2.37702 1.456975
v 4.475 2.475667 1.767655
v 4.475 2.41772 1.620685
v 4.475 2.489392 1.620685
v 4.475 2.409747 1.600461
v 4.475 2.398215 1.578003
v 4.475 2.489392 1.437599
v 4.475 2.451764 1.453185
v 4.475 2.388893 1.566808
v 4.475 2.341486 1.556064
v 4.475 2.341486 1.578731
v 4.475 2.352291 1.554186
v 4.475 2.348236 1.453185
v 4.475 2.329607 1.445469
v 4.475 2.346698 1.577023
v 4.475 2.355939 1.575819
v 4.475 2.37702 1.558525
v 4.475 2.368206 1.555168
v 4.475 2.357915 1.553984
v 4.475 2.362158 1.576529
v 4.475 2.367726 1.578645
v 4.475 2.226795 1.36
v 4.475 2.258579 1.401421
v 4.475 2.3 1.433205
v 4.475 2.2 1.26
v 4.475 2.19904 1.620685
v 4.475 2.133582 1.620685
v 4.475 2.132894 1.620435
v 4.475 2.19904 1.0
v 4.475 2.064547 1.0
v 4.475 2.052356 1.0
v 4.475 2.064547 1.620685
v 4.475 2.048197 1.620685
v 4.475 2.048197 1.0
v 4.475 2.052356 1.620685
v 4.475 1.124878 1.531678
v 4.475 1.091512 1.545687
v 4.475 0.3 1.0
v 4.475 1.23183 1.54297
v 4.475 1.260628 1.563017
v 4.475 1.282769 1.587835
v 4.475 1.199582 1.530577
v 4.475 1.164558 1.52626
v 4.475 1.15902 1.526362
v 4.475 0.95665 1.655508
v 4.475 0.91151 1.693994
v 4.475 0.3 1.620685
v 4.475 1.008911 1.630056
v 4.475 1.063221 1.566999
v 4.475 1.041708 1.593533
v 4.475 1.029014 1.620685
v 4.475 1.027189 1.624587
v 4.475 0.878493 1.741134
v 4.475 0.857776 1.794966
v 4.475 0.3 1.798379
v 4.475 0.857354 1.798379
v 4.475 0.3 1.8
v 4.475 0.850779 1.851607
v 4.475 0.295193 1.843585
v 4.475 0.851187 1.865481
v 4.475 0.854441 1.883692
v 4.475 -1.458114 1.922475
v 4.475 -1.427624 1.953988
v 4.475 -3.35 2.15013
v 4.475 -1.390999 1.978099
v 4.475 -1.35 1.993649
v 4.475 -3.35 1.883692
v 4.475 -1.481477 1.883692
v 4.475 -1.481004 1.885074
v 4.475 1.101658 2.084953
v 4.475 1.118286 2.082965
v 4.475 1.147929 2.117488
v 4.475 -1.309001 1.978099
v 4.475 1.187291 2.15013
v 4.475 -1.272376 1.953988
v 4.475 -1.241886 1.922475
v 4.475 0.15 1.993649
v 4.475 0.883973 1.971883
v 4.475 0.91874 2.01645
v 4.475 1.085029 2.085857
v 4.475 1.18191 2.146588
v 4.475 0.072376 1.953988
v 4.475 0.109001 1.978099
v 4.475 1.028063 2.078819
v 4.475 0.928504 2.025691
v 4.475 0.974498 2.058022
v 4.475 -1.218996 1.885074
v 4.475 0.018996 1.885074
v 4.475 0.041886 1.922475
v 4.475 0.860897 1.919826
v 4.475 0.190999 1.978099
v 4.475 0.227624 1.953988
v 4.475 0.258114 1.922475
v 4.475 0.281004 1.885074
v 4.475 0.281477 1.883692
v 4.475 -1.204807 1.843585
v 4.475 -1.2 1.8
v 4.475 0.0 1.8
v 4.475 0.0 1.798379
v 4.475 -1.2 1.798379
v 4.475 -1.2 1.620685
v 4.475 0.0 1.620685
v 4.475 -1.2 0.28
v 4.475 0.0 0.28
v 4.475 -1.5 1.798379
v 4.475 -1.5 1.8
v 4.475 -1.495193 1.843585
v 4.475 -3.35 1.798379
v 4.475 -3.35 1.620685
v 4.475 -1.5 1.620685
v 4.475 -3.35 1.0
v 4.475 -1.5 1.0
v 4.475 1.202292 2.16
v 4.475 -3.35 2.16
v 4.475 2.048197 1.6224
v 4.475 1.93988 1.6224
v 4.475 1.484684 1.705989
v 4.475 1.494606 1.709908
v 4.475 1.511595 1.792322
v 4.475 1.475792 1.699687
v 4.475 1.505811 1.711346
v 4.475 1.507218 1.711244
v 4.475 1.511556 1.710284
v 4.475 1.766686 1.772536
v 4.475 1.748524 1.726757
v 4.475 1.719817 1.686764
v 4.475 1.680478 1.653463
v 4.475 1.654305 1.746193
v 4.475 1.670219 1.768744
v 4.475 1.514487 1.7099
v 4.475 1.579556 1.7099
v 4.475 1.605561 1.714888
v 4.475 1.631069 1.726721
v 4.475 1.652441 1.74419
v 4.475 1.460985 1.666521
v 4.475 1.461353 1.672227
v 4.475 1.309157 1.685319
v 4.475 1.464256 1.683233
v 4.475 1.469817 1.693098
v 4.475 1.502919 1.621695
v 4.475 1.494773 1.623008
v 4.475 1.30004 1.620685
v 4.475 1.588232 1.621695
v 4.475 1.485208 1.626773
v 4.475 1.47583 1.63344
v 4.475 1.472469 1.636861
v 4.475 1.466166 1.645945
v 4.475 1.462358 1.65575
v 4.475 1.308367 1.655744
v 4.475 1.309157 1.670859
v 4.475 1.636359 1.631871
v 4.475 1.29989 1.620052
v 4.475 1.68019 1.794513
v 4.475 1.680668 1.798379
v 4.475 1.508052 1.798379
v 4.475 1.683667 1.822687
v 4.475 1.098069 1.800419
v 4.475 1.130007 1.812643
v 4.475 0.945474 1.883692
v 4.475 1.682952 1.835429
v 4.475 1.676142 1.863197
v 4.475 1.466769 1.868959
v 4.475 1.164558 1.816903
v 4.475 1.665079 1.883692
v 4.475 0.953526 1.798379
v 4.475 1.095134 1.798379
v 4.475 0.943615 1.832147
v 4.475 0.941876 1.854499
v 4.475 1.182126 1.815863
v 4.475 1.217031 1.807202
v 4.475 1.2335 1.798379
v 4.475 0.954 1.796765
v 4.475 1.044604 1.752535
v 4.475 1.068507 1.779873
v 4.475 0.971187 1.767529
v 4.475 0.997108 1.74089
v 4.475 1.028635 1.721468
v 4.475 1.528107 2.022397
v 4.475 1.495478 2.06135
v 4.475 1.163112 1.977408
v 4.475 1.491894 2.064614
v 4.475 1.45127 2.092812
v 4.475 1.185207 2.023155
v 4.475 1.15288 1.983007
v 4.475 1.120459 1.994878
v 4.475 1.662681 1.888134
v 4.475 1.646063 1.906683
v 4.475 1.57088 1.935474
v 4.475 1.623639 1.922351
v 4.475 1.598404 1.932076
v 4.475 1.559312 1.935474
v 4.475 1.550436 1.975816
v 4.475 1.035668 1.989831
v 4.475 1.003451 1.97271
v 4.475 1.07136 1.998308
v 4.475 0.978633 1.950569
v 4.475 0.958586 1.921771
v 4.475 1.217641 2.061899
v 4.475 1.405927 2.11019
v 4.475 1.256394 2.090214
v 4.475 1.356874 2.116223
v 4.475 1.30363 2.109363
v 4.475 1.086475 1.999098
v 4.475 0.946193 1.889523
v 4.475 1.770008 1.798379
v 4.475 1.93988 1.798379
v 4.475 1.773319 1.824133
v 4.475 1.93988 1.825777
v 4.475 1.7667 1.871354
v 4.475 2.044636 1.802382
v 4.475 2.048197 1.798379
v 4.475 2.044636 1.825777
v 4.475 2.048197 1.883692
v 4.475 1.761761 1.883692
v 4.475 1.680284 1.989822
v 4.475 1.719505 1.956651
v 4.475 1.93988 2.148414
v 4.475 1.93988 1.945037
v 4.475 2.048197 2.15013
v 4.475 2.047131 1.945037
v 4.475 1.749021 1.915516
v 4.475 1.600253 2.071951
v 4.475 1.552083 2.127791
v 4.475 1.521366 2.15013
v 4.475 1.630166 2.013558
v 4.475 1.637252 2.011175
v 4.475 2.048197 2.16
v 4.475 1.507794 2.16
v 4.475 2.650918 1.825777
v 4.475 2.631709 1.883692
v 4.475 2.650918 1.798379
v 4.475 2.631709 1.798379
v 4.475 2.650918 1.6224
v 4.475 2.905243 1.825777
v 4.475 2.933317 1.825777
v 4.475 2.708937 1.825777
v 4.475 2.739992 1.822347
v 4.475 2.805648 1.773991
v 4.475 2.813148 1.75457
v 4.475 2.894808 1.798379
v 4.475 2.793078 1.791746
v 4.475 2.981769 1.6224
v 4.475 3.010779 1.6224
v 4.475 3.4 1.620685
v 4.475 2.943752 1.798379
v 4.475 3.4 1.798379
v 4.475 3.4 1.883692
v 4.475 2.764537 1.813381
v 4.475 2.785827 1.798847
v 4.475 2.786305 1.798379
v 4.475 2.800931 1.668864
v 4.475 2.785827 1.65089
v 4.475 2.827781 1.6224
v 4.475 2.764441 1.635583
v 4.475 2.741224 1.626559
v 4.475 2.8165 1.726688
v 4.475 2.815886 1.713701
v 4.475 2.810952 1.689895
v 4.475 2.706857 1.6224
v 4.475 2.856791 1.6224
v 4.475 2.876338 1.678027
v 4.475 2.961026 1.678027
v 4.475 2.612499 1.645587
v 4.475 2.612499 1.6224
v 4.475 2.529371 1.714003
v 4.475 2.529371 1.645587
v 4.475 2.567452 1.714003
v 4.475 2.567452 1.645587
v 4.475 2.602102 1.714003
v 4.475 2.529371 1.798379
v 4.475 2.529371 1.737294
v 4.475 2.567452 1.798379
v 4.475 2.567452 1.737294
v 4.475 2.602102 1.737294
v 4.475 2.529371 1.802382
v 4.475 2.567452 1.802382
v 4.475 2.607872 1.802382
v 4.475 2.607872 1.825777
v 4.475 2.567452 1.825777
v 4.475 2.567452 1.883692
v 4.475 2.503117 1.825777
v 4.475 2.489392 1.883692
v 4.475 2.264285 1.618969
v 4.475 2.249047 1.620685
v 4.475 2.241234 1.621564
v 4.475 2.224878 1.627495
v 4.475 2.224878 1.653801
v 4.475 2.2163 1.798379
v 4.475 2.298647 1.769545
v 4.475 2.316013 1.764535
v 4.475 2.329607 1.798379
v 4.475 2.316013 1.739789
v 4.475 2.314453 1.68593
v 4.475 2.319207 1.678912
v 4.475 2.318639 1.643603
v 4.475 2.313891 1.636884
v 4.475 2.321926 1.671402
v 4.475 2.322979 1.661911
v 4.475 2.321767 1.651676
v 4.475 2.23226 1.705477
v 4.475 2.228938 1.710786
v 4.475 2.226129 1.718565
v 4.475 2.225034 1.728456
v 4.475 2.226039 1.737564
v 4.475 2.229072 1.745766
v 4.475 2.233806 1.752651
v 4.475 2.241358 1.759441
v 4.475 2.306603 1.63051
v 4.475 2.298509 1.625775
v 4.475 2.24895 1.763972
v 4.475 2.262935 1.768961
v 4.475 2.281596 1.770982
v 4.475 2.250314 1.641752
v 4.475 2.263609 1.686242
v 4.475 2.234366 1.647889
v 4.475 2.248425 1.693202
v 4.475 2.236428 1.701119
v 4.475 2.279101 1.750291
v 4.475 2.27156 1.749725
v 4.475 2.251287 1.730743
v 4.475 2.264746 1.747921
v 4.475 2.259034 1.744884
v 4.475 2.25152 1.727355
v 4.475 2.25253 1.723397
v 4.475 2.254366 1.71996
v 4.475 2.26678 1.639764
v 4.475 2.267905 1.639771
v 4.475 2.280336 1.679236
v 4.475 2.280964 1.641235
v 4.475 2.296829 1.659416
v 4.475 2.29658 1.662585
v 4.475 2.25685 1.717226
v 4.475 2.265831 1.711612
v 4.475 2.296208 1.748298
v 4.475 2.281596 1.704749
v 4.475 2.310541 1.742945
v 4.475 2.29146 1.700758
v 4.475 2.308379 1.691349
v 4.475 2.287537 1.643641
v 4.475 2.28986 1.64505
v 4.475 2.292783 1.647645
v 4.475 2.25519 1.741487
v 4.475 2.253006 1.738245
v 4.475 2.251749 1.734806
v 4.475 2.295007 1.650933
v 4.475 2.296301 1.654556
v 4.475 2.295422 1.666562
v 4.475 2.293453 1.669939
v 4.475 2.290278 1.673244
v 4.475 2.631709 2.098935
v 4.475 2.650554 2.148414
v 4.475 2.631709 2.15013
v 4.475 2.678628 2.148414
v 4.475 2.706337 2.000664
v 4.475 2.631709 2.000664
v 4.475 2.727081 1.945037
v 4.475 2.75609 1.945037
v 4.475 3.4 2.15013
v 4.475 2.573093 1.945037
v 4.475 2.602102 1.945037
v 4.475 2.621649 2.000664
v 4.475 2.486535 1.949196
v 4.475 2.452169 1.945037
v 4.475 2.454248 2.148414
v 4.475 2.489392 2.15013
v 4.475 2.37702 2.15013
v 4.475 2.37702 1.883692
v 4.475 2.39623 1.945037
v 4.475 2.39623 2.148414
v 4.475 2.556264 2.012532
v 4.475 2.546242 1.991501
v 4.475 2.561197 2.036338
v 4.475 2.567452 2.15013
v 4.475 2.558459 2.077207
v 4.475 2.561811 2.049325
v 4.475 2.531138 1.973527
v 4.475 2.509752 1.958219
v 4.475 2.489392 1.950307
v 4.475 2.531138 2.121484
v 4.475 2.538389 2.114383
v 4.475 2.550959 2.096628
v 4.475 2.485303 2.144984
v 4.475 2.489392 2.143491
v 4.475 2.509848 2.136018
v 4.475 2.353184 2.148414
v 4.475 2.329607 2.15013
v 4.475 2.274682 2.12502
v 4.475 2.274682 2.059931
v 4.475 2.329607 2.12502
v 4.475 2.329607 2.059931
v 4.475 2.353184 2.12502
v 4.475 2.347413 2.059931
v 4.475 2.357811 1.968224
v 4.475 2.347413 2.03664
v 4.475 2.329607 1.968224
v 4.475 2.329607 2.03664
v 4.475 2.274682 1.968224
v 4.475 2.274682 2.03664
v 4.475 2.357811 1.945037
v 4.475 2.329607 1.883692
v 4.475 2.329607 1.945037
v 4.475 2.2163 1.883692
v 4.475 2.248428 1.945037
v 4.475 2.2163 2.15013
v 4.475 2.248428 2.148414
v 4.475 2.329607 2.148414
v 4.475 2.207721 1.978621
v 4.475 2.207721 1.953459
v 4.475 2.204252 1.951731
v 4.475 2.19904 2.119742
v 4.475 2.155214 1.965001
v 4.475 2.168235 1.965677
v 4.475 2.102905 2.103968
v 4.475 2.093097 2.089813
v 4.475 2.083262 2.036306
v 4.475 2.086615 2.016099
v 4.475 2.190686 1.970613
v 4.475 2.19904 1.97454
v 4.475 2.205457 2.1173
v 4.475 2.207721 2.116077
v 4.475 2.159789 2.128139
v 4.475 2.151055 2.127749
v 4.475 2.10437 2.105576
v 4.475 2.133481 2.124178
v 4.475 2.117573 2.116596
v 4.475 2.086309 2.072211
v 4.475 2.083003 2.044438
v 4.475 2.093275 1.999784
v 4.475 2.102966 1.98642
v 4.475 2.108166 1.981395
v 4.475 2.184828 2.125149
v 4.475 2.121779 1.972285
v 4.475 2.136591 1.967017
v 4.475 2.181363 2.15013
v 4.475 2.18616 2.149753
v 4.475 2.19904 2.15013
v 4.475 2.19904 2.146034
v 4.475 2.207721 2.143527
v 4.475 2.159529 2.151845
v 4.475 2.19904 2.16
v 4.475 2.06042 2.080051
v 4.475 2.064547 2.089702
v 4.475 2.07008 2.102641
v 4.475 2.084822 2.1219
v 4.475 2.089306 2.126209
v 4.475 2.108975 2.140077
v 4.475 2.055807 2.0535
v 4.475 2.055449 2.042878
v 4.475 2.052356 1.883692
v 4.475 2.059413 2.009948
v 4.475 2.136212 1.942509
v 4.475 2.114658 1.947568
v 4.475 2.095797 1.957163
v 4.475 2.19904 1.950021
v 4.475 2.182417 1.944569
v 4.475 2.19904 1.883692
v 4.475 2.151419 1.941606
v 4.475 2.081547 1.969368
v 4.475 2.079776 1.971304
v 4.475 2.049263 1.6224
v 4.475 2.049263 1.645587
v 4.475 2.052356 1.798379
v 4.475 2.048197 1.645587
v 4.475 1.966134 1.737294
v 4.475 1.966134 1.798379
v 4.475 1.966134 1.802382
v 4.475 2.038865 1.737294
v 4.475 2.087837 1.732719
v 4.475 2.087837 1.757465
v 4.475 2.064547 1.798379
v 4.475 2.2 1.0
v 4.475 2.164884 1.6224
v 4.475 2.143214 1.624177
v 4.475 2.152079 1.630058
v 4.475 2.077988 1.641107
v 4.475 2.074903 1.649721
v 4.475 2.119706 1.618969
v 4.475 2.104933 1.620685
v 4.475 2.104467 1.620739
v 4.475 2.094701 1.624421
v 4.475 2.083934 1.691646
v 4.475 2.091747 1.698412
v 4.475 2.102613 1.70397
v 4.475 2.10361 1.742909
v 4.475 2.121838 1.7087
v 4.475 2.144088 1.749387
v 4.475 2.135458 1.750291
v 4.475 2.119513 1.748544
v 4.475 2.086122 1.630406
v 4.475 2.083283 1.633283
v 4.475 2.172257 1.761603
v 4.475 2.179076 1.755142
v 4.475 2.19904 1.798379
v 4.475 2.184308 1.746958
v 4.475 2.164884 1.644859
v 4.475 2.164208 1.644859
v 4.475 2.160137 1.638682
v 4.475 2.093201 1.760567
v 4.475 2.112163 1.767883
v 4.475 2.13785 1.770982
v 4.475 2.15297 1.769641
v 4.475 2.163764 1.76641
v 4.475 2.073645 1.661287
v 4.475 2.073717 1.664381
v 4.475 2.075343 1.675372
v 4.475 2.07884 1.684353
v 4.475 2.164884 1.714731
v 4.475 2.163997 1.725995
v 4.475 2.161364 1.735065
v 4.475 2.15837 1.740311
v 4.475 2.188323 1.735453
v 4.475 2.190358 1.715875
v 4.475 2.190358 1.6224
v 4.475 2.154519 1.744408
v 4.475 2.149997 1.747323
v 4.475 2.449258 1.767655
v 4.475 2.567452 1.6224
v 4.475 2.402676 1.65848
v 4.475 2.405796 1.646523
v 4.475 2.406471 1.646523
v 4.475 2.37702 1.798379
v 4.475 2.37702 1.732285
v 4.475 2.409591 1.658272
v 4.475 2.407641 1.651501
v 4.475 2.37702 1.663907
v 4.475 2.336236 1.767655
v 4.475 2.364725 1.767655
v 4.475 2.393214 1.622712
v 4.475 2.392356 1.620685
v 4.475 2.382037 1.596303
v 4.475 2.2163 2.16
v 4.475 2.329607 2.16
v 4.475 2.37702 2.16
v 4.475 2.489392 2.16
v 4.475 2.567452 2.16
v 4.475 2.631709 2.16
v 4.475 3.4 2.16
v 4.475 3.4 0.28
v -4.475 2.2 1.26
v -4.475 2.2 1.0
v -4.475 0.3 1.0
v -4.475 -3.35 2.16
v -4.475 3.4 2.16
v -4.475 0.15 1.993649
v -4.475 -1.427624 1.953988
v -4.475 -1.458114 1.922475
v -4.475 -1.481004 1.885074
v -4.475 3.4 0.28
v -4.475 2.6 0.28
v -4.475 2.6 1.26
v -4.475 2.593185 1.311764
v -4.475 -1.5 1.0
v -4.475 -3.35 1.0
v -4.475 -1.5 1.8
v -4.475 -1.495193 1.843585
v -4.475 2.206815 1.311764
v -4.475 -1.241886 1.922475
v -4.475 -1.272376 1.953988
v -4.475 2.573205 1.36
v -4.475 2.541421 1.401421
v -4.475 2.5 1.433205
v -4.475 2.3 1.433205
v -4.475 2.258579 1.401421
v -4.475 2.226795 1.36
v -4.475 -1.309001 1.978099
v -4.475 -1.35 1.993649
v -4.475 -1.390999 1.978099
v -4.475 0.109001 1.978099
v -4.475 0.072376 1.953988
v -4.475 -1.204807 1.843585
v -4.475 0.041886 1.922475
v -4.475 0.018996 1.885074
v -4.475 -1.218996 1.885074
v -4.475 0.3 1.8
v -4.475 0.295193 1.843585
v -4.475 0.281004 1.885074
v -4.475 0.258114 1.922475
v -4.475 0.227624 1.953988
v -4.475 0.190999 1.978099
v -4.475 -0.0 1.8
v -4.475 -0.0 0.28
v -4.475 -1.2 0.28
v -4.475 2.451764 1.453185
v -4.475 2.4 1.46
v -4.475 2.348236 1.453185
v -4.475 0.004807 1.843585
v -4.475 -1.2 1.8
v -4.175 0.15 1.993649
v -4.175 -3.35 2.16
v -4.175 -3.35 1.0
v -4.175 -1.5 1.0
v -4.175 -1.5 1.8
v -4.175 -1.495193 1.843585
v -4.175 0.018996 1.885074
v -4.175 0.041886 1.922475
v -4.175 -1.204807 1.843585
v -4.175 2.206815 1.311764
v -4.175 0.3 1.8
v -4.175 2.2 1.26
v -4.175 0.3 1.0
v -4.175 2.2 1.0
v -4.175 2.258579 1.401421
v -4.175 2.3 1.433205
v -4.175 2.348236 1.453185
v -4.175 2.4 1.46
v -4.175 2.451764 1.453185
v -4.175 2.6 0.28
v -4.175 3.4 0.28
v -4.175 2.6 1.26
v -4.175 2.593185 1.311764
v -4.175 2.573205 1.36
v -4.175 -1.481004 1.885074
v -4.175 -1.458114 1.922475
v -4.175 -1.427624 1.953988
v -4.175 -1.390999 1.978099
v -4.175 -1.35 1.993649
v -4.175 -1.309001 1.978099
v -4.175 -1.272376 1.953988
v -4.175 2.226795 1.36
v -4.175 0.190999 1.978099
v -4.175 0.227624 1.953988
v -4.175 0.258114 1.922475
v -4.175 0.281004 1.885074
v -4.175 0.295193 1.843585
v -4.175 2.5 1.433205
v -4.175 2.541421 1.401421
v -4.175 -1.241886 1.922475
v -4.175 -1.218996 1.885074
v -4.175 0.072376 1.953988
v -4.175 0.109001 1.978099
v -4.175 -1.2 0.28
v -4.175 -0.0 0.28
v -4.175 -1.2 1.8
v -4.175 -0.0 1.8
v -4.175 0.004807 1.843585
v -4.175 2.2 0.285857
v -4.175 2.24 0.285857
v -4.09849 2.24 0.218169
v -4.256832 2.2 0.37651
v -4.09849 0.3 0.218169
v -4.256832 0.3 0.37651
v -4.375969 0.3 0.566116
v -4.375969 2.2 0.566116
v -4.449928 0.3 0.777479
v -4.449928 2.2 0.777479
v -3.908884 2.24 0.099031
v -3.908884 0.3 0.099031
v -3.697521 2.24 0.025072
v -3.697521 0.3 0.025072
v -3.475 2.24 0.0
v -3.475 0.3 0.0
v -5.62 3.4 -0.02
v -5.62 3.4 0.28
v -4.475 3.4 -0.02
v -4.408244 3.4 -0.012478
v -4.344835 3.4 0.009709
v -4.182522 3.4 0.213244
v -4.20471 3.4 0.149835
v -4.24045 3.4 0.092953
v -4.287953 3.4 0.045451
v -0.475 3.4 2.847314
v -0.561318 3.4 2.56
v -1.445408 3.4 3.138856
v -1.489499 3.4 2.838856
v -1.516567 3.4 3.154686
v -1.560658 3.4 2.854686
v -3.697521 3.4 3.134928
v -3.630764 3.4 2.84245
v -3.908884 3.4 3.060969
v -3.778719 3.4 2.790678
v -4.09849 3.4 2.941832
v -3.911443 3.4 2.707282
v -4.256832 3.4 2.78349
v -4.022282 3.4 2.596443
v -4.375969 3.4 2.593884
v -4.105678 3.4 2.463719
v -4.449928 3.4 2.382521
v -4.15745 3.4 2.315765
v -3.697521 -3.35 3.134928
v -3.908884 -3.35 3.060969
v -4.09849 -3.35 2.941832
v -4.256832 -3.35 2.78349
v -4.375969 -3.35 2.593884
v -4.449928 -3.35 2.382521
v -3.475 -1.5 0.0
v -3.475 -3.35 0.0
v -3.697521 -3.35 0.025072
v -3.697521 -1.5 0.025072
v -3.908884 -3.35 0.099031
v -3.908884 -1.5 0.099031
v -4.09849 -3.35 0.218169
v -4.09849 -1.5 0.218169
v -4.256832 -3.35 0.37651
v -4.256832 -1.5 0.37651
v -4.375969 -3.35 0.566116
v -4.375969 -1.5 0.566116
v -4.449928 -3.35 0.777479
v -4.449928 -1.5 0.777479
v -4.15745 -1.5 0.844235
v -4.15745 -3.35 0.844235
v -4.105678 -1.5 0.696281
v -4.105678 -3.35 0.696281
v -4.022282 -1.5 0.563557
v -4.022282 -3.35 0.563557
v -3.911443 -1.5 0.452718
v -3.911443 -3.35 0.452718
v -3.778719 -1.5 0.369322
v -3.778719 -3.35 0.369322
v -3.630764 -1.5 0.31755
v -3.630764 -3.35 0.31755
v -3.475 -1.5 0.3
v -3.475 -3.35 0.3
v -3.475 -3.4 0.25
v -3.475 -3.4 0.05
v 3.475 -3.4 0.25
v 3.475 -3.4 0.05
v 3.641891 -3.4 0.268804
v 3.686395 -3.4 0.073818
v 3.800413 -3.4 0.324273
v 3.88719 -3.4 0.14408
v 3.942617 -3.4 0.413626
v 4.067315 -3.4 0.25726
v 4.061373 -3.4 0.532383
v 4.21774 -3.4 0.407685
v 4.150727 -3.4 0.674587
v 4.330921 -3.4 0.58781
v 4.206196 -3.4 0.833109
v 4.401181 -3.4 0.788605
v 4.225 -3.4 1.0
v 4.425 -3.4 1.0
v 4.225 -3.4 2.16
v 4.425 -3.4 2.16
v 4.206196 -3.4 2.326891
v 4.401181 -3.4 2.371395
v 4.150727 -3.4 2.485413
v 4.330921 -3.4 2.57219
v 4.061373 -3.4 2.627617
v 4.21774 -3.4 2.752315
v 3.942617 -3.4 2.746374
v 4.067315 -3.4 2.90274
v 3.800413 -3.4 2.835726
v 3.88719 -3.4 3.015921
v 3.641891 -3.4 2.891196
v 3.686395 -3.4 3.086182
v 3.475 -3.4 2.91
v 3.475 -3.4 3.11
v -3.475 -3.4 2.91
v -3.475 -3.4 3.11
v -3.641891 -3.4 2.891196
v -3.686395 -3.4 3.086182
v -3.800413 -3.4 2.835726
v -3.88719 -3.4 3.015921
v -3.942617 -3.4 2.746374
v -4.067315 -3.4 2.90274
v -4.061373 -3.4 2.627617
v -4.21774 -3.4 2.752315
v -4.150727 -3.4 2.485413
v -4.330921 -3.4 2.57219
v -4.206196 -3.4 2.326891
v -4.401181 -3.4 2.371395
v -4.225 -3.4 2.16
v -4.425 -3.4 2.16
v -4.225 -3.4 1.0
v -4.425 -3.4 1.0
v -4.206196 -3.4 0.833109
v -4.401181 -3.4 0.788605
v -4.150727 -3.4 0.674587
v -4.330921 -3.4 0.58781
v -4.061373 -3.4 0.532383
v -4.21774 -3.4 0.407685
v -3.942617 -3.4 0.413626
v -4.067315 -3.4 0.25726
v -3.800413 -3.4 0.324273
v -3.88719 -3.4 0.14408
v -3.641891 -3.4 0.268804
v -3.686395 -3.4 0.073818
v -2.4 1.65 0.0
v -2.425882 1.646593 0.0
v -1.55 1.163397 0.0
v 1.513397 1.6 0.0
v 1.503407 1.575882 0.0
v -2.45 1.636603 0.0
v -2.470711 1.620711 0.0
v -2.486603 1.6 0.0
v -2.496593 1.575882 0.0
v -2.5 1.55 0.0
v -2.5 1.25 0.0
v -2.496593 1.224118 0.0
v -1.725 0.233013 0.0
v -2.45 1.163397 0.0
v -1.621447 0.153553 0.0
v -2.425882 1.153407 0.0
v -1.975 -1.5 0.0
v 1.621447 -1.353553 0.0
v 1.541987 -1.25 0.0
v 1.492037 -1.12941 0.0
v 1.725 -1.433013 0.0
v 1.84559 -1.482963 0.0
v 3.475 -3.35 0.0
v 1.975 -1.5 0.0
v 3.475 -1.5 0.0
v 2.496593 1.575882 0.0
v 2.486603 1.6 0.0
v 3.475 2.24 0.0
v 2.470711 1.620711 0.0
v -1.574118 1.153407 0.0
v 1.5 1.55 0.0
v 1.5 1.25 0.0
v -1.503407 1.575882 0.0
v -1.513397 1.6 0.0
v -1.529289 1.620711 0.0
v -1.6 1.65 0.0
v -1.574118 1.646593 0.0
v -2.486603 1.2 0.0
v -2.470711 1.179289 0.0
v -1.975 0.3 0.0
v -1.84559 0.282963 0.0
v 1.492037 -0.07059 0.0
v 1.475 -0.2 0.0
v 1.475 -1.0 0.0
v -1.529289 1.179289 0.0
v -1.513397 1.2 0.0
v -1.503407 1.224118 0.0
v -1.55 1.636603 0.0
v 1.529289 1.620711 0.0
v -1.84559 -1.482963 0.0
v -1.725 -1.433013 0.0
v -1.621447 -1.353553 0.0
v 2.425882 1.153407 0.0
v 2.45 1.163397 0.0
v 3.475 0.3 0.0
v 2.470711 1.179289 0.0
v 2.486603 1.2 0.0
v 2.496593 1.224118 0.0
v 2.5 1.25 0.0
v 2.5 1.55 0.0
v 2.45 1.636603 0.0
v 2.425882 1.646593 0.0
v 2.4 1.65 0.0
v -2.4 1.15 0.0
v -1.6 1.15 0.0
v -1.541987 0.05 0.0
v 1.621447 0.153553 0.0
v 1.541987 0.05 0.0
v 1.574118 1.153407 0.0
v 1.55 1.163397 0.0
v 1.529289 1.179289 0.0
v 1.513397 1.2 0.0
v 2.4 1.15 0.0
v 1.975 0.3 0.0
v 1.6 1.15 0.0
v 1.84559 0.282963 0.0
v 1.725 0.233013 0.0
v -1.5 1.25 0.0
v -1.5 1.55 0.0
v -1.541987 -1.25 0.0
v -1.492037 -1.12941 0.0
v -1.475 -1.0 0.0
v 1.6 1.65 0.0
v 1.574118 1.646593 0.0
v 1.55 1.636603 0.0
v -1.475 -0.2 0.0
v -1.492037 -0.07059 0.0
v 1.503407 1.224118 0.0
v 1.84559 -1.482963 0.3
v 1.725 -1.433013 0.3
v -1.975 -1.5 0.3
v 3.475 0.3 0.3
v 3.475 2.24 0.3
v 1.975 0.3 0.3
v 1.84559 0.282963 0.3
v 1.975 -1.5 0.3
v 3.475 -3.35 0.3
v 3.475 -1.5 0.3
v -1.541987 -1.25 0.3
v -1.621447 -1.353553 0.3
v -1.725 -1.433013 0.3
v -1.84559 -1.482963 0.3
v -1.725 0.233013 0.3
v -1.84559 0.282963 0.3
v -3.475 2.24 0.3
v -1.975 0.3 0.3
v -3.475 0.3 0.3
v -1.475 -1.0 0.3
v -1.492037 -1.12941 0.3
v 1.475 -1.0 0.3
v 1.541987 0.05 0.3
v 1.621447 0.153553 0.3
v -1.492037 -0.07059 0.3
v -1.621447 0.153553 0.3
v -1.541987 0.05 0.3
v 1.725 0.233013 0.3
v 1.621447 -1.353553 0.3
v 1.541987 -1.25 0.3
v 1.492037 -1.12941 0.3
v -1.475 -0.2 0.3
v 1.475 -0.2 0.3
v 1.492037 -0.07059 0.3
v -4.15745 0.3 0.844235
v -4.175 2.24 1.0
v -4.15745 2.24 0.844235
v -4.105678 2.24 0.696281
v -4.105678 0.3 0.696281
v -4.022282 2.24 0.563557
v -4.022282 0.3 0.563557
v -3.911443 2.24 0.452718
v -3.911443 0.3 0.452718
v -3.778719 2.24 0.369322
v -3.778719 0.3 0.369322
v -3.630764 2.24 0.31755
v -3.630764 0.3 0.31755
v -3.630764 -3.35 2.84245
v -3.778719 -3.35 2.790678
v -3.911443 -3.35 2.707282
v -4.022282 -3.35 2.596443
v -4.105678 -3.35 2.463719
v -4.15745 -3.35 2.315765
v -5.62 -1.2 0.28
v -5.72 -1.1 0.28
v -5.716592 -0.074118 0.28
v -5.72 -0.1 0.28
v -5.62 -0.0 0.28
v -5.645882 -0.003407 0.28
v -5.67 -0.013397 0.28
v -5.690711 -0.029289 0.28
v -5.716592 -1.125882 0.28
v -5.706603 -1.15 0.28
v -5.645882 -1.196593 0.28
v -5.690711 -1.170711 0.28
v -5.67 -1.186602 0.28
v -5.706603 -0.05 0.28
v -5.72 -1.1 -0.02
v -5.72 -0.1 -0.02
v -4.475 -1.2 -0.02
v -5.62 -1.2 -0.02
v -5.67 -1.186602 -0.02
v -5.690711 -1.170711 -0.02
v -5.645882 -1.196593 -0.02
v -5.706603 -1.15 -0.02
v -5.716592 -1.125882 -0.02
v -5.67 -0.013397 -0.02
v -5.645882 -0.003407 -0.02
v -5.690711 -0.029289 -0.02
v -5.62 -0.0 -0.02
v -5.706603 -0.05 -0.02
v -4.475 -0.0 -0.02
v -5.716592 -0.074118 -0.02
v -4.408244 -0.0 -0.012478
v -4.408244 -1.2 -0.012478
v -4.344835 -0.0 0.009709
v -4.344835 -1.2 0.009709
v -4.287953 -0.0 0.045451
v -4.287953 -1.2 0.045451
v -4.24045 -0.0 0.092953
v -4.24045 -1.2 0.092953
v -4.20471 -0.0 0.149835
v -4.20471 -1.2 0.149835
v -4.182522 -0.0 0.213244
v -4.182522 -1.2 0.213244
v -1.7 1.45 0.2
v -1.7 1.35 0.2
v -2.3 1.45 0.2
v -2.3 1.35 0.2
v -1.674361 1.298722 0.19061
v -2.325639 1.298722 0.19061
v -2.335435 1.27913 0.187023
v -1.664565 1.27913 0.187023
v -2.349352 1.251297 0.170958
v -1.629913 1.209826 0.140255
v -2.363245 1.223509 0.154919
v -1.636755 1.223509 0.154919
v -1.650649 1.251297 0.170958
v -1.601748 1.153496 0.037231
v -2.398252 1.153496 0.037231
v -1.603857 1.157713 0.051498
v -2.396143 1.157713 0.051498
v -1.607418 1.164836 0.075593
v -2.392582 1.164836 0.075593
v -1.613945 1.177889 0.099399
v -2.386055 1.177889 0.099399
v -1.61835 1.186701 0.11547
v -2.381649 1.186701 0.11547
v -2.370087 1.209826 0.140255
v -2.423148 1.157561 0.041178
v -2.399292 1.194294 0.122576
v -2.375415 1.231564 0.159958
v -2.359633 1.302291 0.18976
v -2.365358 1.308406 0.18873
v -2.347709 1.290367 0.18976
v -2.353736 1.296264 0.190104
v -2.341594 1.284642 0.18873
v -2.37087 1.314565 0.187023
v -2.351278 1.324361 0.19061
v -2.418435 1.274585 0.159958
v -2.426491 1.286754 0.154919
v -2.398703 1.300649 0.170958
v -2.387295 1.240936 0.16303
v -2.398601 1.251399 0.164062
v -2.409064 1.262705 0.16303
v -2.455706 1.250707 0.122576
v -2.463299 1.26835 0.11547
v -2.440174 1.279913 0.140255
v -2.416196 1.204993 0.126963
v -2.43165 1.21835 0.128446
v -2.445007 1.233804 0.126963
v -2.479407 1.235373 0.082242
v -2.485164 1.257418 0.075593
v -2.472111 1.263945 0.099399
v -2.414627 1.170593 0.082242
v -2.43543 1.181241 0.086388
v -2.453819 1.196181 0.087796
v -2.468759 1.21457 0.086388
v -2.492439 1.226852 0.041178
v -2.496504 1.251748 0.037231
v -2.492286 1.253857 0.051498
v -2.44642 1.167767 0.043654
v -2.466553 1.183447 0.044498
v -2.482233 1.203579 0.043654
v -1.507713 1.253857 0.051498
v -1.503496 1.251748 0.037231
v -1.507561 1.226852 0.041178
v -1.559826 1.279913 0.140255
v -1.536701 1.26835 0.11547
v -1.544294 1.250707 0.122576
v -1.601297 1.300649 0.170958
v -1.573509 1.286754 0.154919
v -1.581564 1.274585 0.159958
v -1.652291 1.290367 0.18976
v -1.658406 1.284642 0.18873
v -1.640367 1.302291 0.18976
v -1.646264 1.296264 0.190104
v -1.62913 1.314565 0.187023
v -1.634642 1.308406 0.18873
v -1.648722 1.324361 0.19061
v -1.624585 1.231564 0.159958
v -1.590936 1.262705 0.16303
v -1.601399 1.251399 0.164062
v -1.612705 1.240936 0.16303
v -1.600707 1.194294 0.122576
v -1.554993 1.233804 0.126963
v -1.56835 1.21835 0.128446
v -1.583804 1.204993 0.126963
v -1.585373 1.170593 0.082242
v -1.520593 1.235373 0.082242
v -1.531241 1.21457 0.086388
v -1.546181 1.196181 0.087796
v -1.56457 1.181241 0.086388
v -1.527889 1.263945 0.099399
v -1.514836 1.257418 0.075593
v -1.576852 1.157561 0.041178
v -1.517767 1.203579 0.043654
v -1.533447 1.183447 0.044498
v -1.553579 1.167767 0.043654
v -2.351278 1.475639 0.19061
v -2.37087 1.485435 0.187023
v -2.398703 1.499352 0.170958
v -2.426491 1.513245 0.154919
v -2.440174 1.520087 0.140255
v -2.463299 1.53165 0.11547
v -2.472111 1.536055 0.099399
v -2.485164 1.542582 0.075593
v -2.492286 1.546143 0.051498
v -2.496504 1.548252 0.037231
v -1.503496 1.548252 0.037231
v -1.507713 1.546143 0.051498
v -1.514836 1.542582 0.075593
v -1.527889 1.536055 0.099399
v -1.536701 1.53165 0.11547
v -1.559826 1.520087 0.140255
v -1.573509 1.513245 0.154919
v -1.601297 1.499352 0.170958
v -1.62913 1.485435 0.187023
v -1.648722 1.475639 0.19061
v -2.492439 1.573148 0.041178
v -2.455706 1.549293 0.122576
v -2.418435 1.525415 0.159958
v -2.347709 1.509633 0.18976
v -2.341594 1.515358 0.18873
v -2.359633 1.497709 0.18976
v -2.353736 1.503736 0.190104
v -2.365358 1.491594 0.18873
v -2.335435 1.52087 0.187023
v -2.325639 1.501278 0.19061
v -2.375415 1.568436 0.159958
v -2.363245 1.576491 0.154919
v -2.349352 1.548703 0.170958
v -2.409064 1.537295 0.16303
v -2.398601 1.548601 0.164062
v -2.387295 1.559064 0.16303
v -2.399292 1.605706 0.122576
v -2.381649 1.613299 0.11547
v -2.370087 1.590174 0.140255
v -2.445007 1.566196 0.126963
v -2.43165 1.58165 0.128446
v -2.416196 1.595007 0.126963
v -2.414627 1.629407 0.082242
v -2.392582 1.635164 0.075593
v -2.386055 1.622111 0.099399
v -2.479407 1.564627 0.082242
v -2.468759 1.58543 0.086388
v -2.453819 1.603819 0.087796
v -2.43543 1.618759 0.086388
v -2.423148 1.642439 0.041178
v -2.398252 1.646504 0.037231
v -2.396143 1.642287 0.051498
v -2.482233 1.596421 0.043654
v -2.466553 1.616553 0.044498
v -2.44642 1.632233 0.043654
v -1.603857 1.642287 0.051498
v -1.601748 1.646504 0.037231
v -1.576852 1.642439 0.041178
v -1.629913 1.590174 0.140255
v -1.61835 1.613299 0.11547
v -1.600707 1.605706 0.122576
v -1.650649 1.548703 0.170958
v -1.636755 1.576491 0.154919
v -1.624585 1.568436 0.159958
v -1.640367 1.497709 0.18976
v -1.634642 1.491594 0.18873
v -1.652291 1.509633 0.18976
v -1.646264 1.503736 0.190104
v -1.664565 1.52087 0.187023
v -1.658406 1.515358 0.18873
v -1.674361 1.501278 0.19061
v -1.581564 1.525415 0.159958
v -1.612705 1.559064 0.16303
v -1.601399 1.548601 0.164062
v -1.590936 1.537295 0.16303
v -1.544294 1.549293 0.122576
v -1.583804 1.595007 0.126963
v -1.56835 1.58165 0.128446
v -1.554993 1.566196 0.126963
v -1.520593 1.564627 0.082242
v -1.585373 1.629407 0.082242
v -1.56457 1.618759 0.086388
v -1.546181 1.603819 0.087796
v -1.531241 1.58543 0.086388
v -1.613945 1.622111 0.099399
v -1.607418 1.635164 0.075593
v -1.507561 1.573148 0.041178
v -1.553579 1.632233 0.043654
v -1.533447 1.616553 0.044498
v -1.517767 1.596421 0.043654
v 4.15745 2.24 0.844235
v 4.175 2.24 1.0
v 4.175 2.24 0.285857
v 4.105678 2.24 0.696281
v 3.697521 2.24 0.025072
v 3.630764 2.24 0.31755
v 3.908884 2.24 0.099031
v 3.778719 2.24 0.369322
v 4.09849 2.24 0.218169
v 3.911443 2.24 0.452718
v 4.022282 2.24 0.563557
v -4.182522 2.6 0.213244
v -5.62 2.6 0.28
v -5.62 2.6 -0.02
v -4.475 2.6 -0.02
v -4.408244 2.6 -0.012478
v -4.344835 2.6 0.009709
v -4.287953 2.6 0.045451
v -4.24045 2.6 0.092953
v -4.20471 2.6 0.149835
v -1.560658 2.8 2.854686
v -1.489499 2.8 2.838856
v -0.561318 2.8 2.56
v -0.475 2.8 2.847314
v -1.445408 2.8 3.138856
v -1.516567 2.8 3.154686
v -1.7 1.45 2.96
v -2.3 1.45 2.96
v -1.7 1.35 2.96
v -2.3 1.35 2.96
v -2.347709 1.290367 2.97024
v -2.341594 1.284642 2.97127
v -2.375415 1.231564 3.000042
v -2.386055 1.177889 3.060601
v -2.381649 1.186701 3.04453
v -2.399292 1.194294 3.037424
v -2.396143 1.157713 3.108502
v -2.392582 1.164836 3.084407
v -2.414627 1.170593 3.077758
v -2.492439 1.226852 3.118822
v -2.496504 1.251748 3.122769
v -2.398252 1.153496 3.122769
v -2.423148 1.157561 3.118822
v -2.44642 1.167767 3.116346
v -2.43543 1.181241 3.073612
v -2.492286 1.253857 3.108502
v -2.479407 1.235373 3.077758
v -2.485164 1.257418 3.084407
v -2.466553 1.183447 3.115502
v -2.453819 1.196181 3.072204
v -2.43165 1.21835 3.031554
v -2.482233 1.203579 3.116346
v -2.468759 1.21457 3.073612
v -2.445007 1.233804 3.033037
v -2.409064 1.262705 2.99697
v -2.455706 1.250707 3.037424
v -2.418435 1.274585 3.000042
v -2.426491 1.286754 3.005081
v -2.440174 1.279913 3.019745
v -2.463299 1.26835 3.04453
v -2.472111 1.263945 3.060601
v -2.335435 1.27913 2.972977
v -2.349352 1.251297 2.989042
v -2.363245 1.223509 3.005081
v -2.370087 1.209826 3.019745
v -2.387295 1.240936 2.99697
v -2.353736 1.296264 2.969896
v -2.365358 1.308406 2.97127
v -2.325639 1.298722 2.96939
v -2.351278 1.324361 2.96939
v -2.37087 1.314565 2.972977
v -2.398703 1.300649 2.989042
v -2.416196 1.204993 3.033037
v -2.398601 1.251399 2.995938
v -2.359633 1.302291 2.97024
v -1.674361 1.298722 2.96939
v -1.664565 1.27913 2.972977
v -1.650649 1.251297 2.989042
v -1.636755 1.223509 3.005081
v -1.629913 1.209826 3.019745
v -1.61835 1.186701 3.04453
v -1.613945 1.177889 3.060601
v -1.607418 1.164836 3.084407
v -1.601748 1.153496 3.122769
v -1.603857 1.157713 3.108502
v -2.496504 1.548252 3.122769
v -2.492286 1.546143 3.108502
v -2.485164 1.542582 3.084407
v -2.472111 1.536055 3.060601
v -2.463299 1.53165 3.04453
v -2.440174 1.520087 3.019745
v -2.426491 1.513245 3.005081
v -2.398703 1.499352 2.989042
v -2.37087 1.485435 2.972977
v -2.351278 1.475639 2.96939
v -1.640367 1.302291 2.97024
v -1.634642 1.308406 2.97127
v -1.581564 1.274585 3.000042
v -1.527889 1.263945 3.060601
v -1.536701 1.26835 3.04453
v -1.544294 1.250707 3.037424
v -1.507713 1.253857 3.108502
v -1.514836 1.257418 3.084407
v -1.520593 1.235373 3.077758
v -1.576852 1.157561 3.118822
v -1.503496 1.251748 3.122769
v -1.507561 1.226852 3.118822
v -1.517767 1.203579 3.116346
v -1.531241 1.21457 3.073612
v -1.585373 1.170593 3.077758
v -1.533447 1.183447 3.115502
v -1.546181 1.196181 3.072204
v -1.56835 1.21835 3.031554
v -1.553579 1.167767 3.116346
v -1.56457 1.181241 3.073612
v -1.583804 1.204993 3.033037
v -1.612705 1.240936 2.99697
v -1.600707 1.194294 3.037424
v -1.624585 1.231564 3.000042
v -1.62913 1.314565 2.972977
v -1.601297 1.300649 2.989042
v -1.573509 1.286754 3.005081
v -1.559826 1.279913 3.019745
v -1.590936 1.262705 2.99697
v -1.646264 1.296264 2.969896
v -1.658406 1.284642 2.97127
v -1.648722 1.324361 2.96939
v -1.554993 1.233804 3.033037
v -1.601399 1.251399 2.995938
v -1.652291 1.290367 2.97024
v -2.359633 1.497709 2.97024
v -2.365358 1.491594 2.97127
v -2.418435 1.525415 3.000042
v -2.455706 1.549293 3.037424
v -2.479407 1.564627 3.077758
v -2.423148 1.642439 3.118822
v -2.398252 1.646504 3.122769
v -2.492439 1.573148 3.118822
v -2.482233 1.596421 3.116346
v -2.468759 1.58543 3.073612
v -2.396143 1.642287 3.108502
v -2.414627 1.629407 3.077758
v -2.392582 1.635164 3.084407
v -2.466553 1.616553 3.115502
v -2.453819 1.603819 3.072204
v -2.43165 1.58165 3.031554
v -2.44642 1.632233 3.116346
v -2.43543 1.618759 3.073612
v -2.416196 1.595007 3.033037
v -2.387295 1.559064 2.99697
v -2.399292 1.605706 3.037424
v -2.375415 1.568436 3.000042
v -2.363245 1.576491 3.005081
v -2.370087 1.590174 3.019745
v -2.381649 1.613299 3.04453
v -2.386055 1.622111 3.060601
v -2.409064 1.537295 2.99697
v -2.353736 1.503736 2.969896
v -2.341594 1.515358 2.97127
v -2.325639 1.501278 2.96939
v -2.335435 1.52087 2.972977
v -2.349352 1.548703 2.989042
v -2.445007 1.566196 3.033037
v -2.398601 1.548601 2.995938
v -2.347709 1.509633 2.97024
v -1.648722 1.475639 2.96939
v -1.62913 1.485435 2.972977
v -1.601297 1.499352 2.989042
v -1.573509 1.513245 3.005081
v -1.559826 1.520087 3.019745
v -1.536701 1.53165 3.04453
v -1.527889 1.536055 3.060601
v -1.514836 1.542582 3.084407
v -1.507713 1.546143 3.108502
v -1.503496 1.548252 3.122769
v -1.601748 1.646504 3.122769
v -1.603857 1.642287 3.108502
v -1.607418 1.635164 3.084407
v -1.613945 1.622111 3.060601
v -1.61835 1.613299 3.04453
v -1.629913 1.590174 3.019745
v -1.636755 1.576491 3.005081
v -1.650649 1.548703 2.989042
v -1.664565 1.52087 2.972977
v -1.674361 1.501278 2.96939
v -1.652291 1.509633 2.97024
v -1.658406 1.515358 2.97127
v -1.624585 1.568436 3.000042
v -1.600707 1.605706 3.037424
v -1.585373 1.629407 3.077758
v -1.507561 1.573148 3.118822
v -1.576852 1.642439 3.118822
v -1.553579 1.632233 3.116346
v -1.56457 1.618759 3.073612
v -1.520593 1.564627 3.077758
v -1.533447 1.616553 3.115502
v -1.546181 1.603819 3.072204
v -1.56835 1.58165 3.031554
v -1.517767 1.596421 3.116346
v -1.531241 1.58543 3.073612
v -1.554993 1.566196 3.033037
v -1.590936 1.537295 2.99697
v -1.544294 1.549293 3.037424
v -1.581564 1.525415 3.000042
v -1.612705 1.559064 2.99697
v -1.646264 1.503736 2.969896
v -1.634642 1.491594 2.97127
v -1.583804 1.595007 3.033037
v -1.601399 1.548601 2.995938
v -1.640367 1.497709 2.97024
v -5.716592 2.674118 -0.02
v -5.72 2.7 -0.02
v -5.67 2.613398 -0.02
v -5.690711 2.629289 -0.02
v -5.706603 2.65 -0.02
v -5.72 3.3 -0.02
v -5.716592 3.325882 -0.02
v -5.706603 3.35 -0.02
v -5.690711 3.370711 -0.02
v -5.645882 3.396593 -0.02
v -5.67 3.386602 -0.02
v -5.645882 2.603407 -0.02
v -5.716592 2.674118 0.28
v -5.706603 2.65 0.28
v -5.706603 3.35 0.28
v -5.690711 3.370711 0.28
v -5.645882 3.396593 0.28
v -5.67 3.386602 0.28
v -5.716592 3.325882 0.28
v -5.72 3.3 0.28
v -5.72 2.7 0.28
v -5.690711 2.629289 0.28
v -5.67 2.613398 0.28
v -5.645882 2.603407 0.28
v 5.62 3.4 0.28
v 5.62 3.4 -0.02
v 4.475 3.4 -0.02
v 4.408244 3.4 -0.012478
v 4.344835 3.4 0.009709
v 4.287953 3.4 0.045451
v 0.561318 3.4 2.56
v 0.475 3.4 2.847314
v 1.489499 3.4 2.838856
v 1.445408 3.4 3.138856
v 1.560658 3.4 2.854686
v 1.516567 3.4 3.154686
v 3.630764 3.4 2.84245
v 3.697521 3.4 3.134928
v 3.778719 3.4 2.790678
v 3.908884 3.4 3.060969
v 3.911443 3.4 2.707282
v 4.09849 3.4 2.941832
v 4.022282 3.4 2.596443
v 4.256832 3.4 2.78349
v 4.105678 3.4 2.463719
v 4.375969 3.4 2.593884
v 4.15745 3.4 2.315765
v 4.449928 3.4 2.382521
v 4.175 3.4 0.28
v 4.182522 3.4 0.213244
v 4.24045 3.4 0.092953
v 4.20471 3.4 0.149835
v 4.175 2.2 1.26
v 4.175 2.2 1.0
v 4.175 0.3 1.0
v 4.175 -3.35 2.16
v 4.175 0.15 1.993649
v 4.175 -1.481004 1.885074
v 4.175 -1.458114 1.922475
v 4.175 -1.427624 1.953988
v 4.175 2.226795 1.36
v 4.175 2.258579 1.401421
v 4.175 2.3 1.433205
v 4.175 2.593185 1.311764
v 4.175 2.573205 1.36
v 4.175 2.541421 1.401421
v 4.175 2.5 1.433205
v 4.175 0.072376 1.953988
v 4.175 0.041886 1.922475
v 4.175 -1.241886 1.922475
v 4.175 -1.272376 1.953988
v 4.175 -1.309001 1.978099
v 4.175 -1.35 1.993649
v 4.175 -1.390999 1.978099
v 4.175 -1.5 1.0
v 4.175 -3.35 1.0
v 4.175 -1.5 1.8
v 4.175 -1.495193 1.843585
v 4.175 2.6 0.28
v 4.175 2.6 1.26
v 4.175 2.451764 1.453185
v 4.175 2.4 1.46
v 4.175 2.348236 1.453185
v 4.175 2.206815 1.311764
v 4.175 0.258114 1.922475
v 4.175 0.227624 1.953988
v 4.175 0.190999 1.978099
v 4.175 0.3 1.8
v 4.175 0.295193 1.843585
v 4.175 0.281004 1.885074
v 4.175 0.109001 1.978099
v 4.175 0.018996 1.885074
v 4.175 0.004807 1.843585
v 4.175 -1.218996 1.885074
v 4.175 0.0 0.28
v 4.175 -1.2 0.28
v 4.175 0.0 1.8
v 4.175 -1.2 1.8
v 4.175 -1.204807 1.843585
v 4.449928 0.3 0.777479
v 4.449928 2.2 0.777479
v 4.375969 0.3 0.566116
v 4.375969 2.2 0.566116
v 4.256832 0.3 0.37651
v 4.256832 2.2 0.37651
v 4.175 2.2 0.285857
v 4.09849 0.3 0.218169
v 3.908884 0.3 0.099031
v 3.697521 0.3 0.025072
v 4.449928 -3.35 2.382521
v 4.375969 -3.35 2.593884
v 4.256832 -3.35 2.78349
v 4.09849 -3.35 2.941832
v 3.908884 -3.35 3.060969
v 3.697521 -3.35 3.134928
v 4.449928 -3.35 0.777479
v 4.449928 -1.5 0.777479
v 4.375969 -3.35 0.566116
v 4.375969 -1.5 0.566116
v 4.256832 -3.35 0.37651
v 4.256832 -1.5 0.37651
v 4.09849 -3.35 0.218169
v 4.09849 -1.5 0.218169
v 3.908884 -3.35 0.099031
v 3.908884 -1.5 0.099031
v 3.697521 -3.35 0.025072
v 3.697521 -1.5 0.025072
v 3.630764 -1.5 0.31755
v 3.630764 -3.35 0.31755
v 3.778719 -1.5 0.369322
v 3.778719 -3.35 0.369322
v 3.911443 -1.5 0.452718
v 3.911443 -3.35 0.452718
v 4.022282 -1.5 0.563557
v 4.022282 -3.35 0.563557
v 4.105678 -1.5 0.696281
v 4.105678 -3.35 0.696281
v 4.15745 -1.5 0.844235
v 4.15745 -3.35 0.844235
v 4.15745 0.3 0.844235
v 4.105678 0.3 0.696281
v 4.022282 0.3 0.563557
v 3.911443 0.3 0.452718
v 3.778719 0.3 0.369322
v 3.630764 0.3 0.31755
v 4.15745 -3.35 2.315765
v 4.105678 -3.35 2.463719
v 4.022282 -3.35 2.596443
v 3.911443 -3.35 2.707282
v 3.778719 -3.35 2.790678
v 3.630764 -3.35 2.84245
v 5.62 0.0 0.28
v 5.62 -1.2 0.28
v 5.645882 -1.196593 0.28
v 5.716592 -1.125882 0.28
v 5.72 -1.1 0.28
v 5.72 -0.1 0.28
v 5.716592 -0.074118 0.28
v 5.67 -1.186602 0.28
v 5.690711 -1.170711 0.28
v 5.706603 -1.15 0.28
v 5.706603 -0.05 0.28
v 5.690711 -0.029289 0.28
v 5.645882 -0.003407 0.28
v 5.67 -0.013397 0.28
v 5.72 -0.1 -0.02
v 5.72 -1.1 -0.02
v 5.716592 -0.074118 -0.02
v 5.62 0.0 -0.02
v 4.475 0.0 -0.02
v 5.645882 -0.003407 -0.02
v 5.67 -0.013397 -0.02
v 5.690711 -0.029289 -0.02
v 5.67 -1.186602 -0.02
v 5.716592 -1.125882 -0.02
v 5.690711 -1.170711 -0.02
v 5.706603 -1.15 -0.02
v 5.645882 -1.196593 -0.02
v 5.62 -1.2 -0.02
v 4.475 -1.2 -0.02
v 5.706603 -0.05 -0.02
v 4.182522 0.0 0.213244
v 4.182522 -1.2 0.213244
v 4.20471 0.0 0.149835
v 4.20471 -1.2 0.149835
v 4.24045 0.0 0.092953
v 4.24045 -1.2 0.092953
v 4.287953 0.0 0.045451
v 4.287953 -1.2 0.045451
v 4.344835 0.0 0.009709
v 4.344835 -1.2 0.009709
v 4.408244 0.0 -0.012478
v 4.408244 -1.2 -0.012478
v 1.7 1.35 0.2
v 1.7 1.45 0.2
v 2.3 1.35 0.2
v 2.3 1.45 0.2
v 2.398252 1.153496 0.037231
v 1.601748 1.153496 0.037231
v 2.396143 1.157713 0.051498
v 1.603857 1.157713 0.051498
v 1.607418 1.164836 0.075593
v 2.392582 1.164836 0.075593
v 1.613945 1.177889 0.099399
v 2.386055 1.177889 0.099399
v 2.381649 1.186701 0.11547
v 1.61835 1.186701 0.11547
v 2.370087 1.209826 0.140255
v 1.629913 1.209826 0.140255
v 1.636755 1.223509 0.154919
v 2.363245 1.223509 0.154919
v 1.650649 1.251297 0.170958
v 2.349352 1.251297 0.170958
v 2.335435 1.27913 0.187023
v 1.664565 1.27913 0.187023
v 2.325639 1.298722 0.19061
v 1.674361 1.298722 0.19061
v 2.492286 1.253857 0.051498
v 2.496504 1.251748 0.037231
v 2.492439 1.226852 0.041178
v 2.440174 1.279913 0.140255
v 2.463299 1.26835 0.11547
v 2.455706 1.250707 0.122576
v 2.398703 1.300649 0.170958
v 2.426491 1.286754 0.154919
v 2.418435 1.274585 0.159958
v 2.347709 1.290367 0.18976
v 2.341594 1.284642 0.18873
v 2.359633 1.302291 0.18976
v 2.353736 1.296264 0.190104
v 2.37087 1.314565 0.187023
v 2.365358 1.308406 0.18873
v 2.351278 1.324361 0.19061
v 2.375415 1.231564 0.159958
v 2.409064 1.262705 0.16303
v 2.398601 1.251399 0.164062
v 2.387295 1.240936 0.16303
v 2.399292 1.194294 0.122576
v 2.445007 1.233804 0.126963
v 2.43165 1.21835 0.128446
v 2.416196 1.204993 0.126963
v 2.414627 1.170593 0.082242
v 2.479407 1.235373 0.082242
v 2.468759 1.21457 0.086388
v 2.453819 1.196181 0.087796
v 2.43543 1.181241 0.086388
v 2.472111 1.263945 0.099399
v 2.485164 1.257418 0.075593
v 2.423148 1.157561 0.041178
v 2.482233 1.203579 0.043654
v 2.466553 1.183447 0.044498
v 2.44642 1.167767 0.043654
v 1.576852 1.157561 0.041178
v 1.600707 1.194294 0.122576
v 1.624585 1.231564 0.159958
v 1.640367 1.302291 0.18976
v 1.634642 1.308406 0.18873
v 1.652291 1.290367 0.18976
v 1.646264 1.296264 0.190104
v 1.658406 1.284642 0.18873
v 1.62913 1.314565 0.187023
v 1.648722 1.324361 0.19061
v 1.581564 1.274585 0.159958
v 1.573509 1.286754 0.154919
v 1.601297 1.300649 0.170958
v 1.612705 1.240936 0.16303
v 1.601399 1.251399 0.164062
v 1.590936 1.262705 0.16303
v 1.544294 1.250707 0.122576
v 1.536701 1.26835 0.11547
v 1.559826 1.279913 0.140255
v 1.583804 1.204993 0.126963
v 1.56835 1.21835 0.128446
v 1.554993 1.233804 0.126963
v 1.520593 1.235373 0.082242
v 1.514836 1.257418 0.075593
v 1.527889 1.263945 0.099399
v 1.585373 1.170593 0.082242
v 1.56457 1.181241 0.086388
v 1.546181 1.196181 0.087796
v 1.531241 1.21457 0.086388
v 1.507561 1.226852 0.041178
v 1.503496 1.251748 0.037231
v 1.507713 1.253857 0.051498
v 1.553579 1.167767 0.043654
v 1.533447 1.183447 0.044498
v 1.517767 1.203579 0.043654
v 2.496504 1.548252 0.037231
v 2.492286 1.546143 0.051498
v 2.485164 1.542582 0.075593
v 2.472111 1.536055 0.099399
v 2.463299 1.53165 0.11547
v 2.440174 1.520087 0.140255
v 2.426491 1.513245 0.154919
v 2.398703 1.499352 0.170958
v 2.37087 1.485435 0.187023
v 2.351278 1.475639 0.19061
v 1.648722 1.475639 0.19061
v 1.62913 1.485435 0.187023
v 1.601297 1.499352 0.170958
v 1.573509 1.513245 0.154919
v 1.559826 1.520087 0.140255
v 1.536701 1.53165 0.11547
v 1.527889 1.536055 0.099399
v 1.514836 1.542582 0.075593
v 1.507713 1.546143 0.051498
v 1.503496 1.548252 0.037231
v 2.396143 1.642287 0.051498
v 2.398252 1.646504 0.037231
v 2.423148 1.642439 0.041178
v 2.370087 1.590174 0.140255
v 2.381649 1.613299 0.11547
v 2.399292 1.605706 0.122576
v 2.349352 1.548703 0.170958
v 2.363245 1.576491 0.154919
v 2.375415 1.568436 0.159958
v 2.359633 1.497709 0.18976
v 2.365358 1.491594 0.18873
v 2.347709 1.509633 0.18976
v 2.353736 1.503736 0.190104
v 2.335435 1.52087 0.187023
v 2.341594 1.515358 0.18873
v 2.325639 1.501278 0.19061
v 2.418435 1.525415 0.159958
v 2.387295 1.559064 0.16303
v 2.398601 1.548601 0.164062
v 2.409064 1.537295 0.16303
v 2.455706 1.549293 0.122576
v 2.416196 1.595007 0.126963
v 2.43165 1.58165 0.128446
v 2.445007 1.566196 0.126963
v 2.479407 1.564627 0.082242
v 2.414627 1.629407 0.082242
v 2.43543 1.618759 0.086388
v 2.453819 1.603819 0.087796
v 2.468759 1.58543 0.086388
v 2.386055 1.622111 0.099399
v 2.392582 1.635164 0.075593
v 2.492439 1.573148 0.041178
v 2.44642 1.632233 0.043654
v 2.466553 1.616553 0.044498
v 2.482233 1.596421 0.043654
v 1.507561 1.573148 0.041178
v 1.544294 1.549293 0.122576
v 1.581564 1.525415 0.159958
v 1.652291 1.509633 0.18976
v 1.658406 1.515358 0.18873
v 1.640367 1.497709 0.18976
v 1.646264 1.503736 0.190104
v 1.634642 1.491594 0.18873
v 1.664565 1.52087 0.187023
v 1.674361 1.501278 0.19061
v 1.624585 1.568436 0.159958
v 1.636755 1.576491 0.154919
v 1.650649 1.548703 0.170958
v 1.590936 1.537295 0.16303
v 1.601399 1.548601 0.164062
v 1.612705 1.559064 0.16303
v 1.600707 1.605706 0.122576
v 1.61835 1.613299 0.11547
v 1.629913 1.590174 0.140255
v 1.554993 1.566196 0.126963
v 1.56835 1.58165 0.128446
v 1.583804 1.595007 0.126963
v 1.585373 1.629407 0.082242
v 1.607418 1.635164 0.075593
v 1.613945 1.622111 0.099399
v 1.520593 1.564627 0.082242
v 1.531241 1.58543 0.086388
v 1.546181 1.603819 0.087796
v 1.56457 1.618759 0.086388
v 1.576852 1.642439 0.041178
v 1.601748 1.646504 0.037231
v 1.603857 1.642287 0.051498
v 1.517767 1.596421 0.043654
v 1.533447 1.616553 0.044498
v 1.553579 1.632233 0.043654
v 5.62 2.6 -0.02
v 5.62 2.6 0.28
v 4.475 2.6 -0.02
v 4.408244 2.6 -0.012478
v 4.344835 2.6 0.009709
v 4.182522 2.6 0.213244
v 4.20471 2.6 0.149835
v 4.24045 2.6 0.092953
v 4.287953 2.6 0.045451
v 1.489499 2.8 2.838856
v 1.560658 2.8 2.854686
v 0.561318 2.8 2.56
v 0.475 2.8 2.847314
v 1.445408 2.8 3.138856
v 1.516567 2.8 3.154686
v 2.3 1.45 2.96
v 1.7 1.45 2.96
v 2.3 1.35 2.96
v 1.7 1.35 2.96
v 2.359633 1.302291 2.97024
v 2.365358 1.308406 2.97127
v 2.418435 1.274585 3.000042
v 2.472111 1.263945 3.060601
v 2.463299 1.26835 3.04453
v 2.455706 1.250707 3.037424
v 2.492286 1.253857 3.108502
v 2.485164 1.257418 3.084407
v 2.479407 1.235373 3.077758
v 2.423148 1.157561 3.118822
v 2.398252 1.153496 3.122769
v 2.496504 1.251748 3.122769
v 2.492439 1.226852 3.118822
v 2.482233 1.203579 3.116346
v 2.468759 1.21457 3.073612
v 2.396143 1.157713 3.108502
v 2.414627 1.170593 3.077758
v 2.392582 1.164836 3.084407
v 2.466553 1.183447 3.115502
v 2.453819 1.196181 3.072204
v 2.43165 1.21835 3.031554
v 2.44642 1.167767 3.116346
v 2.43543 1.181241 3.073612
v 2.416196 1.204993 3.033037
v 2.387295 1.240936 2.99697
v 2.399292 1.194294 3.037424
v 2.375415 1.231564 3.000042
v 2.363245 1.223509 3.005081
v 2.370087 1.209826 3.019745
v 2.381649 1.186701 3.04453
v 2.386055 1.177889 3.060601
v 2.37087 1.314565 2.972977
v 2.398703 1.300649 2.989042
v 2.426491 1.286754 3.005081
v 2.440174 1.279913 3.019745
v 2.409064 1.262705 2.99697
v 2.353736 1.296264 2.969896
v 2.341594 1.284642 2.97127
v 2.351278 1.324361 2.96939
v 2.325639 1.298722 2.96939
v 2.335435 1.27913 2.972977
v 2.349352 1.251297 2.989042
v 2.445007 1.233804 3.033037
v 2.398601 1.251399 2.995938
v 2.347709 1.290367 2.97024
v 1.601748 1.153496 3.122769
v 1.603857 1.157713 3.108502
v 1.607418 1.164836 3.084407
v 1.613945 1.177889 3.060601
v 1.61835 1.186701 3.04453
v 1.629913 1.209826 3.019745
v 1.636755 1.223509 3.005081
v 1.650649 1.251297 2.989042
v 1.664565 1.27913 2.972977
v 1.674361 1.298722 2.96939
v 2.398703 1.499352 2.989042
v 2.37087 1.485435 2.972977
v 2.351278 1.475639 2.96939
v 2.426491 1.513245 3.005081
v 2.440174 1.520087 3.019745
v 2.463299 1.53165 3.04453
v 2.472111 1.536055 3.060601
v 2.485164 1.542582 3.084407
v 2.492286 1.546143 3.108502
v 2.496504 1.548252 3.122769
v 1.652291 1.290367 2.97024
v 1.658406 1.284642 2.97127
v 1.624585 1.231564 3.000042
v 1.600707 1.194294 3.037424
v 1.585373 1.170593 3.077758
v 1.507561 1.226852 3.118822
v 1.503496 1.251748 3.122769
v 1.576852 1.157561 3.118822
v 1.553579 1.167767 3.116346
v 1.56457 1.181241 3.073612
v 1.507713 1.253857 3.108502
v 1.520593 1.235373 3.077758
v 1.514836 1.257418 3.084407
v 1.533447 1.183447 3.115502
v 1.546181 1.196181 3.072204
v 1.56835 1.21835 3.031554
v 1.517767 1.203579 3.116346
v 1.531241 1.21457 3.073612
v 1.554993 1.233804 3.033037
v 1.590936 1.262705 2.99697
v 1.544294 1.250707 3.037424
v 1.581564 1.274585 3.000042
v 1.573509 1.286754 3.005081
v 1.559826 1.279913 3.019745
v 1.536701 1.26835 3.04453
v 1.527889 1.263945 3.060601
v 1.612705 1.240936 2.99697
v 1.646264 1.296264 2.969896
v 1.634642 1.308406 2.97127
v 1.648722 1.324361 2.96939
v 1.62913 1.314565 2.972977
v 1.601297 1.300649 2.989042
v 1.583804 1.204993 3.033037
v 1.601399 1.251399 2.995938
v 1.640367 1.302291 2.97024
v 2.347709 1.509633 2.97024
v 2.341594 1.515358 2.97127
v 2.375415 1.568436 3.000042
v 2.386055 1.622111 3.060601
v 2.381649 1.613299 3.04453
v 2.399292 1.605706 3.037424
v 2.396143 1.642287 3.108502
v 2.392582 1.635164 3.084407
v 2.414627 1.629407 3.077758
v 2.492439 1.573148 3.118822
v 2.398252 1.646504 3.122769
v 2.423148 1.642439 3.118822
v 2.44642 1.632233 3.116346
v 2.43543 1.618759 3.073612
v 2.479407 1.564627 3.077758
v 2.466553 1.616553 3.115502
v 2.453819 1.603819 3.072204
v 2.43165 1.58165 3.031554
v 2.482233 1.596421 3.116346
v 2.468759 1.58543 3.073612
v 2.445007 1.566196 3.033037
v 2.409064 1.537295 2.99697
v 2.455706 1.549293 3.037424
v 2.418435 1.525415 3.000042
v 2.335435 1.52087 2.972977
v 2.349352 1.548703 2.989042
v 2.363245 1.576491 3.005081
v 2.370087 1.590174 3.019745
v 2.387295 1.559064 2.99697
v 2.353736 1.503736 2.969896
v 2.365358 1.491594 2.97127
v 2.325639 1.501278 2.96939
v 2.416196 1.595007 3.033037
v 2.398601 1.548601 2.995938
v 2.359633 1.497709 2.97024
v 1.503496 1.548252 3.122769
v 1.507713 1.546143 3.108502
v 1.514836 1.542582 3.084407
v 1.527889 1.536055 3.060601
v 1.536701 1.53165 3.04453
v 1.559826 1.520087 3.019745
v 1.573509 1.513245 3.005081
v 1.601297 1.499352 2.989042
v 1.62913 1.485435 2.972977
v 1.648722 1.475639 2.96939
v 1.629913 1.590174 3.019745
v 1.636755 1.576491 3.005081
v 1.650649 1.548703 2.989042
v 1.664565 1.52087 2.972977
v 1.674361 1.501278 2.96939
v 1.61835 1.613299 3.04453
v 1.613945 1.622111 3.060601
v 1.607418 1.635164 3.084407
v 1.601748 1.646504 3.122769
v 1.603857 1.642287 3.108502
v 1.640367 1.497709 2.97024
v 1.634642 1.491594 2.97127
v 1.581564 1.525415 3.000042
v 1.544294 1.549293 3.037424
v 1.520593 1.564627 3.077758
v 1.576852 1.642439 3.118822
v 1.507561 1.573148 3.118822
v 1.517767 1.596421 3.116346
v 1.531241 1.58543 3.073612
v 1.585373 1.629407 3.077758
v 1.533447 1.616553 3.115502
v 1.546181 1.603819 3.072204
v 1.56835 1.58165 3.031554
v 1.553579 1.632233 3.116346
v 1.56457 1.618759 3.073612
v 1.583804 1.595007 3.033037
v 1.612705 1.559064 2.99697
v 1.600707 1.605706 3.037424
v 1.624585 1.568436 3.000042
v 1.590936 1.537295 2.99697
v 1.646264 1.503736 2.969896
v 1.658406 1.515358 2.97127
v 1.554993 1.566196 3.033037
v 1.601399 1.548601 2.995938
v 1.652291 1.509633 2.97024
v 5.645882 3.396593 -0.02
v 5.716592 3.325882 -0.02
v 5.72 3.3 -0.02
v 5.67 3.386602 -0.02
v 5.690711 3.370711 -0.02
v 5.706603 3.35 -0.02
v 5.72 2.7 -0.02
v 5.716592 2.674118 -0.02
v 5.645882 2.603407 -0.02
v 5.706603 2.65 -0.02
v 5.67 2.613398 -0.02
v 5.690711 2.629289 -0.02
v 5.690711 2.629289 0.28
v 5.645882 2.603407 0.28
v 5.67 2.613398 0.28
v 5.72 3.3 0.28
v 5.72 2.7 0.28
v 5.716592 2.674118 0.28
v 5.706603 2.65 0.28
v 5.716592 3.325882 0.28
v 5.706603 3.35 0.28
v 5.645882 3.396593 0.28
v 5.690711 3.370711 0.28
v 5.67 3.386602 0.28
v 4.485 2.047131 1.968224
v 4.485 2.047131 1.945037
newmtl 4
Ka 0.0 0.0 0.0
Kd 0.0 0.0 0.0
Ks 0.0 0.0 0.0
d 0.0
endmtl
v 4.485 1.966134 1.968224
v 4.485 1.966134 2.148414
v 4.485 1.93988 2.148414
v 4.485 1.93988 1.945037
v 4.485 2.207721 1.953459
v 4.485 2.204252 1.951731
v 4.485 2.151419 1.941606
v 4.485 2.182417 1.944569
v 4.485 2.207721 1.978621
v 4.485 2.190686 1.970613
v 4.485 2.168235 1.965677
v 4.485 2.155214 1.965001
v 4.485 2.136591 1.967017
v 4.485 2.121779 1.972285
v 4.485 2.108166 1.981395
v 4.485 2.102966 1.98642
v 4.485 2.093275 1.999784
v 4.485 2.086615 2.016099
v 4.485 2.083262 2.036306
v 4.485 2.083003 2.044438
v 4.485 2.086309 2.072211
v 4.485 2.093097 2.089813
v 4.485 2.102905 2.103968
v 4.485 2.10437 2.105576
v 4.485 2.117573 2.116596
v 4.485 2.133481 2.124178
v 4.485 2.151055 2.127749
v 4.485 2.159789 2.128139
v 4.485 2.205457 2.1173
v 4.485 2.184828 2.125149
v 4.485 2.207721 2.116077
v 4.485 2.207721 2.143527
v 4.485 2.18616 2.149753
v 4.485 2.159529 2.151845
v 4.485 2.130245 2.148303
v 4.485 2.108975 2.140077
v 4.485 2.089306 2.126209
v 4.485 2.084822 2.1219
v 4.485 2.06042 2.080051
v 4.485 2.07008 2.102641
v 4.485 2.055807 2.0535
v 4.485 2.055449 2.042878
v 4.485 2.067667 1.988688
v 4.485 2.059413 2.009948
v 4.485 2.079776 1.971304
v 4.485 2.081547 1.969368
v 4.485 2.095797 1.957163
v 4.485 2.114658 1.947568
v 4.485 2.136212 1.942509
v 4.485 2.357811 1.968224
v 4.485 2.357811 1.945037
v 4.485 2.274682 1.968224
v 4.485 2.274682 2.03664
v 4.485 2.347413 2.03664
v 4.485 2.347413 2.059931
v 4.485 2.274682 2.059931
v 4.485 2.274682 2.12502
v 4.485 2.353184 2.12502
v 4.485 2.353184 2.148414
v 4.485 2.248428 2.148414
v 4.485 2.248428 1.945037
v 4.485 2.522573 2.001956
v 4.485 2.512475 1.989435
v 4.485 2.531138 1.973527
v 4.485 2.509988 1.987122
v 4.485 2.509752 1.958219
v 4.485 2.496843 1.978031
v 4.485 2.486535 1.949196
v 4.485 2.48 1.97154
v 4.485 2.452169 1.945037
v 4.485 2.452013 1.968224
v 4.485 2.39623 1.945037
v 4.485 2.422484 1.968224
v 4.485 2.39623 2.148414
v 4.485 2.422484 2.12502
v 4.485 2.454248 2.148414
v 4.485 2.453208 2.12502
v 4.485 2.485303 2.144984
v 4.485 2.480398 2.121882
v 4.485 2.509848 2.136018
v 4.485 2.497864 2.115345
v 4.485 2.531138 2.121484
v 4.485 2.511903 2.105888
v 4.485 2.538389 2.114383
v 4.485 2.517674 2.100185
v 4.485 2.550959 2.096628
v 4.485 2.525532 2.088757
v 4.485 2.558459 2.077207
v 4.485 2.531241 2.073855
v 4.485 2.561811 2.049325
v 4.485 2.534206 2.048597
v 4.485 2.561197 2.036338
v 4.485 2.533529 2.035678
v 4.485 2.556264 2.012532
v 4.485 2.529578 2.017054
v 4.485 2.546242 1.991501
v 4.475 2.453208 2.12502
v 4.475 2.422484 2.12502
v 4.475 2.422484 1.968224
v 4.475 2.452013 1.968224
v 4.475 2.512475 1.989435
v 4.475 2.509988 1.987122
v 4.475 2.496843 1.978031
v 4.475 2.48 1.97154
v 4.475 2.534206 2.048597
v 4.475 2.533529 2.035678
v 4.475 2.529578 2.017054
v 4.475 2.522573 2.001956
v 4.475 2.511903 2.105888
v 4.475 2.517674 2.100185
v 4.475 2.525532 2.088757
v 4.475 2.531241 2.073855
v 4.475 2.480398 2.121882
v 4.475 2.497864 2.115345
v 4.485 2.629967 2.023643
v 4.485 2.621649 2.000664
v 4.485 2.698228 2.023643
v 4.485 2.706337 2.000664
v 4.485 2.66038 2.108175
v 4.485 2.650554 2.148414
v 4.485 2.573093 1.945037
v 4.485 2.602102 1.945037
v 4.485 2.662141 2.114245
v 4.485 2.663707 2.12242
v 4.485 2.678628 2.148414
v 4.485 2.664331 2.12242
v 4.485 2.665975 2.113816
v 4.485 2.667502 2.108175
v 4.485 2.75609 1.945037
v 4.485 2.727081 1.945037
v 4.475 2.629967 2.023643
v 4.475 2.698228 2.023643
v 4.475 2.667502 2.108175
v 4.475 2.664331 2.12242
v 4.475 2.665975 2.113816
v 4.475 2.663707 2.12242
v 4.475 2.66038 2.108175
v 4.475 2.662141 2.114245
v 4.485 2.049263 1.645587
v 4.485 2.049263 1.6224
v 4.485 1.966134 1.645587
v 4.485 1.966134 1.714003
v 4.485 2.038865 1.714003
v 4.485 2.038865 1.737294
v 4.485 1.966134 1.737294
v 4.485 1.966134 1.802382
v 4.485 2.044636 1.802382
v 4.485 2.044636 1.825777
v 4.485 1.93988 1.825777
v 4.485 1.93988 1.6224
v 4.485 2.164884 1.6224
v 4.485 2.190358 1.6224
v 4.485 2.164884 1.644859
v 4.485 2.190358 1.715875
v 4.485 2.164884 1.714731
v 4.485 2.109456 1.684254
v 4.485 2.11542 1.687119
v 4.485 2.164208 1.644859
v 4.485 2.150772 1.6486
v 4.485 2.160137 1.638682
v 4.485 2.143573 1.643742
v 4.485 2.130883 1.690713
v 4.485 2.164884 1.695287
v 4.485 2.164884 1.681355
v 4.485 2.164859 1.679664
v 4.485 2.163219 1.668298
v 4.485 2.159482 1.65921
v 4.485 2.153966 1.651722
v 4.485 2.163997 1.725995
v 4.485 2.188323 1.735453
v 4.485 2.161364 1.735065
v 4.485 2.184308 1.746958
v 4.485 2.15837 1.740311
v 4.485 2.179076 1.755142
v 4.485 2.154519 1.744408
v 4.485 2.172257 1.761603
v 4.485 2.149997 1.747323
v 4.485 2.163764 1.76641
v 4.485 2.144088 1.749387
v 4.485 2.15297 1.769641
v 4.485 2.135458 1.750291
v 4.485 2.13785 1.770982
v 4.485 2.119513 1.748544
v 4.485 2.112163 1.767883
v 4.485 2.10361 1.742909
v 4.485 2.093201 1.760567
v 4.485 2.087837 1.732719
v 4.485 2.087837 1.757465
v 4.485 2.104699 1.648596
v 4.485 2.086122 1.630406
v 4.485 2.106865 1.646419
v 4.485 2.094701 1.624421
v 4.485 2.111942 1.642952
v 4.485 2.104467 1.620739
v 4.485 2.117704 1.640838
v 4.485 2.119706 1.618969
v 4.485 2.126309 1.639868
v 4.485 2.132894 1.620435
v 4.485 2.135844 1.640935
v 4.485 2.143214 1.624177
v 4.485 2.152079 1.630058
v 4.485 2.099699 1.66741
v 4.485 2.073717 1.664381
v 4.485 2.099483 1.663367
v 4.485 2.073645 1.661287
v 4.485 2.10013 1.657519
v 4.485 2.074903 1.649721
v 4.485 2.101804 1.65289
v 4.485 2.077988 1.641107
v 4.485 2.083283 1.633283
v 4.485 2.121838 1.7087
v 4.485 2.102613 1.70397
v 4.485 2.106241 1.681771
v 4.485 2.091747 1.698412
v 4.485 2.103192 1.677995
v 4.485 2.083934 1.691646
v 4.485 2.100956 1.673244
v 4.485 2.07884 1.684353
v 4.485 2.075343 1.675372
v 4.475 2.106241 1.681771
v 4.475 2.109456 1.684254
v 4.475 2.11542 1.687119
v 4.475 2.130883 1.690713
v 4.475 2.099483 1.663367
v 4.475 2.099699 1.66741
v 4.475 2.100956 1.673244
v 4.475 2.103192 1.677995
v 4.475 2.106865 1.646419
v 4.475 2.104699 1.648596
v 4.475 2.101804 1.65289
v 4.475 2.10013 1.657519
v 4.475 2.126309 1.639868
v 4.475 2.117704 1.640838
v 4.475 2.111942 1.642952
v 4.475 2.153966 1.651722
v 4.475 2.150772 1.6486
v 4.475 2.143573 1.643742
v 4.475 2.135844 1.640935
v 4.475 2.164884 1.681355
v 4.475 2.164859 1.679664
v 4.475 2.163219 1.668298
v 4.475 2.159482 1.65921
v 4.475 2.164884 1.695287
v 4.485 2.26678 1.639764
v 4.485 2.250314 1.641752
v 4.485 2.234366 1.647889
v 4.485 2.224878 1.653801
v 4.485 2.224878 1.627495
v 4.485 2.264285 1.618969
v 4.485 2.241234 1.621564
v 4.485 2.284409 1.621004
v 4.485 2.298509 1.625775
v 4.485 2.306603 1.63051
v 4.485 2.313891 1.636884
v 4.485 2.318639 1.643603
v 4.485 2.321767 1.651676
v 4.485 2.322979 1.661911
v 4.485 2.321926 1.671402
v 4.485 2.319207 1.678912
v 4.485 2.314453 1.68593
v 4.485 2.308379 1.691349
v 4.485 2.29146 1.700758
v 4.485 2.281596 1.704749
v 4.485 2.265831 1.711612
v 4.485 2.25685 1.717226
v 4.485 2.254366 1.71996
v 4.485 2.25253 1.723397
v 4.485 2.25152 1.727355
v 4.485 2.251287 1.730743
v 4.485 2.251749 1.734806
v 4.485 2.253006 1.738245
v 4.485 2.25519 1.741487
v 4.485 2.259034 1.744884
v 4.485 2.264746 1.747921
v 4.485 2.27156 1.749725
v 4.485 2.279101 1.750291
v 4.485 2.296208 1.748298
v 4.485 2.310541 1.742945
v 4.485 2.316013 1.739789
v 4.485 2.316013 1.764535
v 4.485 2.298647 1.769545
v 4.485 2.281596 1.770982
v 4.485 2.262935 1.768961
v 4.485 2.24895 1.763972
v 4.485 2.241358 1.759441
v 4.485 2.233806 1.752651
v 4.485 2.229072 1.745766
v 4.485 2.226039 1.737564
v 4.485 2.225034 1.728456
v 4.485 2.226129 1.718565
v 4.485 2.228938 1.710786
v 4.485 2.23226 1.705477
v 4.485 2.236428 1.701119
v 4.485 2.248425 1.693202
v 4.485 2.263609 1.686242
v 4.485 2.280336 1.679236
v 4.485 2.290278 1.673244
v 4.485 2.293453 1.669939
v 4.485 2.295422 1.666562
v 4.485 2.29658 1.662585
v 4.485 2.296829 1.659416
v 4.485 2.296301 1.654556
v 4.485 2.295007 1.650933
v 4.485 2.292783 1.647645
v 4.485 2.28986 1.64505
v 4.485 2.287537 1.643641
v 4.485 2.280964 1.641235
v 4.485 2.267905 1.639771
v 4.485 2.449258 1.767655
v 4.485 2.475667 1.767655
v 4.485 2.409591 1.658272
v 4.485 2.407641 1.651501
v 4.485 2.406471 1.646523
v 4.485 2.405796 1.646523
v 4.485 2.402676 1.65848
v 4.485 2.364725 1.767655
v 4.485 2.336236 1.767655
v 4.485 2.393214 1.622712
v 4.485 2.382037 1.596303
v 4.485 2.377028 1.587121
v 4.485 2.372283 1.581819
v 4.485 2.367726 1.578645
v 4.485 2.362158 1.576529
v 4.485 2.355939 1.575819
v 4.485 2.346698 1.577023
v 4.485 2.341486 1.578731
v 4.485 2.341486 1.556064
v 4.485 2.352291 1.554186
v 4.485 2.357915 1.553984
v 4.485 2.368206 1.555168
v 4.485 2.378259 1.558997
v 4.485 2.387156 1.565215
v 4.485 2.388893 1.566808
v 4.485 2.398215 1.578003
v 4.485 2.409747 1.600461
v 4.485 2.612499 1.645587
v 4.485 2.612499 1.6224
v 4.485 2.529371 1.645587
v 4.485 2.529371 1.714003
v 4.485 2.602102 1.714003
v 4.485 2.602102 1.737294
v 4.485 2.529371 1.737294
v 4.485 2.529371 1.802382
v 4.485 2.607872 1.802382
v 4.485 2.607872 1.825777
v 4.485 2.503117 1.825777
v 4.485 2.503117 1.6224
v 4.485 2.777261 1.67932
v 4.485 2.767163 1.666798
v 4.485 2.785827 1.65089
v 4.485 2.764677 1.664485
v 4.485 2.764441 1.635583
v 4.485 2.751532 1.655394
v 4.485 2.741224 1.626559
v 4.485 2.734689 1.648903
v 4.485 2.706857 1.6224
v 4.485 2.706702 1.645587
v 4.485 2.650918 1.6224
v 4.485 2.677172 1.645587
v 4.485 2.650918 1.825777
v 4.485 2.677172 1.802382
v 4.485 2.708937 1.825777
v 4.485 2.707897 1.802382
v 4.485 2.739992 1.822347
v 4.485 2.735087 1.799245
v 4.485 2.764537 1.813381
v 4.485 2.752553 1.792708
v 4.485 2.785827 1.798847
v 4.485 2.766592 1.783251
v 4.485 2.793078 1.791746
v 4.485 2.772362 1.777549
v 4.485 2.805648 1.773991
v 4.485 2.780221 1.76612
v 4.485 2.813148 1.75457
v 4.485 2.785929 1.751218
v 4.485 2.8165 1.726688
v 4.485 2.788894 1.72596
v 4.485 2.815886 1.713701
v 4.485 2.788218 1.713041
v 4.485 2.810952 1.689895
v 4.485 2.784267 1.694417
v 4.485 2.800931 1.668864
v 4.475 2.707897 1.802382
v 4.475 2.677172 1.802382
v 4.475 2.677172 1.645587
v 4.475 2.706702 1.645587
v 4.475 2.767163 1.666798
v 4.475 2.764677 1.664485
v 4.475 2.751532 1.655394
v 4.475 2.734689 1.648903
v 4.475 2.788894 1.72596
v 4.475 2.788218 1.713041
v 4.475 2.784267 1.694417
v 4.475 2.777261 1.67932
v 4.475 2.766592 1.783251
v 4.475 2.772362 1.777549
v 4.475 2.780221 1.76612
v 4.475 2.785929 1.751218
v 4.475 2.735087 1.799245
v 4.475 2.752553 1.792708
v 4.485 2.884656 1.701006
v 4.485 2.876338 1.678027
v 4.485 2.952916 1.701006
v 4.485 2.961026 1.678027
v 4.485 2.915069 1.785538
v 4.485 2.905243 1.825777
v 4.485 2.827781 1.6224
v 4.485 2.856791 1.6224
v 4.485 2.91683 1.791608
v 4.485 2.918396 1.799783
v 4.485 2.933317 1.825777
v 4.485 2.91902 1.799783
v 4.485 2.920664 1.791179
v 4.485 2.922191 1.785538
v 4.485 3.010779 1.6224
v 4.485 2.981769 1.6224
v 4.475 2.884656 1.701006
v 4.475 2.952916 1.701006
v 4.475 2.922191 1.785538
v 4.475 2.91902 1.799783
v 4.475 2.920664 1.791179
v 4.475 2.918396 1.799783
v 4.475 2.915069 1.785538
v 4.475 2.91683 1.791608
v 4.485 1.041708 1.593533
v 4.485 1.063221 1.566999
v 4.485 1.028635 1.721468
v 4.485 1.003451 1.97271
v 4.485 1.035668 1.989831
v 4.485 1.028063 2.078819
v 4.485 1.118286 2.082965
v 4.485 1.163112 1.977408
v 4.485 1.185207 2.023155
v 4.485 0.997108 1.74089
v 4.485 1.008911 1.630056
v 4.485 1.027189 1.624587
v 4.485 1.085029 2.085857
v 4.485 1.17515 1.724498
v 4.485 1.188578 1.719691
v 4.485 1.309157 1.685319
v 4.485 1.200211 1.711839
v 4.485 1.209527 1.701441
v 4.485 1.511595 1.792322
v 4.485 1.466769 1.868959
v 4.485 1.273007 1.76774
v 4.485 1.163112 1.725806
v 4.485 1.14897 1.723992
v 4.485 1.130007 1.812643
v 4.485 1.136343 1.719008
v 4.485 1.098069 1.800419
v 4.485 1.125038 1.710969
v 4.485 1.068507 1.779873
v 4.485 1.119321 1.704925
v 4.485 1.044604 1.752535
v 4.485 1.111848 1.692964
v 4.485 1.107586 1.679355
v 4.485 1.106867 1.665262
v 4.485 1.217031 1.807202
v 4.485 1.182126 1.815863
v 4.485 1.164558 1.816903
v 4.485 1.215807 1.68957
v 4.485 1.219109 1.676162
v 4.485 1.309157 1.670859
v 4.485 1.21913 1.662932
v 4.485 1.308367 1.655744
v 4.485 1.559312 1.935474
v 4.485 1.57088 1.935474
v 4.485 1.630166 2.013558
v 4.485 1.598404 1.932076
v 4.485 1.637252 2.011175
v 4.485 1.623639 1.922351
v 4.485 1.680284 1.989822
v 4.485 1.719505 1.956651
v 4.485 1.147929 2.117488
v 4.485 1.217641 2.061899
v 4.485 1.18191 2.146588
v 4.485 1.256394 2.090214
v 4.485 1.219892 2.169862
v 4.485 1.07136 1.998308
v 4.485 1.086475 1.999098
v 4.485 1.101658 2.084953
v 4.485 1.120459 1.994878
v 4.485 1.15288 1.983007
v 4.485 1.247718 1.790762
v 4.485 1.719817 1.686764
v 4.485 1.652441 1.74419
v 4.485 1.680478 1.653463
v 4.485 1.631069 1.726721
v 4.485 1.636359 1.631871
v 4.485 1.605561 1.714888
v 4.485 1.588232 1.621695
v 4.485 1.579556 1.7099
v 4.485 1.502919 1.621695
v 4.485 1.514487 1.7099
v 4.485 1.494773 1.623008
v 4.485 1.109545 1.651702
v 4.485 1.115268 1.639547
v 4.485 1.646063 1.906683
v 4.485 1.662681 1.888134
v 4.485 1.749021 1.915516
v 4.485 1.676142 1.863197
v 4.485 1.7667 1.871354
v 4.485 1.682952 1.835429
v 4.485 1.773319 1.824133
v 4.485 1.683667 1.822687
v 4.485 1.766686 1.772536
v 4.485 1.68019 1.794513
v 4.485 1.748524 1.726757
v 4.485 1.670219 1.768744
v 4.485 1.654305 1.746193
v 4.485 1.552083 2.127791
v 4.485 1.495478 2.06135
v 4.485 1.600253 2.071951
v 4.485 1.528107 2.022397
v 4.485 1.550436 1.975816
v 4.485 0.946193 1.889523
v 4.485 0.851187 1.865481
v 4.485 0.941876 1.854499
v 4.485 0.850779 1.851607
v 4.485 0.943615 1.832147
v 4.485 0.857776 1.794966
v 4.485 0.954 1.796765
v 4.485 0.878493 1.741134
v 4.485 0.971187 1.767529
v 4.485 0.91151 1.693994
v 4.485 0.95665 1.655508
v 4.485 1.29989 1.620052
v 4.485 1.215677 1.649054
v 4.485 1.282769 1.587835
v 4.485 1.208953 1.636634
v 4.485 1.260628 1.563017
v 4.485 1.201104 1.627767
v 4.485 1.23183 1.54297
v 4.485 1.19012 1.61989
v 4.485 1.199582 1.530577
v 4.485 1.177595 1.614887
v 4.485 1.164558 1.52626
v 4.485 1.163112 1.613019
v 4.485 1.15902 1.526362
v 4.485 1.160648 1.613073
v 4.485 1.124878 1.531678
v 4.485 1.147667 1.615189
v 4.485 1.091512 1.545687
v 4.485 1.134596 1.620803
v 4.485 1.123528 1.629286
v 4.485 1.286755 2.194875
v 4.485 1.30363 2.109363
v 4.485 1.355428 2.202982
v 4.485 1.356874 2.116223
v 4.485 1.420355 2.195541
v 4.485 1.405927 2.11019
v 4.485 1.492438 2.168653
v 4.485 1.45127 2.092812
v 4.485 1.491894 2.064614
v 4.485 0.974498 2.058022
v 4.485 0.928504 2.025691
v 4.485 0.978633 1.950569
v 4.485 0.91874 2.01645
v 4.485 0.958586 1.921771
v 4.485 0.883973 1.971883
v 4.485 0.860897 1.919826
v 4.485 1.507218 1.711244
v 4.485 1.472469 1.636861
v 4.485 1.47583 1.63344
v 4.485 1.511556 1.710284
v 4.485 1.485208 1.626773
v 4.485 1.460985 1.666521
v 4.485 1.462358 1.65575
v 4.485 1.466166 1.645945
v 4.485 1.494606 1.709908
v 4.485 1.484684 1.705989
v 4.485 1.461353 1.672227
v 4.485 1.475792 1.699687
v 4.485 1.469817 1.693098
v 4.485 1.464256 1.683233
v 4.485 1.505811 1.711346
v 4.475 1.219892 2.169862
v 4.475 1.355428 2.202982
v 4.475 1.420355 2.195541
v 4.475 1.492438 2.168653
v 4.475 1.286755 2.194875
v 4.475 1.163112 1.725806
v 4.475 1.17515 1.724498
v 4.475 1.188578 1.719691
v 4.475 1.200211 1.711839
v 4.475 1.209527 1.701441
v 4.475 1.215807 1.68957
v 4.475 1.219109 1.676162
v 4.475 1.21913 1.662932
v 4.475 1.215677 1.649054
v 4.475 1.208953 1.636634
v 4.475 1.201104 1.627767
v 4.475 1.19012 1.61989
v 4.475 1.177595 1.614887
v 4.475 1.163112 1.613019
v 4.475 1.160648 1.613073
v 4.475 1.147667 1.615189
v 4.475 1.134596 1.620803
v 4.475 1.123528 1.629286
v 4.475 1.115268 1.639547
v 4.475 1.109545 1.651702
v 4.475 1.106867 1.665262
v 4.475 1.107586 1.679355
v 4.475 1.111848 1.692964
v 4.475 1.119321 1.704925
v 4.475 1.125038 1.710969
v 4.475 1.136343 1.719008
v 4.475 1.14897 1.723992
v -1.662157 -0.864128 2.542374
v -1.635179 -0.985691 2.449473
v -2.209175 -0.864128 2.542374
v -2.236153 -0.985691 2.449473
v -2.190907 -0.830478 2.56809
v -2.110694 -0.79847 2.592551
v -2.202516 -0.846454 2.555881
v -1.760637 -0.79847 2.592551
v -1.737576 -0.800612 2.590914
v -2.174973 -0.817059 2.578345
v -2.155574 -0.806922 2.586092
v -2.133756 -0.800612 2.590914
v -1.715757 -0.806922 2.586092
v -1.696359 -0.817059 2.578345
v -1.668816 -0.846454 2.555881
v -1.680425 -0.830478 2.56809
v -2.110694 -0.980632 2.830914
v -1.760637 -0.980632 2.830914
v -2.236153 -1.167853 2.687837
v -1.635179 -1.167853 2.687837
v -2.209175 -1.046289 2.780738
v -1.662157 -1.046289 2.780738
v -1.668816 -1.028616 2.794244
v -1.737576 -0.982773 2.829278
v -2.202516 -1.028616 2.794244
v -2.155574 -0.989083 2.824456
v -2.174973 -0.99922 2.816709
v -2.190907 -1.012639 2.806454
v -1.680425 -1.012639 2.806454
v -1.696359 -0.99922 2.816709
v -1.715757 -0.989083 2.824456
v -2.133756 -0.982773 2.829278
v -2.250802 -1.239937 2.645339
v -1.62053 -1.239937 2.645339
v -2.264614 -1.320048 2.621166
v -1.606718 -1.320048 2.621166
v -2.276798 -1.403608 2.6167
v -1.594533 -1.403608 2.6167
v -2.28666 -1.485839 2.632196
v -1.584672 -1.485839 2.632196
v -2.293634 -1.562043 2.666768
v -1.577697 -1.562043 2.666768
v -2.297323 -1.627862 2.718441
v -1.574008 -1.627862 2.718441
v -2.308523 -1.966908 3.057487
v -1.562809 -1.966908 3.057487
v -1.561218 -2.001329 3.087674
v -2.310113 -2.001329 3.087674
v -1.558608 -2.039396 3.113109
v -2.312723 -2.039396 3.113109
v -1.555024 -2.080456 3.133358
v -2.316308 -2.080456 3.133358
v -2.320806 -2.123809 3.148074
v -1.550526 -2.123809 3.148074
v -1.535666 -2.204641 2.859039
v -2.335666 -2.204641 2.859039
v -1.535666 -2.195262 2.856194
v -2.335666 -2.195262 2.856194
v -1.535666 -2.186617 2.851573
v -2.335666 -2.186617 2.851573
v -1.535666 -2.17904 2.845355
v -2.335666 -2.17904 2.845355
v -1.535666 -1.839994 2.506309
v -2.335666 -1.839994 2.506309
v -2.335666 -1.717759 2.410346
v -1.54138 -1.576238 2.34614
v -2.329952 -1.576238 2.34614
v -2.311637 -1.423522 2.317362
v -1.559694 -1.423522 2.317362
v -2.289008 -1.26834 2.325656
v -1.582323 -1.26834 2.325656
v -2.263358 -1.119561 2.370548
v -1.607973 -1.119561 2.370548
v -2.335666 -1.632982 2.367021
v -1.535666 -1.632982 2.367021
v -1.535666 -1.717759 2.410346
v 2.202516 -0.846454 2.555881
v 2.209175 -0.864128 2.542374
v 2.110694 -0.79847 2.592551
v 1.760637 -0.79847 2.592551
v 2.155574 -0.806922 2.586092
v 2.174973 -0.817059 2.578345
v 2.190907 -0.830478 2.56809
v 2.236153 -0.985691 2.449473
v 1.635179 -0.985691 2.449473
v 1.662157 -0.864128 2.542374
v 1.668816 -0.846454 2.555881
v 1.680425 -0.830478 2.56809
v 2.133756 -0.800612 2.590914
v 1.696359 -0.817059 2.578345
v 1.715757 -0.806922 2.586092
v 1.737576 -0.800612 2.590914
v 2.263358 -1.119561 2.370548
v 1.607973 -1.119561 2.370548
v 2.289008 -1.26834 2.325656
v 1.582323 -1.26834 2.325656
v 2.311637 -1.423522 2.317362
v 1.559694 -1.423522 2.317362
v 2.329952 -1.576238 2.34614
v 1.54138 -1.576238 2.34614
v 1.535666 -1.632982 2.367021
v 2.335666 -1.632982 2.367021
v 1.535666 -1.717759 2.410346
v 2.335666 -1.717759 2.410346
v 2.335666 -1.839994 2.506309
v 1.535666 -1.839994 2.506309
v 1.535666 -2.17904 2.845355
v 2.335666 -2.17904 2.845355
v 1.535666 -2.186617 2.851573
v 2.335666 -2.186617 2.851573
v 1.535666 -2.195262 2.856194
v 2.335666 -2.195262 2.856194
v 1.535666 -2.204641 2.859039
v 2.335666 -2.204641 2.859039
v 2.320806 -2.123809 3.148074
v 1.550526 -2.123809 3.148074
v 1.555024 -2.080456 3.133358
v 2.316308 -2.080456 3.133358
v 1.558608 -2.039396 3.113109
v 2.310113 -2.001329 3.087674
v 2.308523 -1.966908 3.057487
v 1.562809 -1.966908 3.057487
v 2.312723 -2.039396 3.113109
v 1.561218 -2.001329 3.087674
v 2.297323 -1.627862 2.718441
v 1.574008 -1.627862 2.718441
v 2.293634 -1.562043 2.666768
v 1.577697 -1.562043 2.666768
v 2.28666 -1.485839 2.632196
v 1.584672 -1.485839 2.632196
v 2.276798 -1.403608 2.6167
v 1.594533 -1.403608 2.6167
v 2.264614 -1.320048 2.621166
v 1.606718 -1.320048 2.621166
v 2.250802 -1.239937 2.645339
v 1.62053 -1.239937 2.645339
v 2.236153 -1.167853 2.687837
v 1.635179 -1.167853 2.687837
v 2.110694 -0.980632 2.830914
v 1.760637 -0.980632 2.830914
v 2.202516 -1.028616 2.794244
v 2.209175 -1.046289 2.780738
v 1.680425 -1.012639 2.806454
v 1.668816 -1.028616 2.794244
v 1.662157 -1.046289 2.780738
v 2.190907 -1.012639 2.806454
v 2.174973 -0.99922 2.816709
v 2.133756 -0.982773 2.829278
v 2.155574 -0.989083 2.824456
v 1.696359 -0.99922 2.816709
v 1.737576 -0.982773 2.829278
v 1.715757 -0.989083 2.824456
usemtl 1
f 1// 2// 3//
f 3// 2// 4//
f 5// 1// 6//
f 6// 1// 3//
f 7// 5// 8//
f 8// 5// 6//
f 9// 7// 10//
f 10// 7// 8//
f 11// 9// 12//
f 12// 9// 10//
f 11// 12// 13//
f 11// 13// 14//
f 14// 13// 15//
f 14// 15// 16//
f 16// 15// 17//
f 16// 17// 18//
f 18// 17// 19//
f 18// 19// 20//
f 20// 19// 21//
f 20// 21// 22//
f 22// 21// 23//
f 22// 23// 24//
f 2// 24// 4//
f 4// 24// 23//
f 5// 18// 20//
f 7// 9// 5//
f 5// 9// 11//
f 2// 1// 24//
f 24// 1// 5//
f 24// 5// 22//
f 22// 5// 20//
f 11// 14// 5//
f 5// 14// 16//
f 5// 16// 18//
f 6// 17// 15//
f 3// 4// 6//
f 6// 4// 23//
f 10// 8// 12//
f 12// 8// 6//
f 12// 6// 13//
f 13// 6// 15//
f 23// 21// 6//
f 6// 21// 19//
f 6// 19// 17//
f 25// 26// 27//
f 27// 26// 28//
f 26// 29// 28//
f 28// 29// 30//
f 29// 31// 30//
f 30// 31// 32//
f 33// 34// 35//
f 33// 35// 36//
f 36// 35// 37//
f 36// 37// 38//
f 38// 37// 39//
f 38// 39// 40//
f 40// 39// 41//
f 40// 41// 42//
f 42// 41// 43//
f 42// 43// 44//
f 44// 43// 32//
f 44// 32// 31//
f 33// 45// 34//
f 34// 45// 46//
f 45// 47// 46//
f 46// 47// 48//
f 47// 25// 48//
f 48// 25// 27//
f 25// 40// 42//
f 47// 45// 25//
f 25// 45// 33//
f 29// 26// 31//
f 31// 26// 25//
f 31// 25// 44//
f 44// 25// 42//
f 33// 36// 25//
f 25// 36// 38//
f 25// 38// 40//
f 27// 39// 37//
f 28// 30// 27//
f 27// 30// 32//
f 46// 48// 34//
f 34// 48// 27//
f 34// 27// 35//
f 35// 27// 37//
f 32// 43// 27//
f 27// 43// 41//
f 27// 41// 39//
f 49// 50// 51//
f 51// 50// 52//
f 53// 54// 55//
f 55// 54// 56//
f 50// 54// 52//
f 52// 54// 53//
f 56// 54// 49//
f 49// 54// 50//
f 52// 53// 51//
f 51// 53// 55//
f 56// 49// 55//
f 55// 49// 51//
f 57// 58// 59//
f 59// 58// 60//
f 61// 57// 62//
f 62// 57// 59//
f 63// 61// 64//
f 64// 61// 62//
f 63// 64// 65//
f 63// 65// 66//
f 66// 65// 67//
f 66// 67// 68//
f 68// 67// 69//
f 68// 69// 70//
f 70// 69// 71//
f 70// 71// 72//
f 72// 71// 73//
f 72// 73// 74//
f 74// 73// 75//
f 74// 75// 76//
f 77// 76// 78//
f 78// 76// 75//
f 79// 77// 80//
f 80// 77// 78//
f 58// 79// 60//
f 60// 79// 80//
f 58// 70// 72//
f 57// 61// 58//
f 58// 61// 63//
f 77// 79// 76//
f 76// 79// 58//
f 76// 58// 74//
f 74// 58// 72//
f 63// 66// 58//
f 58// 66// 68//
f 58// 68// 70//
f 60// 69// 67//
f 80// 78// 60//
f 60// 78// 75//
f 62// 59// 64//
f 64// 59// 60//
f 64// 60// 65//
f 65// 60// 67//
f 75// 73// 60//
f 60// 73// 71//
f 60// 71// 69//
f 81// 82// 83//
f 83// 82// 84//
f 85// 81// 86//
f 86// 81// 83//
f 87// 85// 88//
f 88// 85// 86//
f 89// 87// 90//
f 90// 87// 88//
f 89// 90// 91//
f 89// 91// 92//
f 92// 91// 93//
f 92// 93// 94//
f 94// 93// 95//
f 94// 95// 96//
f 96// 95// 97//
f 96// 97// 98//
f 98// 97// 99//
f 98// 99// 100//
f 100// 99// 101//
f 100// 101// 102//
f 103// 102// 104//
f 104// 102// 101//
f 82// 103// 84//
f 84// 103// 104//
f 81// 96// 98//
f 85// 87// 81//
f 81// 87// 89//
f 103// 82// 102//
f 102// 82// 81//
f 102// 81// 100//
f 100// 81// 98//
f 89// 92// 81//
f 81// 92// 94//
f 81// 94// 96//
f 83// 95// 93//
f 84// 104// 83//
f 83// 104// 101//
f 88// 86// 90//
f 90// 86// 83//
f 90// 83// 91//
f 91// 83// 93//
f 101// 99// 83//
f 83// 99// 97//
f 83// 97// 95//
usemtl 2
f 105// 106// 107//
f 107// 106// 108//
f 108// 109// 110//
f 110// 111// 108//
f 108// 111// 112//
f 108// 112// 107//
f 113// 114// 115//
f 115// 114// 116//
f 115// 116// 117//
f 117// 116// 118//
f 117// 118// 119//
f 119// 118// 120//
f 121// 122// 123//
f 123// 122// 124//
f 123// 124// 125//
f 125// 124// 126//
f 125// 126// 127//
f 127// 126// 128//
f 129// 130// 131//
f 131// 130// 132//
f 131// 132// 133//
f 133// 132// 134//
f 133// 134// 135//
f 135// 134// 136//
f 137// 138// 139//
f 139// 138// 140//
f 139// 140// 141//
f 141// 140// 142//
f 141// 142// 143//
f 143// 142// 144//
f 145// 146// 147//
f 147// 146// 148//
f 147// 148// 149//
f 149// 148// 150//
f 149// 150// 151//
f 151// 150// 152//
f 153// 154// 155//
f 155// 154// 156//
f 155// 156// 157//
f 157// 156// 158//
f 157// 158// 159//
f 159// 158// 160//
f 161// 162// 163//
f 163// 162// 164//
f 163// 164// 165//
f 165// 164// 166//
f 165// 166// 167//
f 167// 166// 168//
f 169// 170// 171//
f 171// 170// 172//
f 171// 172// 173//
f 173// 172// 174//
f 173// 174// 175//
f 175// 174// 176//
f 168// 177// 170//
f 170// 177// 178//
f 179// 180// 181//
f 182// 183// 184//
f 184// 183// 185//
f 184// 185// 181//
f 181// 185// 186//
f 181// 186// 179//
f 187// 176// 188//
f 188// 176// 181//
f 188// 181// 189//
f 189// 181// 180//
f 190// 162// 191//
f 191// 162// 160//
f 152// 192// 154//
f 154// 192// 193//
f 178// 177// 194//
f 194// 177// 195//
f 196// 197// 181//
f 181// 197// 184//
f 198// 199// 191//
f 191// 199// 190//
f 193// 192// 200//
f 200// 192// 201//
f 197// 196// 202//
f 202// 196// 203//
f 204// 202// 205//
f 205// 202// 203//
f 205// 203// 206//
f 206// 203// 207//
f 208// 146// 209//
f 209// 146// 144//
f 136// 210// 138//
f 138// 210// 211//
f 212// 213// 214//
f 215// 216// 217//
f 217// 216// 218//
f 217// 218// 219//
f 219// 218// 214//
f 219// 214// 220//
f 220// 214// 213//
f 212// 214// 221//
f 221// 214// 114//
f 221// 114// 222//
f 223// 122// 224//
f 224// 122// 120//
f 225// 130// 226//
f 226// 130// 128//
f 227// 228// 209//
f 209// 228// 208//
f 211// 210// 229//
f 229// 210// 230//
f 214// 218// 231//
f 231// 218// 232//
f 233// 234// 224//
f 224// 234// 223//
f 235// 236// 226//
f 226// 236// 225//
f 237// 231// 232//
f 238// 239// 240//
f 241// 242// 240//
f 240// 242// 237//
f 240// 237// 238//
f 238// 237// 232//
f 243// 244// 245//
f 245// 244// 246//
f 245// 246// 247//
f 247// 246// 248//
f 247// 248// 249//
f 249// 248// 250//
f 251// 252// 253//
f 253// 252// 254//
f 253// 254// 255//
f 255// 254// 256//
f 255// 256// 257//
f 257// 256// 258//
f 259// 260// 261//
f 261// 260// 262//
f 261// 262// 263//
f 263// 262// 264//
f 263// 264// 265//
f 265// 264// 266//
f 267// 268// 269//
f 269// 268// 270//
f 269// 270// 271//
f 271// 270// 272//
f 271// 272// 273//
f 273// 272// 274//
f 275// 276// 277//
f 276// 275// 278//
f 278// 275// 268//
f 278// 268// 279//
f 280// 281// 282//
f 282// 281// 283//
f 282// 283// 284//
f 284// 283// 275//
f 284// 275// 285//
f 285// 275// 277//
f 286// 287// 288//
f 288// 287// 274//
f 275// 283// 204//
f 204// 283// 202//
f 289// 290// 288//
f 288// 290// 286//
f 291// 292// 293//
f 293// 292// 294//
f 294// 292// 295//
f 295// 292// 296//
f 297// 298// 299//
f 299// 298// 300//
f 301// 298// 302//
f 302// 298// 297//
f 303// 304// 305//
f 305// 304// 306//
f 307// 308// 309//
f 309// 308// 310//
f 309// 310// 311//
f 311// 310// 312//
f 311// 312// 304//
f 304// 312// 313//
f 304// 313// 306//
f 314// 315// 307//
f 307// 315// 316//
f 307// 316// 308//
f 317// 318// 319//
f 317// 319// 320//
f 320// 319// 321//
f 320// 321// 322//
f 323// 324// 307//
f 303// 325// 304//
f 304// 325// 326//
f 304// 326// 327//
f 327// 328// 304//
f 304// 328// 318//
f 304// 318// 307//
f 307// 318// 317//
f 307// 317// 323//
f 324// 329// 307//
f 307// 329// 330//
f 307// 330// 314//
f 331// 332// 333//
f 333// 332// 334//
f 333// 334// 335//
f 336// 337// 335//
f 335// 337// 338//
f 335// 338// 333//
f 308// 108// 310//
f 310// 108// 106//
f 107// 330// 329//
f 107// 329// 339//
f 339// 329// 324//
f 339// 324// 340//
f 107// 112// 330//
f 330// 112// 111//
f 330// 111// 314//
f 314// 111// 110//
f 314// 110// 315//
f 315// 110// 109//
f 315// 109// 316//
f 316// 109// 108//
f 316// 108// 308//
f 340// 324// 341//
f 341// 324// 342//
f 323// 343// 324//
f 324// 343// 344//
f 324// 344// 342//
f 323// 317// 343//
f 343// 317// 345//
f 317// 320// 345//
f 345// 320// 346//
f 320// 322// 346//
f 346// 322// 347//
f 322// 321// 347//
f 347// 321// 348//
f 106// 105// 310//
f 310// 105// 349//
f 332// 331// 350//
f 350// 331// 312//
f 350// 312// 351//
f 349// 352// 310//
f 310// 352// 353//
f 310// 353// 312//
f 312// 353// 354//
f 312// 354// 351//
f 355// 356// 304//
f 355// 304// 357//
f 357// 304// 307//
f 357// 307// 358//
f 359// 358// 309//
f 309// 358// 307//
f 359// 309// 360//
f 360// 309// 311//
f 360// 311// 361//
f 361// 311// 362//
f 357// 358// 360//
f 360// 358// 359//
f 281// 280// 182//
f 182// 280// 183//
f 363// 364// 365//
f 365// 364// 244//
f 206// 207// 289//
f 289// 207// 194//
f 289// 194// 290//
f 290// 194// 195//
f 290// 195// 296//
f 296// 195// 199//
f 296// 199// 295//
f 295// 199// 198//
f 295// 198// 302//
f 302// 198// 200//
f 302// 200// 301//
f 301// 200// 201//
f 301// 201// 366//
f 366// 201// 228//
f 366// 228// 367//
f 367// 228// 227//
f 367// 227// 368//
f 368// 227// 229//
f 368// 229// 369//
f 369// 229// 230//
f 369// 230// 370//
f 370// 230// 236//
f 370// 236// 371//
f 371// 236// 235//
f 371// 235// 372//
f 372// 235// 234//
f 372// 234// 373//
f 373// 234// 233//
f 373// 233// 241//
f 241// 233// 242//
f 187// 188// 279//
f 279// 188// 278//
f 278// 188// 276//
f 276// 188// 189//
f 276// 189// 277//
f 277// 189// 180//
f 277// 180// 285//
f 285// 180// 179//
f 285// 179// 284//
f 284// 179// 186//
f 284// 186// 282//
f 282// 186// 185//
f 282// 185// 280//
f 280// 185// 183//
f 281// 182// 184//
f 197// 202// 184//
f 184// 202// 283//
f 184// 283// 281//
f 367// 364// 366//
f 366// 364// 363//
f 360// 187// 357//
f 357// 187// 279//
f 159// 160// 360//
f 361// 222// 114//
f 127// 128// 361//
f 114// 113// 361//
f 361// 113// 119//
f 361// 119// 120//
f 128// 130// 361//
f 361// 130// 129//
f 361// 129// 135//
f 169// 175// 360//
f 360// 175// 176//
f 360// 176// 187//
f 120// 122// 361//
f 361// 122// 121//
f 361// 121// 127//
f 160// 162// 360//
f 360// 162// 161//
f 360// 161// 167//
f 167// 168// 360//
f 360// 168// 170//
f 360// 170// 169//
f 152// 360// 151//
f 151// 360// 145//
f 152// 154// 360//
f 360// 154// 153//
f 360// 153// 159//
f 135// 136// 361//
f 361// 136// 138//
f 361// 138// 137//
f 137// 143// 361//
f 361// 143// 144//
f 361// 144// 360//
f 360// 144// 146//
f 360// 146// 145//
f 279// 268// 357//
f 357// 268// 267//
f 357// 267// 273//
f 273// 274// 357//
f 357// 274// 287//
f 357// 287// 291//
f 291// 293// 357//
f 357// 293// 299//
f 357// 299// 300//
f 265// 266// 355//
f 374// 375// 355//
f 355// 375// 376//
f 355// 376// 377//
f 266// 252// 355//
f 355// 252// 251//
f 355// 251// 257//
f 257// 258// 355//
f 355// 258// 378//
f 355// 378// 374//
f 249// 250// 355//
f 300// 365// 357//
f 357// 365// 244//
f 357// 244// 355//
f 355// 244// 243//
f 355// 243// 249//
f 250// 260// 355//
f 355// 260// 259//
f 355// 259// 265//
f 301// 366// 379//
f 379// 366// 380//
f 379// 380// 300//
f 300// 380// 365//
f 300// 298// 379//
f 379// 298// 301//
f 365// 380// 363//
f 363// 380// 366//
f 381// 382// 296//
f 296// 382// 290//
f 382// 381// 287//
f 287// 381// 291//
f 287// 286// 382//
f 382// 286// 290//
f 291// 381// 292//
f 292// 381// 296//
f 295// 302// 383//
f 383// 302// 384//
f 383// 384// 293//
f 293// 384// 299//
f 293// 294// 383//
f 383// 294// 295//
f 299// 384// 297//
f 297// 384// 302//
f 289// 272// 206//
f 206// 272// 270//
f 206// 270// 205//
f 270// 268// 205//
f 205// 268// 275//
f 205// 275// 204//
f 272// 289// 274//
f 274// 289// 288//
usemtl 1
f 385// 267// 386//
f 386// 267// 269//
f 386// 269// 387//
f 387// 269// 271//
f 387// 271// 388//
f 388// 271// 273//
f 388// 273// 385//
f 385// 273// 267//
f 385// 386// 388//
f 388// 386// 387//
usemtl 2
f 374// 378// 389//
f 389// 378// 390//
f 389// 390// 391//
f 391// 390// 392//
f 391// 392// 375//
f 375// 392// 376//
f 393// 394// 395//
f 396// 397// 398//
f 398// 397// 399//
f 398// 399// 395//
f 395// 399// 400//
f 395// 400// 393//
f 377// 376// 401//
f 401// 376// 395//
f 401// 395// 402//
f 402// 395// 394//
f 258// 403// 378//
f 378// 403// 404//
f 398// 395// 238//
f 238// 395// 239//
f 372// 373// 403//
f 403// 373// 404//
f 405// 252// 406//
f 406// 252// 266//
f 405// 406// 371//
f 371// 406// 370//
f 407// 408// 250//
f 250// 408// 260//
f 407// 368// 408//
f 408// 368// 369//
f 333// 313// 331//
f 331// 313// 312//
f 327// 326// 409//
f 409// 326// 410//
f 410// 326// 334//
f 334// 326// 325//
f 334// 325// 335//
f 335// 325// 303//
f 335// 303// 336//
f 336// 303// 305//
f 336// 305// 337//
f 337// 305// 306//
f 337// 306// 338//
f 338// 306// 313//
f 338// 313// 333//
f 327// 409// 411//
f 412// 328// 413//
f 413// 328// 327//
f 413// 327// 414//
f 414// 327// 411//
f 318// 328// 415//
f 415// 328// 412//
f 319// 318// 416//
f 416// 318// 415//
f 321// 319// 348//
f 348// 319// 416//
f 356// 362// 304//
f 304// 362// 311//
f 356// 355// 362//
f 362// 355// 361//
f 397// 396// 215//
f 215// 396// 216//
f 221// 222// 401//
f 401// 222// 377//
f 397// 215// 399//
f 399// 215// 217//
f 399// 217// 400//
f 400// 217// 219//
f 400// 219// 393//
f 393// 219// 220//
f 393// 220// 394//
f 394// 220// 213//
f 394// 213// 402//
f 402// 213// 212//
f 402// 212// 401//
f 401// 212// 221//
f 238// 232// 398//
f 398// 232// 218//
f 398// 218// 396//
f 396// 218// 216//
f 222// 361// 377//
f 377// 361// 355//
f 367// 368// 246//
f 246// 368// 248//
f 407// 250// 368//
f 368// 250// 248//
f 246// 244// 367//
f 367// 244// 364//
f 256// 254// 372//
f 372// 254// 371//
f 403// 258// 372//
f 372// 258// 256//
f 254// 252// 371//
f 371// 252// 405//
f 369// 370// 262//
f 262// 370// 264//
f 406// 266// 370//
f 370// 266// 264//
f 262// 260// 369//
f 369// 260// 408//
f 240// 392// 241//
f 241// 392// 390//
f 241// 390// 373//
f 376// 392// 395//
f 395// 392// 240//
f 395// 240// 239//
f 373// 390// 404//
f 404// 390// 378//
usemtl 1
f 375// 417// 391//
f 391// 417// 418//
f 391// 418// 389//
f 389// 418// 419//
f 389// 419// 374//
f 374// 419// 420//
f 374// 420// 375//
f 375// 420// 417//
f 418// 417// 419//
f 419// 417// 420//
f 421// 422// 423//
f 423// 422// 424//
f 263// 423// 261//
f 261// 423// 424//
f 265// 259// 421//
f 421// 259// 422//
f 265// 421// 263//
f 263// 421// 423//
f 259// 261// 422//
f 422// 261// 424//
f 425// 426// 427//
f 427// 426// 428//
f 255// 427// 253//
f 253// 427// 428//
f 257// 251// 425//
f 425// 251// 426//
f 257// 425// 255//
f 255// 425// 427//
f 251// 253// 426//
f 426// 253// 428//
f 429// 430// 431//
f 431// 430// 432//
f 247// 431// 245//
f 245// 431// 432//
f 249// 243// 429//
f 429// 243// 430//
f 249// 429// 247//
f 247// 429// 431//
f 243// 245// 430//
f 430// 245// 432//
usemtl 2
f 148// 146// 228//
f 228// 146// 208//
f 192// 152// 201//
f 201// 152// 150//
f 228// 201// 148//
f 148// 201// 150//
f 116// 114// 237//
f 237// 114// 214//
f 237// 214// 231//
f 233// 118// 242//
f 242// 118// 116//
f 242// 116// 237//
f 118// 233// 120//
f 120// 233// 224//
f 166// 164// 195//
f 195// 164// 199//
f 166// 195// 168//
f 168// 195// 177//
f 162// 190// 164//
f 164// 190// 199//
f 158// 156// 198//
f 198// 156// 200//
f 158// 198// 160//
f 160// 198// 191//
f 154// 193// 156//
f 156// 193// 200//
f 134// 230// 136//
f 136// 230// 210//
f 130// 225// 132//
f 132// 225// 236//
f 132// 236// 134//
f 134// 236// 230//
f 126// 235// 128//
f 128// 235// 226//
f 122// 223// 124//
f 124// 223// 234//
f 124// 234// 126//
f 126// 234// 235//
f 140// 229// 142//
f 142// 229// 227//
f 142// 227// 144//
f 144// 227// 209//
f 138// 211// 140//
f 140// 211// 229//
f 170// 178// 172//
f 172// 178// 194//
f 203// 174// 207//
f 207// 174// 172//
f 207// 172// 194//
f 176// 174// 181//
f 181// 174// 203//
f 181// 203// 196//
usemtl 1
f 433// 171// 434//
f 434// 171// 173//
f 435// 169// 433//
f 433// 169// 171//
f 436// 175// 435//
f 435// 175// 169//
f 434// 173// 436//
f 436// 173// 175//
f 433// 434// 435//
f 435// 434// 436//
f 437// 163// 438//
f 438// 163// 165//
f 439// 161// 437//
f 437// 161// 163//
f 440// 167// 439//
f 439// 167// 161//
f 438// 165// 440//
f 440// 165// 167//
f 437// 438// 439//
f 439// 438// 440//
f 441// 155// 442//
f 442// 155// 157//
f 443// 153// 441//
f 441// 153// 155//
f 444// 159// 443//
f 443// 159// 153//
f 442// 157// 444//
f 444// 157// 159//
f 441// 442// 443//
f 443// 442// 444//
f 445// 147// 446//
f 446// 147// 149//
f 447// 145// 445//
f 445// 145// 147//
f 448// 151// 447//
f 447// 151// 145//
f 446// 149// 448//
f 448// 149// 151//
f 445// 446// 447//
f 447// 446// 448//
f 449// 137// 450//
f 450// 137// 139//
f 451// 143// 449//
f 449// 143// 137//
f 452// 141// 451//
f 451// 141// 143//
f 450// 139// 452//
f 452// 139// 141//
f 449// 450// 451//
f 451// 450// 452//
f 453// 133// 454//
f 454// 133// 135//
f 455// 131// 453//
f 453// 131// 133//
f 456// 129// 455//
f 455// 129// 131//
f 454// 135// 456//
f 456// 135// 129//
f 453// 454// 455//
f 455// 454// 456//
f 457// 125// 458//
f 458// 125// 127//
f 459// 123// 457//
f 457// 123// 125//
f 460// 121// 459//
f 459// 121// 123//
f 458// 127// 460//
f 460// 127// 121//
f 457// 458// 459//
f 459// 458// 460//
f 461// 117// 462//
f 462// 117// 119//
f 463// 115// 461//
f 461// 115// 117//
f 464// 113// 463//
f 463// 113// 115//
f 462// 119// 464//
f 464// 119// 113//
f 461// 462// 463//
f 463// 462// 464//
usemtl 2
f 340// 341// 349//
f 340// 349// 339//
f 339// 349// 105//
f 339// 105// 107//
f 349// 341// 352//
f 352// 341// 342//
f 352// 342// 353//
f 353// 342// 344//
f 345// 354// 343//
f 343// 354// 353//
f 343// 353// 344//
f 415// 345// 346//
f 415// 346// 416//
f 416// 346// 347//
f 416// 347// 348//
f 345// 415// 354//
f 354// 415// 412//
f 354// 412// 413//
f 354// 413// 351//
f 351// 413// 414//
f 351// 414// 350//
f 350// 414// 411//
f 334// 332// 410//
f 410// 332// 350//
f 410// 350// 409//
f 409// 350// 411//
usemtl 1
f 465// 466// 467//
f 467// 466// 468//
f 469// 470// 471//
f 471// 470// 472//
f 466// 470// 468//
f 468// 470// 469//
f 472// 470// 465//
f 465// 470// 466//
f 468// 469// 467//
f 467// 469// 471//
f 472// 465// 471//
f 471// 465// 467//
f 473// 474// 475//
f 475// 474// 476//
f 477// 478// 479//
f 479// 478// 480//
f 474// 478// 476//
f 476// 478// 477//
f 480// 478// 473//
f 473// 478// 474//
f 476// 477// 475//
f 475// 477// 479//
f 480// 473// 479//
f 479// 473// 475//
f 481// 482// 483//
f 483// 482// 484//
f 482// 485// 484//
f 484// 485// 486//
f 485// 487// 486//
f 486// 487// 488//
f 487// 489// 488//
f 488// 489// 490//
f 489// 491// 490//
f 490// 491// 492//
f 493// 494// 495//
f 493// 495// 496//
f 496// 495// 497//
f 496// 497// 498//
f 498// 497// 499//
f 498// 499// 500//
f 500// 499// 501//
f 500// 501// 502//
f 502// 501// 503//
f 502// 503// 504//
f 504// 503// 492//
f 504// 492// 491//
f 493// 481// 494//
f 494// 481// 483//
f 485// 500// 502//
f 482// 481// 485//
f 485// 481// 493//
f 489// 487// 491//
f 491// 487// 485//
f 491// 485// 504//
f 504// 485// 502//
f 493// 496// 485//
f 485// 496// 498//
f 485// 498// 500//
f 486// 499// 497//
f 488// 490// 486//
f 486// 490// 492//
f 483// 484// 494//
f 494// 484// 486//
f 494// 486// 495//
f 495// 486// 497//
f 492// 503// 486//
f 486// 503// 501//
f 486// 501// 499//
f 505// 506// 507//
f 507// 506// 508//
f 506// 509// 508//
f 508// 509// 510//
f 509// 511// 510//
f 510// 511// 512//
f 511// 513// 512//
f 512// 513// 514//
f 515// 516// 517//
f 515// 517// 518//
f 518// 517// 519//
f 518// 519// 520//
f 520// 519// 521//
f 520// 521// 522//
f 522// 521// 523//
f 522// 523// 524//
f 524// 523// 525//
f 524// 525// 526//
f 526// 525// 514//
f 526// 514// 513//
f 515// 527// 516//
f 516// 527// 528//
f 527// 505// 528//
f 528// 505// 507//
f 506// 522// 524//
f 505// 527// 506//
f 506// 527// 515//
f 511// 509// 513//
f 513// 509// 506//
f 513// 506// 526//
f 526// 506// 524//
f 515// 518// 506//
f 506// 518// 520//
f 506// 520// 522//
f 508// 521// 519//
f 510// 512// 508//
f 508// 512// 514//
f 528// 507// 516//
f 516// 507// 508//
f 516// 508// 517//
f 517// 508// 519//
f 514// 525// 508//
f 508// 525// 523//
f 508// 523// 521//
usemtl 3
f 529// 530// 531//
f 531// 530// 532//
f 533// 534// 535//
f 536// 537// 538//
f 538// 537// 531//
f 539// 540// 541//
f 541// 540// 542//
f 541// 542// 543//
f 535// 544// 533//
f 533// 544// 541//
f 533// 541// 545//
f 546// 547// 548//
f 549// 550// 551//
f 543// 552// 541//
f 541// 552// 553//
f 541// 553// 545//
f 546// 548// 554//
f 548// 555// 554//
f 554// 555// 556//
f 554// 556// 557//
f 558// 559// 560//
f 561// 562// 541//
f 541// 562// 563//
f 541// 563// 564//
f 557// 565// 554//
f 554// 565// 566//
f 554// 566// 567//
f 554// 550// 541//
f 541// 550// 568//
f 541// 568// 539//
f 544// 569// 541//
f 541// 569// 570//
f 541// 570// 561//
f 561// 570// 558//
f 561// 558// 571//
f 571// 558// 560//
f 567// 572// 554//
f 554// 572// 573//
f 554// 573// 550//
f 550// 573// 574//
f 550// 574// 551//
f 558// 575// 559//
f 559// 575// 576//
f 559// 576// 577//
f 578// 579// 580//
f 580// 579// 581//
f 580// 581// 582//
f 582// 581// 583//
f 582// 583// 584//
f 585// 586// 587//
f 587// 586// 588//
f 587// 588// 589//
f 590// 591// 588//
f 588// 591// 592//
f 588// 592// 589//
f 593// 594// 580//
f 580// 594// 595//
f 580// 596// 597//
f 585// 587// 598//
f 598// 587// 599//
f 598// 599// 600//
f 600// 601// 598//
f 598// 601// 602//
f 598// 602// 603//
f 603// 604// 598//
f 598// 604// 605//
f 598// 605// 551//
f 595// 606// 580//
f 580// 606// 607//
f 580// 607// 596//
f 584// 608// 582//
f 582// 608// 609//
f 582// 609// 610//
f 610// 611// 582//
f 582// 611// 612//
f 582// 612// 613//
f 614// 615// 616//
f 617// 618// 551//
f 551// 618// 619//
f 620// 621// 551//
f 551// 621// 622//
f 564// 538// 541//
f 541// 538// 531//
f 541// 531// 580//
f 580// 531// 532//
f 580// 532// 593//
f 613// 623// 582//
f 582// 623// 624//
f 582// 624// 625//
f 625// 624// 626//
f 625// 626// 627//
f 577// 628// 559//
f 559// 628// 614//
f 559// 614// 629//
f 629// 614// 616//
f 551// 605// 617//
f 617// 605// 630//
f 617// 630// 631//
f 622// 632// 551//
f 551// 632// 633//
f 551// 633// 549//
f 597// 634// 580//
f 580// 634// 590//
f 580// 590// 578//
f 578// 590// 588//
f 615// 635// 616//
f 616// 635// 636//
f 616// 636// 631//
f 631// 636// 637//
f 631// 637// 617//
f 619// 638// 551//
f 551// 638// 639//
f 551// 639// 620//
f 640// 641// 642//
f 640// 642// 643//
f 644// 645// 646//
f 647// 648// 649//
f 650// 651// 652//
f 653// 654// 655//
f 655// 654// 656//
f 657// 658// 659//
f 659// 658// 654//
f 659// 654// 660//
f 660// 654// 653//
f 643// 642// 661//
f 661// 642// 647//
f 661// 647// 662//
f 663// 664// 665//
f 666// 667// 642//
f 642// 667// 668//
f 642// 668// 669//
f 669// 670// 642//
f 642// 670// 671//
f 642// 671// 672//
f 673// 674// 652//
f 652// 674// 675//
f 652// 675// 650//
f 663// 676// 652//
f 652// 676// 677//
f 652// 677// 654//
f 654// 677// 678//
f 654// 678// 679//
f 641// 680// 642//
f 642// 680// 681//
f 642// 681// 682//
f 683// 684// 685//
f 684// 686// 685//
f 685// 686// 687//
f 685// 687// 688//
f 651// 689// 652//
f 652// 689// 690//
f 652// 690// 663//
f 663// 690// 691//
f 663// 691// 664//
f 692// 693// 647//
f 647// 693// 694//
f 647// 694// 695//
f 647// 696// 697//
f 679// 698// 654//
f 654// 698// 699//
f 654// 699// 656//
f 682// 700// 642//
f 642// 700// 530//
f 642// 530// 529//
f 666// 701// 667//
f 667// 701// 702//
f 667// 702// 703//
f 703// 704// 667//
f 667// 704// 705//
f 667// 705// 706//
f 706// 705// 707//
f 708// 709// 652//
f 710// 711// 712//
f 712// 711// 713//
f 712// 713// 714//
f 695// 715// 647//
f 647// 715// 716//
f 647// 716// 696//
f 648// 647// 717//
f 717// 647// 697//
f 717// 697// 712//
f 712// 697// 718//
f 712// 718// 710//
f 647// 719// 720//
f 721// 722// 723//
f 723// 722// 724//
f 723// 724// 529//
f 529// 724// 725//
f 529// 725// 642//
f 642// 725// 726//
f 642// 726// 666//
f 727// 728// 729//
f 729// 728// 730//
f 708// 652// 731//
f 665// 732// 663//
f 663// 732// 733//
f 663// 733// 734//
f 734// 733// 735//
f 734// 735// 736//
f 736// 735// 737//
f 720// 738// 647//
f 647// 738// 739//
f 647// 739// 662//
f 740// 741// 742//
f 742// 741// 743//
f 740// 742// 744//
f 744// 742// 745//
f 744// 745// 746//
f 747// 748// 749//
f 749// 748// 750//
f 749// 750// 672//
f 672// 750// 731//
f 672// 731// 642//
f 642// 731// 652//
f 709// 751// 652//
f 652// 751// 752//
f 652// 752// 753//
f 735// 754// 737//
f 737// 754// 755//
f 737// 755// 714//
f 714// 755// 756//
f 714// 756// 757//
f 757// 758// 714//
f 714// 758// 759//
f 714// 759// 685//
f 692// 647// 760//
f 760// 647// 761//
f 760// 761// 762//
f 649// 763// 647//
f 647// 763// 764//
f 647// 764// 765//
f 707// 705// 766//
f 766// 705// 767//
f 766// 767// 646//
f 646// 767// 768//
f 646// 768// 644//
f 673// 769// 770//
f 688// 771// 685//
f 685// 771// 772//
f 685// 772// 714//
f 714// 772// 773//
f 714// 773// 712//
f 719// 647// 774//
f 774// 647// 765//
f 774// 765// 728//
f 728// 765// 775//
f 728// 775// 730//
f 746// 776// 744//
f 744// 776// 646//
f 744// 646// 777//
f 777// 646// 645//
f 777// 645// 778//
f 778// 645// 779//
f 778// 779// 780//
f 683// 685// 743//
f 743// 685// 781//
f 743// 781// 742//
f 782// 783// 784//
f 784// 783// 785//
f 746// 786// 776//
f 776// 786// 783//
f 776// 783// 787//
f 787// 783// 782//
f 753// 788// 652//
f 652// 788// 789//
f 652// 789// 790//
f 790// 791// 652//
f 652// 791// 792//
f 652// 792// 673//
f 673// 792// 793//
f 673// 793// 769//
f 780// 794// 778//
f 778// 794// 795//
f 778// 795// 796//
f 796// 795// 797//
f 796// 797// 798//
f 798// 797// 728//
f 798// 728// 799//
f 799// 728// 727//
f 770// 800// 673//
f 673// 800// 801//
f 673// 801// 802//
f 802// 801// 803//
f 802// 803// 804//
f 804// 803// 805//
f 804// 805// 783//
f 783// 805// 806//
f 783// 806// 785//
f 545// 708// 533//
f 533// 708// 731//
f 807// 808// 809//
f 810// 811// 812//
f 813// 814// 815//
f 816// 817// 818//
f 819// 820// 821//
f 822// 823// 824//
f 825// 826// 827//
f 828// 829// 830//
f 831// 832// 833//
f 834// 835// 836//
f 837// 838// 839//
f 840// 841// 842//
f 843// 844// 845//
f 843// 845// 846//
f 847// 848// 849//
f 850// 851// 852//
f 852// 851// 853//
f 854// 855// 856//
f 856// 855// 857//
f 856// 857// 858//
f 847// 849// 859//
f 859// 849// 856//
f 859// 856// 860//
f 860// 856// 858//
f 860// 858// 852//
f 852// 858// 861//
f 852// 861// 850//
f 862// 863// 821//
f 864// 862// 865//
f 865// 862// 866//
f 863// 867// 839//
f 839// 867// 868//
f 851// 869// 853//
f 853// 869// 870//
f 853// 870// 865//
f 865// 870// 871//
f 865// 871// 864//
f 868// 872// 839//
f 839// 872// 873//
f 839// 873// 837//
f 835// 874// 836//
f 836// 874// 875//
f 836// 875// 876//
f 862// 821// 866//
f 866// 821// 820//
f 866// 820// 876//
f 877// 834// 878//
f 879// 880// 881//
f 881// 880// 882//
f 883// 882// 884//
f 885// 886// 887//
f 887// 886// 883//
f 888// 889// 890//
f 891// 886// 892//
f 892// 886// 893//
f 891// 894// 886//
f 886// 894// 895//
f 886// 895// 890//
f 890// 895// 896//
f 890// 896// 888//
f 897// 898// 899//
f 897// 899// 900//
f 889// 901// 890//
f 890// 901// 902//
f 890// 902// 899//
f 899// 902// 903//
f 899// 903// 900//
f 900// 903// 904//
f 898// 905// 899//
f 899// 905// 906//
f 899// 906// 907//
f 907// 906// 908//
f 907// 908// 909//
f 909// 908// 910//
f 909// 910// 911//
f 911// 910// 912//
f 911// 912// 913//
f 914// 915// 916//
f 916// 915// 917//
f 916// 917// 918//
f 919// 920// 916//
f 916// 920// 921//
f 916// 921// 914//
f 922// 923// 924//
f 918// 925// 926//
f 926// 925// 927//
f 926// 927// 928//
f 929// 930// 931//
f 922// 924// 932//
f 932// 924// 933//
f 932// 933// 926//
f 934// 935// 928//
f 928// 935// 929//
f 928// 929// 926//
f 926// 929// 936//
f 926// 936// 932//
f 931// 937// 929//
f 929// 937// 938//
f 929// 938// 936//
f 833// 832// 939//
f 939// 832// 940//
f 939// 940// 928//
f 928// 940// 941//
f 928// 941// 934//
f 930// 929// 942//
f 942// 929// 943//
f 942// 943// 944//
f 944// 945// 942//
f 942// 945// 946//
f 942// 946// 913//
f 913// 946// 947//
f 913// 947// 911//
f 833// 948// 831//
f 831// 948// 949//
f 831// 949// 950//
f 950// 949// 951//
f 949// 952// 951//
f 951// 952// 953//
f 951// 953// 954//
f 954// 953// 955//
f 954// 955// 956//
f 957// 958// 919//
f 919// 958// 959//
f 919// 959// 920//
f 919// 960// 957//
f 957// 960// 961//
f 957// 961// 962//
f 962// 961// 963//
f 962// 963// 964//
f 918// 926// 916//
f 916// 926// 965//
f 916// 965// 966//
f 885// 967// 968//
f 969// 970// 971//
f 969// 971// 972//
f 970// 973// 971//
f 971// 973// 974//
f 971// 974// 975//
f 976// 977// 968//
f 968// 977// 978//
f 968// 978// 979//
f 971// 980// 981//
f 975// 982// 971//
f 971// 982// 983//
f 971// 983// 984//
f 984// 985// 971//
f 971// 985// 986//
f 971// 986// 980//
f 987// 988// 989//
f 989// 988// 990//
f 989// 990// 971//
f 971// 990// 991//
f 971// 991// 972//
f 992// 993// 994//
f 992// 994// 995//
f 993// 996// 994//
f 994// 996// 997//
f 994// 997// 998//
f 998// 999// 994//
f 994// 999// 1000//
f 994// 1000// 1001//
f 1001// 1000// 987//
f 1001// 987// 1002//
f 1002// 987// 989//
f 979// 1003// 968//
f 968// 1003// 995//
f 968// 995// 885//
f 885// 995// 994//
f 885// 994// 886//
f 886// 994// 1004//
f 886// 1004// 893//
f 981// 1005// 971//
f 971// 1005// 1006//
f 971// 1006// 1007//
f 1007// 1006// 1008//
f 1009// 1010// 1011//
f 1008// 1012// 1007//
f 1007// 1012// 1013//
f 1007// 1013// 1014//
f 1010// 1015// 1011//
f 1011// 1015// 1014//
f 1011// 1014// 1016//
f 1016// 1014// 1013//
f 1017// 1018// 1019//
f 1019// 1018// 1009//
f 1019// 1009// 1020//
f 1020// 1009// 1011//
f 1015// 1021// 1014//
f 1014// 1021// 1022//
f 1014// 1022// 830//
f 830// 1022// 1023//
f 830// 1023// 828//
f 1024// 1025// 1017//
f 1017// 1025// 1026//
f 1017// 1026// 1018//
f 1024// 1027// 1025//
f 1025// 1027// 1028//
f 1025// 1028// 1029//
f 1030// 1031// 1032//
f 1031// 1033// 1032//
f 1032// 1033// 1034//
f 1032// 1034// 1035//
f 1016// 1032// 1011//
f 1011// 1032// 1036//
f 1011// 1036// 1037//
f 1038// 1039// 1040//
f 1040// 1039// 1041//
f 1040// 1041// 1042//
f 1038// 1040// 1016//
f 1016// 1040// 1043//
f 1016// 1043// 1032//
f 1032// 1043// 1044//
f 1032// 1044// 1030//
f 1045// 1046// 1047//
f 1047// 1046// 1048//
f 1047// 1048// 1049//
f 1035// 1034// 1050//
f 1050// 1034// 1051//
f 1050// 1051// 1052//
f 1052// 1051// 1053//
f 1052// 1053// 1054//
f 1037// 1055// 1011//
f 1011// 1055// 1047//
f 1011// 1047// 1056//
f 1056// 1047// 1049//
f 976// 968// 1057//
f 1057// 968// 1058//
f 1057// 1058// 1059//
f 1059// 1058// 1060//
f 1059// 1060// 1061//
f 1062// 1063// 1064//
f 1064// 1063// 1065//
f 1064// 1065// 1060//
f 1060// 1065// 1066//
f 1060// 1066// 1061//
f 1067// 1068// 1069//
f 1069// 1068// 1070//
f 1069// 825// 1071//
f 1071// 825// 827//
f 1071// 827// 1065//
f 1065// 827// 1072//
f 1065// 1072// 1066//
f 1066// 1072// 1070//
f 1066// 1070// 1073//
f 1073// 1070// 1068//
f 1074// 1069// 1075//
f 1075// 1069// 1076//
f 1074// 1077// 1069//
f 1069// 1077// 1078//
f 1069// 1078// 1067//
f 1069// 1071// 1076//
f 1076// 1071// 1079//
f 1076// 1079// 1080//
f 1081// 1082// 1083//
f 1083// 1082// 1084//
f 1083// 1084// 1085//
f 1082// 1086// 1087//
f 1081// 1088// 1082//
f 1082// 1088// 1089//
f 1082// 1089// 1086//
f 1090// 1091// 1092//
f 1090// 1092// 1093//
f 1094// 845// 1095//
f 1095// 845// 1096//
f 1095// 1096// 1097//
f 1097// 1096// 1098//
f 1097// 1098// 1087//
f 1087// 1098// 1099//
f 1087// 1099// 1082//
f 1089// 1100// 1086//
f 1086// 1100// 1101//
f 1086// 1101// 1092//
f 1092// 1101// 1102//
f 1092// 1102// 1093//
f 1103// 1104// 1105//
f 1105// 1104// 1106//
f 1105// 1106// 1107//
f 1091// 1108// 1092//
f 1092// 1108// 1109//
f 1092// 1109// 1105//
f 1105// 1109// 1110//
f 1105// 1110// 1103//
f 1107// 1111// 1105//
f 1105// 1111// 845//
f 1105// 845// 1112//
f 1112// 845// 1094//
f 1112// 1094// 1113//
f 1113// 1094// 1114//
f 1115// 1116// 845//
f 845// 1116// 849//
f 845// 849// 846//
f 846// 849// 848//
f 1117// 1118// 1119//
f 1119// 1118// 1120//
f 1119// 1120// 1121//
f 1121// 1120// 1115//
f 1121// 1115// 1084//
f 1084// 1115// 845//
f 1084// 845// 1085//
f 1085// 845// 1111//
f 1122// 1123// 1124//
f 1124// 1123// 1125//
f 1124// 1125// 1084//
f 1084// 1125// 1126//
f 1084// 1126// 1121//
f 1127// 1122// 1128//
f 1128// 1122// 1124//
f 1128// 1124// 1129//
f 1129// 1124// 1084//
f 1129// 1084// 1130//
f 1130// 1084// 1082//
f 1130// 1082// 1131//
f 1131// 1082// 1132//
f 1131// 1132// 1133//
f 1133// 1132// 1134//
f 820// 1135// 876//
f 876// 1135// 1136//
f 876// 1136// 836//
f 836// 1136// 1137//
f 1137// 1138// 836//
f 836// 1138// 1139//
f 836// 1139// 1140//
f 1141// 1142// 1143//
f 1143// 1142// 1144//
f 1145// 1146// 1144//
f 821// 1147// 1148//
f 1149// 1150// 821//
f 821// 1150// 1151//
f 821// 1151// 1147//
f 1152// 1153// 1139//
f 1153// 1154// 1139//
f 1139// 1154// 1155//
f 1139// 1155// 1140//
f 1140// 1155// 1156//
f 1156// 1157// 1140//
f 1140// 1157// 1158//
f 1140// 1158// 1159//
f 1148// 1160// 821//
f 821// 1160// 1161//
f 821// 1161// 819//
f 1159// 1162// 1140//
f 1140// 1162// 1163//
f 1140// 1163// 1143//
f 1143// 1163// 1164//
f 1143// 1164// 1141//
f 1165// 1166// 1167//
f 1167// 1166// 1168//
f 1167// 1168// 1139//
f 1139// 1168// 1169//
f 1139// 1169// 1152//
f 1170// 1171// 1172//
f 1172// 1171// 1173//
f 1172// 1173// 1174//
f 1172// 1175// 1170//
f 1170// 1175// 1176//
f 1170// 1176// 1177//
f 1165// 1178// 1166//
f 1166// 1178// 1179//
f 1166// 1179// 1180//
f 1180// 1179// 1181//
f 1180// 1182// 1183//
f 1177// 1184// 1170//
f 1170// 1184// 1185//
f 1170// 1185// 1186//
f 1186// 1185// 1187//
f 1186// 1187// 1188//
f 1188// 1187// 1189//
f 1188// 1189// 1144//
f 1144// 1189// 1190//
f 1144// 1190// 1145//
f 1181// 1191// 1180//
f 1180// 1191// 1192//
f 1180// 1192// 1193//
f 1194// 1195// 1174//
f 1174// 1195// 1196//
f 1174// 1196// 1172//
f 1193// 1197// 1180//
f 1180// 1197// 1198//
f 1180// 1198// 1182//
f 1183// 1199// 1180//
f 1180// 1199// 1200//
f 1180// 1200// 1201//
f 1202// 1203// 1204//
f 1204// 1203// 1205//
f 1206// 1207// 1208//
f 1208// 1207// 1082//
f 1208// 1082// 1209//
f 1209// 1082// 1099//
f 1209// 1099// 1205//
f 1205// 1099// 1210//
f 1205// 1210// 1204//
f 1211// 1132// 1212//
f 1212// 1132// 1082//
f 1212// 1082// 1213//
f 1213// 1082// 1207//
f 1134// 1214// 1215//
f 1216// 1217// 1218//
f 1134// 1215// 1219//
f 1219// 1215// 1220//
f 1219// 1220// 1218//
f 1218// 1220// 1221//
f 1218// 1221// 1216//
f 1222// 1223// 1132//
f 1222// 1132// 1224//
f 1225// 1226// 1227//
f 1223// 1228// 1132//
f 1132// 1228// 1229//
f 1132// 1229// 1134//
f 1134// 1229// 1230//
f 1134// 1230// 1214//
f 1231// 1232// 1225//
f 1225// 1232// 1233//
f 1225// 1233// 1226//
f 1216// 1234// 1217//
f 1217// 1234// 1235//
f 1217// 1235// 1225//
f 1225// 1235// 1236//
f 1225// 1236// 1231//
f 1202// 1204// 1211//
f 1211// 1204// 1225//
f 1211// 1225// 1132//
f 1132// 1225// 1227//
f 1132// 1227// 1224//
f 1237// 1218// 1238//
f 1239// 1240// 1241//
f 1241// 1240// 1242//
f 1241// 1242// 1243//
f 1243// 1242// 1244//
f 1243// 1244// 1245//
f 1245// 1244// 1246//
f 1245// 1246// 1247//
f 1247// 1246// 1248//
f 1247// 1248// 1249//
f 1249// 1248// 1250//
f 1237// 1243// 1218//
f 1218// 1243// 1245//
f 1218// 1245// 1219//
f 1219// 1245// 1251//
f 1219// 1251// 1252//
f 1252// 1251// 1253//
f 1252// 1253// 1254//
f 1254// 1253// 1255//
f 1256// 1257// 1238//
f 1238// 1257// 1258//
f 1238// 1258// 1237//
f 1259// 1260// 1254//
f 1254// 1260// 1261//
f 1262// 1263// 1264//
f 1262// 1265// 1266//
f 1262// 1267// 1268//
f 1264// 1269// 1262//
f 1262// 1269// 1270//
f 1262// 1270// 1271//
f 1271// 1270// 1259//
f 1271// 1259// 1272//
f 1272// 1259// 1254//
f 1272// 1254// 1256//
f 1256// 1254// 1255//
f 1256// 1255// 1257//
f 1273// 1274// 1275//
f 1275// 1274// 1276//
f 1275// 1276// 1277//
f 1266// 1278// 1262//
f 1262// 1278// 1279//
f 1262// 1279// 1267//
f 1268// 1280// 1262//
f 1262// 1280// 1281//
f 1262// 1281// 1282//
f 1265// 1262// 1275//
f 1275// 1262// 1283//
f 1275// 1283// 1273//
f 1282// 1284// 1262//
f 1262// 1284// 1285//
f 1262// 1285// 1263//
f 1286// 1287// 1288//
f 1288// 1287// 1289//
f 1288// 1289// 1256//
f 1256// 1289// 1290//
f 1256// 1290// 1272//
f 1291// 1292// 807//
f 1293// 1294// 818//
f 818// 1294// 1295//
f 818// 1295// 1296//
f 1296// 1297// 818//
f 818// 1297// 1298//
f 818// 1298// 816//
f 1299// 809// 1300//
f 1300// 809// 1301//
f 1300// 1301// 1302//
f 1303// 1304// 815//
f 815// 1304// 1305//
f 1306// 1307// 1308//
f 1308// 1307// 1309//
f 1305// 1310// 815//
f 815// 1310// 1311//
f 815// 1311// 813//
f 967// 885// 1312//
f 1312// 885// 887//
f 1312// 887// 1313//
f 1313// 887// 1314//
f 1313// 1314// 1315//
f 1316// 1063// 1317//
f 1317// 1063// 1062//
f 1317// 1062// 1318//
f 1316// 1319// 1063//
f 1063// 1319// 810//
f 1063// 810// 1315//
f 1315// 810// 812//
f 1320// 1321// 1322//
f 1323// 877// 881//
f 881// 877// 878//
f 881// 878// 879//
f 879// 878// 1324//
f 879// 1324// 1325//
f 1325// 1324// 1326//
f 884// 1327// 1328//
f 880// 1329// 882//
f 882// 1329// 1330//
f 882// 1330// 884//
f 884// 1330// 1331//
f 884// 1331// 1332//
f 1333// 1334// 1320//
f 1320// 1334// 1335//
f 1320// 1335// 1336//
f 1336// 1335// 1337//
f 1338// 1339// 1337//
f 1337// 1339// 1340//
f 1337// 1340// 1336//
f 1332// 1341// 884//
f 884// 1341// 1342//
f 884// 1342// 1327//
f 1343// 1344// 1345//
f 1345// 1344// 1346//
f 1347// 1348// 1324//
f 1324// 1348// 1349//
f 1324// 1349// 1326//
f 1321// 1350// 1322//
f 1322// 1350// 1351//
f 1322// 1351// 1352//
f 1352// 1353// 1345//
f 1345// 1353// 1354//
f 1345// 1354// 1343//
f 1328// 1355// 884//
f 884// 1355// 1356//
f 884// 1356// 1322//
f 1322// 1356// 1357//
f 1322// 1357// 1320//
f 1320// 1357// 1358//
f 1320// 1358// 1333//
f 1359// 1360// 1337//
f 1337// 1360// 1361//
f 1337// 1361// 1362//
f 1346// 1363// 1345//
f 1345// 1363// 1364//
f 1345// 1364// 878//
f 878// 1364// 1365//
f 878// 1365// 1324//
f 1362// 1366// 1337//
f 1337// 1366// 1367//
f 1337// 1367// 1338//
f 1368// 854// 824//
f 824// 854// 856//
f 824// 856// 822//
f 822// 856// 849//
f 822// 849// 1369//
f 1369// 849// 1116//
f 1370// 1371// 1372//
f 824// 1373// 1368//
f 1368// 1373// 1374//
f 1368// 1374// 1375//
f 1375// 1374// 1370//
f 1375// 1370// 1376//
f 1376// 1370// 1372//
f 863// 839// 821//
f 821// 839// 1377//
f 821// 1377// 1378//
f 1146// 1149// 1144//
f 1144// 1149// 821//
f 1144// 821// 1143//
f 1143// 821// 1378//
f 1143// 1378// 1373//
f 1373// 1378// 1379//
f 1373// 1379// 1374//
f 1380// 1377// 1381//
f 1381// 1377// 839//
f 1381// 839// 1382//
f 1382// 839// 838//
f 1291// 1286// 1292//
f 1292// 1286// 1288//
f 1292// 1288// 1383//
f 1383// 1288// 1256//
f 1383// 1256// 1384//
f 1384// 1256// 1238//
f 1384// 1238// 1385//
f 1385// 1238// 1218//
f 1385// 1218// 1386//
f 1386// 1218// 1217//
f 1386// 1217// 1387//
f 1387// 1217// 1225//
f 1387// 1225// 1388//
f 1388// 1225// 1204//
f 1388// 1204// 1389//
f 1389// 1204// 1210//
f 1299// 1293// 809//
f 809// 1293// 818//
f 809// 818// 807//
f 807// 818// 817//
f 807// 817// 1291//
f 1254// 1140// 1252//
f 1252// 1140// 1143//
f 1252// 1143// 1219//
f 1219// 1143// 1373//
f 1219// 1373// 1134//
f 1134// 1373// 824//
f 1134// 824// 1133//
f 1133// 824// 823//
f 1352// 1345// 1322//
f 1322// 1345// 1308//
f 1322// 1308// 815//
f 815// 1308// 1309//
f 815// 1309// 1303//
f 1315// 1314// 1063//
f 1063// 1314// 1301//
f 1063// 1301// 1065//
f 1065// 1301// 809//
f 1065// 809// 1071//
f 1071// 809// 808//
f 1071// 808// 1079//
f 834// 836// 878//
f 878// 836// 1140//
f 878// 1140// 1345//
f 1345// 1140// 1254//
f 1345// 1254// 1308//
f 1308// 1254// 1261//
f 1308// 1261// 1306//
f 883// 884// 887//
f 887// 884// 1322//
f 887// 1322// 1314//
f 1314// 1322// 815//
f 1314// 815// 1301//
f 1301// 815// 814//
f 1301// 814// 1302//
f 844// 840// 845//
f 845// 840// 842//
f 845// 842// 1096//
f 1096// 842// 1390//
f 698// 679// 567//
f 567// 679// 572//
f 1391// 1392// 1393//
f 1394// 1395// 1396//
f 1397// 1398// 1394//
f 1394// 1398// 1399//
f 1400// 1401// 1395//
f 1395// 1401// 1402//
f 1395// 1402// 1403//
f 1404// 1405// 1406//
f 1406// 1405// 1394//
f 1406// 1394// 1407//
f 1407// 1394// 1399//
f 1391// 1393// 1408//
f 1409// 1410// 1396//
f 1403// 1411// 1395//
f 1395// 1411// 1412//
f 1395// 1412// 1413//
f 1414// 1415// 1396//
f 1396// 1415// 1416//
f 1410// 1417// 1396//
f 1396// 1417// 1418//
f 1396// 1418// 1394//
f 1394// 1418// 1419//
f 1394// 1419// 1397//
f 1420// 1421// 1422//
f 1422// 1421// 1423//
f 1422// 1423// 1424//
f 1420// 1422// 1396//
f 1396// 1422// 1425//
f 1396// 1425// 1409//
f 1393// 1426// 1408//
f 1408// 1426// 1427//
f 1408// 1427// 1416//
f 1416// 1427// 1428//
f 1416// 1428// 1429//
f 1429// 1430// 1416//
f 1416// 1430// 1431//
f 1416// 1431// 1396//
f 1432// 1433// 1434//
f 1413// 1435// 1395//
f 1395// 1435// 1436//
f 1395// 1436// 1396//
f 1396// 1436// 1437//
f 1396// 1437// 1414//
f 1424// 1438// 1422//
f 1422// 1438// 1432//
f 1422// 1432// 1439//
f 1439// 1432// 1434//
f 1440// 108// 1441//
f 1442// 1443// 1441//
f 1441// 1443// 1444//
f 1441// 1444// 1445//
f 1446// 1447// 1448//
f 1449// 1450// 1451//
f 1451// 1450// 1452//
f 1451// 1452// 1453//
f 1454// 1455// 1440//
f 1440// 1455// 1456//
f 1440// 1456// 108//
f 108// 1456// 1457//
f 108// 1457// 1458//
f 1459// 1460// 1461//
f 1461// 1460// 108//
f 1461// 108// 1462//
f 1462// 108// 1463//
f 1445// 1464// 1441//
f 1441// 1464// 1465//
f 1441// 1465// 1466//
f 1466// 1467// 1441//
f 1441// 1467// 1468//
f 1441// 1468// 1440//
f 1440// 1468// 1469//
f 1440// 1469// 1470//
f 1454// 1440// 1471//
f 1471// 1440// 1472//
f 1471// 1472// 1473//
f 1473// 1474// 1471//
f 1471// 1474// 1475//
f 1471// 1475// 1449//
f 1449// 1475// 1476//
f 1449// 1476// 1450//
f 1458// 1477// 108//
f 108// 1477// 1478//
f 108// 1478// 1463//
f 1470// 1479// 1440//
f 1440// 1479// 1480//
f 1440// 1480// 1448//
f 1447// 1481// 1448//
f 1448// 1481// 1482//
f 1448// 1482// 1440//
f 1483// 1484// 1485//
f 1485// 1484// 1486//
f 1485// 1486// 1448//
f 1448// 1486// 1487//
f 1448// 1487// 1446//
f 1488// 1489// 1490//
f 1491// 1488// 1492//
f 1492// 1493// 1491//
f 1491// 1493// 1494//
f 1491// 1494// 1495//
f 1495// 1494// 1496//
f 1495// 1496// 1497//
f 1497// 1496// 1393//
f 1497// 1393// 1392//
f 1488// 1490// 1492//
f 1492// 1490// 1498//
f 1492// 1498// 1499//
f 1499// 1498// 1500//
f 1499// 1500// 1501//
f 1501// 1500// 1502//
f 1501// 1502// 1503//
f 1504// 1505// 1506//
f 1506// 1505// 1400//
f 1506// 1400// 1507//
f 1507// 1400// 1508//
f 1400// 1509// 1510//
f 1510// 1511// 1400//
f 1400// 1511// 1512//
f 1400// 1512// 1508//
f 1513// 1514// 1515//
f 1515// 1514// 1516//
f 1515// 1516// 1517//
f 1517// 1516// 1518//
f 1517// 1518// 658//
f 658// 1518// 546//
f 658// 546// 654//
f 654// 546// 554//
f 654// 554// 1519//
f 1519// 554// 1520//
f 1519// 1520// 1521//
f 1521// 1520// 1522//
f 1521// 1522// 1523//
f 1523// 1522// 1524//
f 1523// 1524// 1525//
f 1525// 1524// 1526//
f 1525// 1526// 1527//
f 1527// 1526// 1528//
f 1527// 1528// 1529//
f 1529// 1528// 1530//
f 1529// 1530// 1395//
f 1395// 1530// 108//
f 1395// 108// 1400//
f 1400// 108// 1460//
f 1400// 1460// 1509//
f 652// 654// 1519//
f 652// 1519// 1531//
f 1531// 1519// 1521//
f 1531// 1521// 1532//
f 1532// 1521// 1523//
f 1532// 1523// 1533//
f 1533// 1523// 1525//
f 1533// 1525// 1534//
f 1534// 1525// 1527//
f 1534// 1527// 1535//
f 1535// 1527// 1529//
f 1535// 1529// 1536//
f 1536// 1529// 1395//
f 1536// 1395// 1394//
f 1537// 1538// 1539//
f 1537// 1539// 1540//
f 1540// 1539// 1541//
f 1540// 1541// 1542//
f 1542// 1541// 1543//
f 1542// 1543// 1544//
f 1544// 1543// 1545//
f 1544// 1545// 1546//
f 1546// 1545// 1547//
f 1546// 1547// 1548//
f 1548// 1547// 1549//
f 1548// 1549// 1550//
f 1550// 1549// 1405//
f 1550// 1405// 1404//
f 1443// 1442// 1551//
f 1551// 1442// 1552//
f 1551// 1552// 1553//
f 1553// 1552// 1554//
f 1553// 1554// 1555//
f 1555// 1554// 1556//
f 1555// 1556// 1557//
f 1557// 1556// 1558//
f 1557// 1558// 1559//
f 1559// 1558// 1560//
f 1559// 1560// 1561//
f 1561// 1560// 1562//
f 1561// 1562// 1563//
f 1563// 1562// 1564//
f 1565// 1566// 1567//
f 1567// 1566// 1568//
f 1567// 1568// 1569//
f 1569// 1568// 1570//
f 1569// 1570// 1571//
f 1571// 1570// 1572//
f 1571// 1572// 1573//
f 1573// 1572// 1574//
f 1573// 1574// 1575//
f 1575// 1574// 1576//
f 1575// 1576// 1577//
f 1577// 1576// 1578//
f 1577// 1578// 1579//
f 1579// 1578// 1580//
f 1579// 1580// 1581//
f 1581// 1580// 1582//
f 1581// 1582// 1583//
f 1583// 1582// 1584//
f 1583// 1584// 1585//
f 1585// 1584// 1586//
f 1585// 1586// 1587//
f 1587// 1586// 1588//
f 1587// 1588// 1589//
f 1589// 1588// 1590//
f 1589// 1590// 1591//
f 1591// 1590// 1592//
f 1591// 1592// 1593//
f 1593// 1592// 1594//
f 1593// 1594// 1595//
f 1595// 1594// 1596//
f 1595// 1596// 1597//
f 1597// 1596// 1598//
f 1597// 1598// 1599//
f 1599// 1598// 1600//
f 1599// 1600// 1601//
f 1601// 1600// 1602//
f 1601// 1602// 1603//
f 1603// 1602// 1604//
f 1603// 1604// 1605//
f 1605// 1604// 1606//
f 1605// 1606// 1607//
f 1607// 1606// 1608//
f 1607// 1608// 1609//
f 1609// 1608// 1610//
f 1609// 1610// 1611//
f 1611// 1610// 1612//
f 1611// 1612// 1613//
f 1613// 1612// 1614//
f 1613// 1614// 1615//
f 1615// 1614// 1616//
f 1615// 1616// 1617//
f 1617// 1616// 1618//
f 1617// 1618// 1619//
f 1619// 1618// 1620//
f 1619// 1620// 1621//
f 1621// 1620// 1622//
f 1621// 1622// 1623//
f 1623// 1622// 1624//
f 1623// 1624// 1625//
f 1625// 1624// 1626//
f 1625// 1626// 1627//
f 1627// 1626// 1628//
f 1627// 1628// 1565//
f 1565// 1628// 1566//
f 1629// 1630// 1502//
f 1631// 1632// 1633//
f 1630// 1634// 1502//
f 1502// 1634// 1635//
f 1502// 1635// 1636//
f 1636// 1637// 1502//
f 1502// 1637// 1638//
f 1502// 1638// 1503//
f 1503// 1638// 1639//
f 1503// 1639// 1640//
f 1641// 1642// 1643//
f 1643// 1642// 1644//
f 1538// 1537// 1645//
f 1646// 1538// 1647//
f 1647// 1538// 1648//
f 1646// 1649// 1538//
f 1538// 1649// 1650//
f 1538// 1650// 1651//
f 1651// 1650// 1652//
f 1651// 1652// 1653//
f 1654// 1655// 1656//
f 1656// 1655// 1657//
f 1631// 1633// 1658//
f 1658// 1633// 1659//
f 1658// 1659// 1660//
f 1661// 1662// 1632//
f 1632// 1662// 1663//
f 1629// 1502// 1664//
f 1664// 1502// 1656//
f 1664// 1656// 1665//
f 1640// 1666// 1503//
f 1503// 1666// 1667//
f 1503// 1667// 1668//
f 1668// 1667// 1642//
f 1668// 1642// 1669//
f 1669// 1642// 1641//
f 1670// 1671// 1538//
f 1538// 1671// 1672//
f 1538// 1672// 1648//
f 1631// 1673// 1632//
f 1632// 1673// 1674//
f 1632// 1674// 1675//
f 1663// 1676// 1632//
f 1632// 1676// 1665//
f 1632// 1665// 1677//
f 1645// 1678// 1538//
f 1538// 1678// 1679//
f 1538// 1679// 1680//
f 1681// 1682// 1683//
f 1683// 1682// 1684//
f 1683// 1684// 1685//
f 1685// 1686// 1683//
f 1683// 1686// 1687//
f 1683// 1687// 1656//
f 1656// 1687// 1688//
f 1656// 1688// 1654//
f 1657// 1689// 1656//
f 1656// 1689// 1690//
f 1656// 1690// 1691//
f 1644// 1692// 1643//
f 1643// 1692// 1693//
f 1643// 1693// 1694//
f 1695// 1696// 1697//
f 1697// 1696// 1670//
f 1697// 1670// 1698//
f 1698// 1670// 1538//
f 1698// 1538// 1699//
f 1699// 1538// 1680//
f 1699// 1680// 1700//
f 1681// 1683// 1701//
f 1701// 1683// 1702//
f 1701// 1702// 1703//
f 1703// 1702// 1704//
f 1703// 1704// 1697//
f 1697// 1704// 1705//
f 1697// 1705// 1695//
f 1675// 1706// 1632//
f 1632// 1706// 1707//
f 1632// 1707// 1661//
f 1680// 1708// 1700//
f 1700// 1708// 1709//
f 1700// 1709// 1710//
f 1691// 1711// 1656//
f 1656// 1711// 1712//
f 1656// 1712// 1665//
f 1665// 1712// 1713//
f 1665// 1713// 1677//
f 1710// 1714// 1700//
f 1700// 1714// 1715//
f 1700// 1715// 1716//
f 1716// 1715// 1694//
f 1716// 1694// 1660//
f 1660// 1694// 1693//
f 1660// 1693// 1658//
f 1717// 1718// 1564//
f 1719// 1563// 1564//
f 1720// 1721// 1722//
f 1722// 1721// 1723//
f 1717// 1564// 1724//
f 1724// 1564// 1725//
f 1724// 1725// 1726//
f 1727// 1728// 1718//
f 1718// 1728// 1729//
f 1718// 1729// 1564//
f 1564// 1729// 1730//
f 1564// 1730// 1719//
f 1731// 1721// 1732//
f 1732// 1721// 1733//
f 1732// 1733// 1734//
f 1734// 1733// 1735//
f 1736// 1737// 1738//
f 1739// 1740// 1741//
f 1731// 1742// 1721//
f 1721// 1742// 1743//
f 1721// 1743// 1723//
f 1723// 1743// 1741//
f 1723// 1741// 1744//
f 1744// 1741// 1740//
f 1718// 1745// 1727//
f 1727// 1745// 1746//
f 1727// 1746// 1737//
f 1737// 1746// 1747//
f 1737// 1747// 1738//
f 1736// 1738// 1748//
f 1748// 1738// 1749//
f 1748// 1749// 1741//
f 1741// 1749// 1750//
f 1741// 1750// 1739//
f 1453// 1452// 1751//
f 1752// 1453// 1753//
f 1753// 1453// 1751//
f 1753// 1751// 1754//
f 1754// 1751// 1755//
f 1754// 1755// 1756//
f 1756// 1755// 1757//
f 1756// 1757// 1758//
f 1758// 1757// 1759//
f 1758// 1759// 1760//
f 1760// 1759// 1761//
f 1760// 1761// 1762//
f 1762// 1761// 1763//
f 1762// 1763// 1733//
f 1733// 1763// 1735//
f 554// 541// 1520//
f 1520// 541// 1764//
f 1520// 1764// 1522//
f 1522// 1764// 1765//
f 1522// 1765// 1524//
f 1524// 1765// 1766//
f 1524// 1766// 1526//
f 1526// 1766// 1767//
f 1526// 1767// 1528//
f 1528// 1767// 1768//
f 1528// 1768// 1530//
f 1530// 1768// 1769//
f 1530// 1769// 108//
f 108// 1769// 1441//
f 1736// 1710// 1737//
f 1737// 1710// 1709//
f 1737// 1709// 1727//
f 1727// 1709// 1708//
f 1727// 1708// 1728//
f 1728// 1708// 1680//
f 1728// 1680// 1729//
f 1729// 1680// 1679//
f 1729// 1679// 1730//
f 1730// 1679// 1678//
f 1730// 1678// 1719//
f 1719// 1678// 1645//
f 1710// 1736// 1714//
f 1714// 1736// 1748//
f 1734// 1668// 1732//
f 1732// 1668// 1669//
f 1732// 1669// 1731//
f 1731// 1669// 1641//
f 1731// 1641// 1742//
f 1742// 1641// 1643//
f 1742// 1643// 1743//
f 1743// 1643// 1694//
f 1743// 1694// 1741//
f 1741// 1694// 1715//
f 1741// 1715// 1748//
f 1748// 1715// 1714//
f 1719// 1645// 1563//
f 1563// 1645// 1537//
f 1563// 1537// 1561//
f 1561// 1537// 1540//
f 1561// 1540// 1559//
f 1559// 1540// 1542//
f 1559// 1542// 1557//
f 1557// 1542// 1544//
f 1557// 1544// 1555//
f 1555// 1544// 1546//
f 1555// 1546// 1553//
f 1553// 1546// 1548//
f 1553// 1548// 1551//
f 1551// 1548// 1550//
f 1551// 1550// 1443//
f 1443// 1550// 1404//
f 1443// 1404// 1444//
f 1444// 1404// 1406//
f 1450// 1426// 1452//
f 1452// 1426// 1393//
f 1452// 1393// 1751//
f 1751// 1393// 1496//
f 1751// 1496// 1755//
f 1755// 1496// 1494//
f 1755// 1494// 1757//
f 1757// 1494// 1493//
f 1757// 1493// 1759//
f 1759// 1493// 1492//
f 1759// 1492// 1761//
f 1761// 1492// 1499//
f 1761// 1499// 1763//
f 1763// 1499// 1501//
f 1763// 1501// 1735//
f 1735// 1501// 1503//
f 1735// 1503// 1734//
f 1734// 1503// 1668//
f 1770// 1434// 1771//
f 1772// 1773// 1774//
f 1771// 1434// 1773//
f 1773// 1434// 1433//
f 1773// 1433// 1774//
f 1775// 1776// 1777//
f 1771// 1778// 1770//
f 1770// 1778// 1779//
f 1770// 1779// 1780//
f 1780// 1779// 1781//
f 1780// 1781// 1782//
f 1775// 1777// 1774//
f 1774// 1777// 1783//
f 1774// 1783// 1772//
f 1771// 1773// 1784//
f 1784// 1773// 1785//
f 1784// 1786// 1787//
f 1788// 1789// 1790//
f 1790// 1789// 1791//
f 1790// 1791// 1787//
f 1787// 1791// 1792//
f 1787// 1792// 1784//
f 1793// 1794// 1795//
f 1795// 1794// 1796//
f 1795// 1796// 1797//
f 1786// 1784// 1798//
f 1798// 1784// 1785//
f 1798// 1785// 1796//
f 1796// 1785// 1799//
f 1796// 1799// 1797//
f 1786// 1798// 1800//
f 1786// 1800// 1801//
f 1801// 1800// 1802//
f 1801// 1802// 1803//
f 1803// 1802// 1804//
f 1803// 1804// 1805//
f 1805// 1804// 1806//
f 1805// 1806// 1807//
f 1807// 1806// 1808//
f 1807// 1808// 1809//
f 1809// 1808// 1810//
f 1809// 1810// 1811//
f 1811// 1810// 1484//
f 1811// 1484// 1483//
f 1485// 1439// 1483//
f 1483// 1439// 1434//
f 1770// 1787// 1434//
f 1434// 1787// 1786//
f 1434// 1805// 1807//
f 1786// 1801// 1434//
f 1434// 1801// 1803//
f 1434// 1803// 1805//
f 1807// 1809// 1434//
f 1434// 1809// 1811//
f 1434// 1811// 1483//
f 1433// 1804// 1802//
f 1432// 1486// 1433//
f 1433// 1486// 1484//
f 1433// 1484// 1810//
f 1796// 1774// 1798//
f 1798// 1774// 1433//
f 1798// 1433// 1800//
f 1800// 1433// 1802//
f 1810// 1808// 1433//
f 1433// 1808// 1806//
f 1433// 1806// 1804//
f 1812// 1813// 1814//
f 1814// 1813// 1815//
f 1813// 1816// 1815//
f 1815// 1816// 1817//
f 1817// 1816// 1818//
f 1818// 1816// 1819//
f 1818// 1819// 1820//
f 1821// 1822// 1823//
f 1823// 1822// 1820//
f 1823// 1820// 1824//
f 1824// 1820// 1819//
f 1693// 1692// 1825//
f 1825// 1692// 1826//
f 1825// 1826// 1827//
f 1827// 1826// 1828//
f 1827// 1828// 1829//
f 1829// 1828// 1830//
f 1829// 1830// 1831//
f 1831// 1830// 1832//
f 1831// 1832// 1833//
f 1833// 1832// 1834//
f 1833// 1834// 1821//
f 1821// 1834// 1835//
f 1821// 1835// 1822//
f 1828// 1826// 1836//
f 1835// 1834// 1837//
f 1820// 1822// 1838//
f 1839// 1840// 1815//
f 1841// 1842// 1815//
f 1818// 1843// 1817//
f 1817// 1843// 1815//
f 1841// 1815// 1843//
f 1844// 1845// 1840//
f 1840// 1845// 1815//
f 1842// 1839// 1815//
f 1820// 1838// 1818//
f 1846// 1847// 1848//
f 1818// 1838// 1843//
f 1843// 1838// 1849//
f 1843// 1849// 1841//
f 1841// 1849// 1850//
f 1841// 1850// 1842//
f 1842// 1850// 1851//
f 1842// 1851// 1839//
f 1839// 1851// 1846//
f 1839// 1846// 1840//
f 1840// 1846// 1848//
f 1840// 1848// 1844//
f 1835// 1837// 1822//
f 1852// 1853// 1854//
f 1822// 1837// 1838//
f 1838// 1837// 1855//
f 1838// 1855// 1849//
f 1849// 1855// 1856//
f 1849// 1856// 1850//
f 1850// 1856// 1857//
f 1850// 1857// 1851//
f 1851// 1857// 1852//
f 1851// 1852// 1846//
f 1846// 1852// 1854//
f 1846// 1854// 1847//
f 1858// 1859// 1860//
f 1834// 1861// 1837//
f 1837// 1861// 1862//
f 1837// 1862// 1855//
f 1855// 1862// 1863//
f 1855// 1863// 1856//
f 1856// 1863// 1864//
f 1856// 1864// 1857//
f 1857// 1864// 1858//
f 1857// 1858// 1852//
f 1852// 1858// 1860//
f 1852// 1860// 1853//
f 1834// 1832// 1861//
f 1861// 1832// 1830//
f 1861// 1830// 1828//
f 1865// 1866// 1867//
f 1828// 1836// 1861//
f 1861// 1836// 1868//
f 1861// 1868// 1862//
f 1862// 1868// 1869//
f 1862// 1869// 1863//
f 1863// 1869// 1870//
f 1863// 1870// 1864//
f 1864// 1870// 1865//
f 1864// 1865// 1858//
f 1858// 1865// 1867//
f 1858// 1867// 1859//
f 1639// 1866// 1640//
f 1640// 1866// 1865//
f 1640// 1865// 1666//
f 1666// 1865// 1870//
f 1666// 1870// 1667//
f 1667// 1870// 1869//
f 1667// 1869// 1642//
f 1642// 1869// 1868//
f 1642// 1868// 1644//
f 1644// 1868// 1836//
f 1644// 1836// 1692//
f 1692// 1836// 1826//
f 1871// 1872// 1873//
f 1874// 1875// 1876//
f 1877// 1878// 1879//
f 1880// 1881// 1813//
f 1882// 1883// 1813//
f 1884// 1885// 1886//
f 1886// 1885// 1813//
f 1882// 1813// 1885//
f 1819// 1816// 1881//
f 1881// 1816// 1813//
f 1883// 1880// 1813//
f 1877// 1879// 1884//
f 1887// 1823// 1824//
f 1884// 1879// 1885//
f 1885// 1879// 1888//
f 1885// 1888// 1882//
f 1882// 1888// 1889//
f 1882// 1889// 1883//
f 1883// 1889// 1890//
f 1883// 1890// 1880//
f 1880// 1890// 1887//
f 1880// 1887// 1881//
f 1881// 1887// 1824//
f 1881// 1824// 1819//
f 1874// 1876// 1878//
f 1891// 1833// 1821//
f 1878// 1876// 1879//
f 1879// 1876// 1892//
f 1879// 1892// 1888//
f 1888// 1892// 1893//
f 1888// 1893// 1889//
f 1889// 1893// 1894//
f 1889// 1894// 1890//
f 1890// 1894// 1891//
f 1890// 1891// 1887//
f 1887// 1891// 1821//
f 1887// 1821// 1823//
f 1895// 1829// 1831//
f 1875// 1896// 1876//
f 1876// 1896// 1897//
f 1876// 1897// 1892//
f 1892// 1897// 1898//
f 1892// 1898// 1893//
f 1893// 1898// 1899//
f 1893// 1899// 1894//
f 1894// 1899// 1895//
f 1894// 1895// 1891//
f 1891// 1895// 1831//
f 1891// 1831// 1833//
f 1875// 1900// 1896//
f 1896// 1900// 1901//
f 1896// 1901// 1871//
f 1902// 1825// 1827//
f 1871// 1873// 1896//
f 1896// 1873// 1903//
f 1896// 1903// 1897//
f 1897// 1903// 1904//
f 1897// 1904// 1898//
f 1898// 1904// 1905//
f 1898// 1905// 1899//
f 1899// 1905// 1902//
f 1899// 1902// 1895//
f 1895// 1902// 1827//
f 1895// 1827// 1829//
f 1693// 1825// 1658//
f 1658// 1825// 1902//
f 1658// 1902// 1631//
f 1631// 1902// 1905//
f 1631// 1905// 1673//
f 1673// 1905// 1904//
f 1673// 1904// 1674//
f 1674// 1904// 1903//
f 1674// 1903// 1675//
f 1675// 1903// 1873//
f 1675// 1873// 1706//
f 1706// 1873// 1872//
f 1815// 1845// 1814//
f 1814// 1845// 1906//
f 1906// 1845// 1907//
f 1907// 1845// 1844//
f 1907// 1844// 1908//
f 1844// 1848// 1908//
f 1908// 1848// 1847//
f 1908// 1847// 1909//
f 1909// 1847// 1854//
f 1909// 1854// 1910//
f 1910// 1854// 1853//
f 1910// 1853// 1911//
f 1911// 1853// 1860//
f 1911// 1860// 1912//
f 1912// 1860// 1859//
f 1912// 1859// 1913//
f 1913// 1859// 1867//
f 1913// 1867// 1914//
f 1914// 1867// 1866//
f 1914// 1866// 1915//
f 1915// 1866// 1639//
f 1915// 1639// 1638//
f 1707// 1706// 1916//
f 1916// 1706// 1872//
f 1916// 1872// 1917//
f 1872// 1871// 1917//
f 1917// 1871// 1901//
f 1917// 1901// 1918//
f 1918// 1901// 1900//
f 1918// 1900// 1919//
f 1919// 1900// 1920//
f 1920// 1900// 1875//
f 1920// 1875// 1921//
f 1921// 1875// 1874//
f 1921// 1874// 1922//
f 1922// 1874// 1878//
f 1922// 1878// 1923//
f 1923// 1878// 1877//
f 1923// 1877// 1924//
f 1924// 1877// 1884//
f 1924// 1884// 1925//
f 1884// 1886// 1925//
f 1925// 1886// 1813//
f 1925// 1813// 1812//
f 1914// 1915// 1926//
f 1910// 1911// 1927//
f 1908// 1909// 1928//
f 1929// 1930// 1814//
f 1931// 1932// 1814//
f 1907// 1933// 1906//
f 1906// 1933// 1814//
f 1931// 1814// 1933//
f 1934// 1935// 1930//
f 1930// 1935// 1814//
f 1932// 1929// 1814//
f 1908// 1928// 1907//
f 1936// 1937// 1938//
f 1907// 1928// 1933//
f 1933// 1928// 1939//
f 1933// 1939// 1931//
f 1931// 1939// 1940//
f 1931// 1940// 1932//
f 1932// 1940// 1941//
f 1932// 1941// 1929//
f 1929// 1941// 1936//
f 1929// 1936// 1930//
f 1930// 1936// 1938//
f 1930// 1938// 1934//
f 1910// 1927// 1909//
f 1942// 1943// 1944//
f 1909// 1927// 1928//
f 1928// 1927// 1945//
f 1928// 1945// 1939//
f 1939// 1945// 1946//
f 1939// 1946// 1940//
f 1940// 1946// 1947//
f 1940// 1947// 1941//
f 1941// 1947// 1942//
f 1941// 1942// 1936//
f 1936// 1942// 1944//
f 1936// 1944// 1937//
f 1948// 1949// 1950//
f 1911// 1951// 1927//
f 1927// 1951// 1952//
f 1927// 1952// 1945//
f 1945// 1952// 1953//
f 1945// 1953// 1946//
f 1946// 1953// 1954//
f 1946// 1954// 1947//
f 1947// 1954// 1948//
f 1947// 1948// 1942//
f 1942// 1948// 1950//
f 1942// 1950// 1943//
f 1911// 1912// 1951//
f 1951// 1912// 1913//
f 1951// 1913// 1914//
f 1955// 1956// 1957//
f 1914// 1926// 1951//
f 1951// 1926// 1958//
f 1951// 1958// 1952//
f 1952// 1958// 1959//
f 1952// 1959// 1953//
f 1953// 1959// 1960//
f 1953// 1960// 1954//
f 1954// 1960// 1955//
f 1954// 1955// 1948//
f 1948// 1955// 1957//
f 1948// 1957// 1949//
f 1629// 1956// 1630//
f 1630// 1956// 1955//
f 1630// 1955// 1634//
f 1634// 1955// 1960//
f 1634// 1960// 1635//
f 1635// 1960// 1959//
f 1635// 1959// 1636//
f 1636// 1959// 1958//
f 1636// 1958// 1637//
f 1637// 1958// 1926//
f 1637// 1926// 1638//
f 1638// 1926// 1915//
f 1961// 1962// 1963//
f 1964// 1965// 1966//
f 1967// 1968// 1969//
f 1970// 1971// 1812//
f 1972// 1973// 1812//
f 1974// 1975// 1976//
f 1976// 1975// 1812//
f 1972// 1812// 1975//
f 1924// 1925// 1971//
f 1971// 1925// 1812//
f 1973// 1970// 1812//
f 1967// 1969// 1974//
f 1977// 1922// 1923//
f 1974// 1969// 1975//
f 1975// 1969// 1978//
f 1975// 1978// 1972//
f 1972// 1978// 1979//
f 1972// 1979// 1973//
f 1973// 1979// 1980//
f 1973// 1980// 1970//
f 1970// 1980// 1977//
f 1970// 1977// 1971//
f 1971// 1977// 1923//
f 1971// 1923// 1924//
f 1964// 1966// 1968//
f 1981// 1920// 1921//
f 1968// 1966// 1969//
f 1969// 1966// 1982//
f 1969// 1982// 1978//
f 1978// 1982// 1983//
f 1978// 1983// 1979//
f 1979// 1983// 1984//
f 1979// 1984// 1980//
f 1980// 1984// 1981//
f 1980// 1981// 1977//
f 1977// 1981// 1921//
f 1977// 1921// 1922//
f 1985// 1918// 1919//
f 1965// 1986// 1966//
f 1966// 1986// 1987//
f 1966// 1987// 1982//
f 1982// 1987// 1988//
f 1982// 1988// 1983//
f 1983// 1988// 1989//
f 1983// 1989// 1984//
f 1984// 1989// 1985//
f 1984// 1985// 1981//
f 1981// 1985// 1919//
f 1981// 1919// 1920//
f 1965// 1990// 1986//
f 1986// 1990// 1991//
f 1986// 1991// 1961//
f 1992// 1916// 1917//
f 1961// 1963// 1986//
f 1986// 1963// 1993//
f 1986// 1993// 1987//
f 1987// 1993// 1994//
f 1987// 1994// 1988//
f 1988// 1994// 1995//
f 1988// 1995// 1989//
f 1989// 1995// 1992//
f 1989// 1992// 1985//
f 1985// 1992// 1917//
f 1985// 1917// 1918//
f 1707// 1916// 1661//
f 1661// 1916// 1992//
f 1661// 1992// 1662//
f 1662// 1992// 1995//
f 1662// 1995// 1663//
f 1663// 1995// 1994//
f 1663// 1994// 1676//
f 1676// 1994// 1993//
f 1676// 1993// 1665//
f 1665// 1993// 1963//
f 1665// 1963// 1664//
f 1664// 1963// 1962//
f 1814// 1935// 1812//
f 1812// 1935// 1976//
f 1976// 1935// 1974//
f 1974// 1935// 1934//
f 1974// 1934// 1967//
f 1967// 1934// 1938//
f 1967// 1938// 1968//
f 1968// 1938// 1937//
f 1968// 1937// 1964//
f 1964// 1937// 1944//
f 1964// 1944// 1965//
f 1965// 1944// 1943//
f 1965// 1943// 1990//
f 1957// 1991// 1949//
f 1949// 1991// 1990//
f 1949// 1990// 1950//
f 1950// 1990// 1943//
f 1629// 1664// 1956//
f 1956// 1664// 1962//
f 1956// 1962// 1957//
f 1957// 1962// 1961//
f 1957// 1961// 1991//
f 1996// 1997// 1998//
f 1996// 1998// 1999//
f 1489// 1752// 1753//
f 1753// 1754// 1489//
f 1489// 1754// 1756//
f 1489// 1756// 1490//
f 1490// 1756// 1758//
f 1490// 1758// 1498//
f 1498// 1758// 1760//
f 1498// 1760// 1500//
f 1500// 1760// 1762//
f 1500// 1762// 1502//
f 1502// 1762// 1733//
f 1502// 1733// 1656//
f 1656// 1733// 1721//
f 1656// 1721// 2000//
f 2000// 1721// 2001//
f 2000// 2001// 2002//
f 2002// 2001// 2003//
f 2002// 2003// 2004//
f 2004// 2003// 2005//
f 2004// 2005// 1998//
f 1998// 2005// 2006//
f 1998// 2006// 1999//
f 1489// 1488// 1752//
f 1752// 1488// 1453//
f 1488// 1491// 1453//
f 1453// 1491// 1495//
f 1391// 1451// 1392//
f 1392// 1451// 1453//
f 1392// 1453// 1497//
f 1497// 1453// 1495//
f 1461// 1402// 1459//
f 1459// 1402// 1401//
f 1459// 1401// 2007//
f 2008// 2009// 1401//
f 1401// 2009// 2010//
f 2010// 2011// 1401//
f 1401// 2011// 2012//
f 1401// 2012// 2013//
f 2013// 2014// 1401//
f 1401// 2014// 2015//
f 1401// 2015// 2007//
f 1436// 1457// 1437//
f 1437// 1457// 1456//
f 1437// 1456// 1414//
f 1414// 1456// 1455//
f 1414// 1455// 1415//
f 1415// 1455// 1454//
f 1415// 1454// 1416//
f 1416// 1454// 1471//
f 1416// 1471// 1408//
f 1408// 1471// 1449//
f 1408// 1449// 1391//
f 1391// 1449// 1451//
f 1402// 1461// 1403//
f 1403// 1461// 1462//
f 1403// 1462// 1411//
f 1411// 1462// 1463//
f 1411// 1463// 1412//
f 1412// 1463// 1478//
f 1412// 1478// 1413//
f 1413// 1478// 1477//
f 1413// 1477// 1435//
f 1435// 1477// 1458//
f 1435// 1458// 1436//
f 1436// 1458// 1457//
f 1439// 1485// 1422//
f 1422// 1485// 1448//
f 1422// 1448// 1425//
f 1425// 1448// 1480//
f 1425// 1480// 1409//
f 1409// 1480// 1479//
f 1409// 1479// 1410//
f 1410// 1479// 1470//
f 1410// 1470// 1417//
f 1417// 1470// 1469//
f 1417// 1469// 1418//
f 1418// 1469// 1468//
f 1444// 1406// 1445//
f 1445// 1406// 1407//
f 1445// 1407// 1464//
f 1464// 1407// 1399//
f 1464// 1399// 1465//
f 1465// 1399// 1398//
f 1465// 1398// 1466//
f 1466// 1398// 1397//
f 1466// 1397// 1467//
f 1467// 1397// 1419//
f 1467// 1419// 1468//
f 1468// 1419// 1418//
f 1426// 1450// 1427//
f 1427// 1450// 1476//
f 1427// 1476// 1428//
f 1428// 1476// 1475//
f 1428// 1475// 1429//
f 1429// 1475// 1474//
f 1429// 1474// 1430//
f 1430// 1474// 1473//
f 1430// 1473// 1431//
f 1431// 1473// 1472//
f 1431// 1472// 1396//
f 1396// 1472// 1440//
f 1486// 1432// 1487//
f 1487// 1432// 1438//
f 1487// 1438// 1446//
f 1446// 1438// 1424//
f 1446// 1424// 1447//
f 1447// 1424// 1423//
f 1447// 1423// 1481//
f 1481// 1423// 1421//
f 1481// 1421// 1482//
f 1482// 1421// 1420//
f 1482// 1420// 1440//
f 1440// 1420// 1396//
f 736// 737// 586//
f 586// 737// 588//
f 547// 546// 2016//
f 2016// 546// 1518//
f 2016// 1518// 2017//
f 2017// 1518// 1516//
f 2018// 2017// 1514//
f 1514// 2017// 1516//
f 2019// 2018// 1513//
f 1513// 2018// 1514//
f 2020// 2019// 1515//
f 1515// 2019// 1513//
f 2020// 1515// 1517//
f 2020// 1517// 2021//
f 2021// 1517// 658//
f 2021// 658// 657//
f 2018// 2019// 2017//
f 2017// 2019// 2020//
f 2017// 2020// 2016//
f 2016// 2020// 2021//
f 2016// 2021// 547//
f 547// 2021// 657//
f 547// 657// 548//
f 548// 657// 659//
f 548// 659// 555//
f 555// 659// 660//
f 555// 660// 556//
f 556// 660// 653//
f 556// 653// 557//
f 557// 653// 655//
f 557// 655// 565//
f 565// 655// 656//
f 565// 656// 566//
f 566// 656// 699//
f 566// 699// 567//
f 567// 699// 698//
f 736// 586// 734//
f 734// 586// 585//
f 734// 585// 663//
f 663// 585// 598//
f 663// 598// 676//
f 676// 598// 551//
f 676// 551// 677//
f 677// 551// 574//
f 677// 574// 678//
f 678// 574// 573//
f 678// 573// 679//
f 679// 573// 572//
f 2022// 2023// 2024//
f 2024// 2023// 2025//
f 2025// 2026// 2027//
f 2027// 2026// 2028//
f 2029// 2030// 2031//
f 2032// 2033// 2034//
f 2035// 2036// 689//
f 802// 2037// 673//
f 673// 2037// 2038//
f 673// 2038// 674//
f 675// 674// 2039//
f 2039// 674// 2038//
f 2039// 2038// 2040//
f 2036// 2035// 2041//
f 2041// 2035// 2042//
f 2041// 2042// 2043//
f 650// 675// 2044//
f 2044// 675// 2039//
f 2044// 2039// 2045//
f 2045// 2039// 2040//
f 2045// 2040// 2046//
f 651// 650// 2047//
f 2047// 650// 2044//
f 2047// 2044// 2048//
f 2048// 2044// 2045//
f 2048// 2045// 2049//
f 2049// 2045// 2046//
f 2049// 2046// 2050//
f 2051// 2052// 2053//
f 2053// 2054// 2051//
f 2051// 2054// 2055//
f 2051// 2055// 2042//
f 2042// 2055// 2056//
f 2042// 2056// 2043//
f 2057// 2027// 2058//
f 2058// 2027// 2028//
f 2058// 2028// 2059//
f 2059// 2028// 2060//
f 2030// 2060// 2031//
f 2031// 2060// 2028//
f 2031// 2028// 2061//
f 2061// 2028// 2026//
f 2061// 2026// 2062//
f 2062// 2026// 2025//
f 689// 651// 2035//
f 2035// 651// 2047//
f 2035// 2047// 2042//
f 2042// 2047// 2048//
f 2042// 2048// 2051//
f 2051// 2048// 2049//
f 2051// 2049// 2052//
f 2052// 2049// 2050//
f 2052// 2050// 2063//
f 2057// 2064// 2027//
f 2027// 2064// 2025//
f 2025// 2065// 2063//
f 2063// 2065// 2066//
f 2063// 2066// 2052//
f 2052// 2066// 2067//
f 2052// 2067// 2053//
f 2037// 2032// 2038//
f 2038// 2032// 2034//
f 2038// 2034// 2040//
f 2040// 2034// 2068//
f 2040// 2068// 2046//
f 2046// 2068// 2069//
f 2046// 2069// 2050//
f 2050// 2069// 2070//
f 2050// 2070// 2063//
f 2063// 2070// 2025//
f 2033// 2029// 2034//
f 2034// 2029// 2031//
f 2034// 2031// 2068//
f 2068// 2031// 2061//
f 2068// 2061// 2069//
f 2069// 2061// 2062//
f 2069// 2062// 2070//
f 2070// 2062// 2025//
f 2025// 2064// 2024//
f 2024// 2064// 2071//
f 2071// 2064// 2072//
f 2072// 2064// 2057//
f 2072// 2057// 2073//
f 2073// 2057// 2058//
f 2073// 2058// 2074//
f 2074// 2058// 2059//
f 2074// 2059// 2075//
f 2075// 2059// 2060//
f 2075// 2060// 2076//
f 2076// 2060// 2030//
f 2076// 2030// 2077//
f 2032// 2078// 2033//
f 2033// 2078// 2077//
f 2033// 2077// 2029//
f 2029// 2077// 2030//
f 802// 804// 2037//
f 2037// 804// 2079//
f 2037// 2079// 2032//
f 2032// 2079// 2080//
f 2032// 2080// 2078//
f 690// 689// 2036//
f 690// 2036// 2081//
f 2081// 2036// 2041//
f 2081// 2041// 2082//
f 2082// 2041// 2043//
f 2082// 2043// 2083//
f 2083// 2043// 2056//
f 2083// 2056// 2084//
f 2084// 2056// 2085//
f 2085// 2056// 2055//
f 2085// 2055// 2086//
f 2055// 2054// 2086//
f 2086// 2054// 2053//
f 2086// 2053// 2087//
f 2087// 2053// 2067//
f 2087// 2067// 2088//
f 2088// 2067// 2089//
f 2089// 2067// 2066//
f 2089// 2066// 2090//
f 2066// 2065// 2090//
f 2090// 2065// 2025//
f 2090// 2025// 2023//
f 2024// 2091// 2092//
f 2092// 2091// 2093//
f 2094// 2095// 2096//
f 2097// 2098// 2099//
f 2100// 2079// 804//
f 781// 2101// 742//
f 742// 2101// 2102//
f 742// 2102// 745//
f 746// 745// 2103//
f 2103// 745// 2102//
f 2103// 2102// 2104//
f 2079// 2100// 2080//
f 2080// 2100// 2105//
f 2080// 2105// 2078//
f 786// 746// 2106//
f 2106// 746// 2103//
f 2106// 2103// 2107//
f 2107// 2103// 2104//
f 2107// 2104// 2108//
f 783// 786// 2109//
f 2109// 786// 2106//
f 2109// 2106// 2110//
f 2110// 2106// 2107//
f 2110// 2107// 2111//
f 2111// 2107// 2108//
f 2111// 2108// 2112//
f 2113// 2114// 2074//
f 2074// 2075// 2113//
f 2113// 2075// 2076//
f 2113// 2076// 2105//
f 2105// 2076// 2077//
f 2105// 2077// 2078//
f 2115// 2092// 2116//
f 2116// 2092// 2093//
f 2116// 2093// 2117//
f 2117// 2093// 2118//
f 2095// 2118// 2096//
f 2096// 2118// 2093//
f 2096// 2093// 2119//
f 2119// 2093// 2091//
f 2119// 2091// 2120//
f 2120// 2091// 2024//
f 804// 783// 2100//
f 2100// 783// 2109//
f 2100// 2109// 2105//
f 2105// 2109// 2110//
f 2105// 2110// 2113//
f 2113// 2110// 2111//
f 2113// 2111// 2114//
f 2114// 2111// 2112//
f 2114// 2112// 2121//
f 2115// 2122// 2092//
f 2092// 2122// 2024//
f 2024// 2071// 2121//
f 2121// 2071// 2072//
f 2121// 2072// 2114//
f 2114// 2072// 2073//
f 2114// 2073// 2074//
f 2101// 2097// 2102//
f 2102// 2097// 2099//
f 2102// 2099// 2104//
f 2104// 2099// 2123//
f 2104// 2123// 2108//
f 2108// 2123// 2124//
f 2108// 2124// 2112//
f 2112// 2124// 2125//
f 2112// 2125// 2121//
f 2121// 2125// 2024//
f 2098// 2094// 2099//
f 2099// 2094// 2096//
f 2099// 2096// 2123//
f 2123// 2096// 2119//
f 2123// 2119// 2124//
f 2124// 2119// 2120//
f 2124// 2120// 2125//
f 2125// 2120// 2024//
f 2023// 2126// 2127//
f 2127// 2126// 2128//
f 2084// 2085// 2129//
f 2082// 2083// 2130//
f 2131// 2132// 735//
f 690// 2081// 691//
f 691// 2081// 2133//
f 691// 2133// 664//
f 665// 664// 2134//
f 2134// 664// 2133//
f 2134// 2133// 2135//
f 2132// 2131// 2136//
f 2136// 2131// 2137//
f 2136// 2137// 2138//
f 732// 665// 2139//
f 2139// 665// 2134//
f 2139// 2134// 2140//
f 2140// 2134// 2135//
f 2140// 2135// 2141//
f 733// 732// 2142//
f 2142// 732// 2139//
f 2142// 2139// 2143//
f 2143// 2139// 2140//
f 2143// 2140// 2144//
f 2144// 2140// 2141//
f 2144// 2141// 2145//
f 2146// 2147// 2148//
f 2148// 2149// 2146//
f 2146// 2149// 2150//
f 2146// 2150// 2137//
f 2137// 2150// 2151//
f 2137// 2151// 2138//
f 2089// 2127// 2088//
f 2088// 2127// 2128//
f 2088// 2128// 2087//
f 2087// 2128// 2086//
f 2085// 2086// 2129//
f 2129// 2086// 2128//
f 2129// 2128// 2152//
f 2152// 2128// 2126//
f 2152// 2126// 2153//
f 2153// 2126// 2023//
f 735// 733// 2131//
f 2131// 733// 2142//
f 2131// 2142// 2137//
f 2137// 2142// 2143//
f 2137// 2143// 2146//
f 2146// 2143// 2144//
f 2146// 2144// 2147//
f 2147// 2144// 2145//
f 2147// 2145// 2154//
f 2089// 2090// 2127//
f 2127// 2090// 2023//
f 2023// 2155// 2154//
f 2154// 2155// 2156//
f 2154// 2156// 2147//
f 2147// 2156// 2157//
f 2147// 2157// 2148//
f 2081// 2082// 2133//
f 2133// 2082// 2130//
f 2133// 2130// 2135//
f 2135// 2130// 2158//
f 2135// 2158// 2141//
f 2141// 2158// 2159//
f 2141// 2159// 2145//
f 2145// 2159// 2160//
f 2145// 2160// 2154//
f 2154// 2160// 2023//
f 2083// 2084// 2130//
f 2130// 2084// 2129//
f 2130// 2129// 2158//
f 2158// 2129// 2152//
f 2158// 2152// 2159//
f 2159// 2152// 2153//
f 2159// 2153// 2160//
f 2160// 2153// 2023//
f 2024// 2122// 2022//
f 2022// 2122// 2161//
f 2161// 2122// 2162//
f 2162// 2122// 2115//
f 2162// 2115// 2163//
f 2115// 2116// 2163//
f 2163// 2116// 2117//
f 2163// 2117// 2164//
f 2164// 2117// 2118//
f 2164// 2118// 2165//
f 2165// 2118// 2095//
f 2165// 2095// 2166//
f 2166// 2095// 2094//
f 2166// 2094// 2167//
f 2167// 2094// 2098//
f 2167// 2098// 2168//
f 2168// 2098// 2097//
f 2168// 2097// 2169//
f 2169// 2097// 2101//
f 2169// 2101// 2170//
f 2170// 2101// 781//
f 2170// 781// 685//
f 754// 735// 2132//
f 754// 2132// 2171//
f 2171// 2132// 2136//
f 2171// 2136// 2172//
f 2172// 2136// 2138//
f 2172// 2138// 2173//
f 2173// 2138// 2151//
f 2173// 2151// 2174//
f 2174// 2151// 2150//
f 2174// 2150// 2175//
f 2175// 2150// 2149//
f 2175// 2149// 2176//
f 2176// 2149// 2148//
f 2176// 2148// 2177//
f 2177// 2148// 2157//
f 2177// 2157// 2178//
f 2178// 2157// 2179//
f 2179// 2157// 2156//
f 2179// 2156// 2180//
f 2156// 2155// 2180//
f 2180// 2155// 2023//
f 2180// 2023// 2022//
f 2022// 2181// 2182//
f 2182// 2181// 2183//
f 2174// 2175// 2184//
f 2172// 2173// 2185//
f 2186// 2170// 685//
f 754// 2171// 755//
f 755// 2171// 2187//
f 755// 2187// 756//
f 757// 756// 2188//
f 2188// 756// 2187//
f 2188// 2187// 2189//
f 2170// 2186// 2169//
f 2169// 2186// 2190//
f 2169// 2190// 2168//
f 758// 757// 2191//
f 2191// 757// 2188//
f 2191// 2188// 2192//
f 2192// 2188// 2189//
f 2192// 2189// 2193//
f 759// 758// 2194//
f 2194// 758// 2191//
f 2194// 2191// 2195//
f 2195// 2191// 2192//
f 2195// 2192// 2196//
f 2196// 2192// 2193//
f 2196// 2193// 2197//
f 2198// 2199// 2164//
f 2164// 2165// 2198//
f 2198// 2165// 2166//
f 2198// 2166// 2190//
f 2190// 2166// 2167//
f 2190// 2167// 2168//
f 2179// 2182// 2178//
f 2178// 2182// 2183//
f 2178// 2183// 2177//
f 2177// 2183// 2176//
f 2175// 2176// 2184//
f 2184// 2176// 2183//
f 2184// 2183// 2200//
f 2200// 2183// 2181//
f 2200// 2181// 2201//
f 2201// 2181// 2022//
f 685// 759// 2186//
f 2186// 759// 2194//
f 2186// 2194// 2190//
f 2190// 2194// 2195//
f 2190// 2195// 2198//
f 2198// 2195// 2196//
f 2198// 2196// 2199//
f 2199// 2196// 2197//
f 2199// 2197// 2202//
f 2179// 2180// 2182//
f 2182// 2180// 2022//
f 2022// 2161// 2202//
f 2202// 2161// 2162//
f 2202// 2162// 2199//
f 2199// 2162// 2163//
f 2199// 2163// 2164//
f 2171// 2172// 2187//
f 2187// 2172// 2185//
f 2187// 2185// 2189//
f 2189// 2185// 2203//
f 2189// 2203// 2193//
f 2193// 2203// 2204//
f 2193// 2204// 2197//
f 2197// 2204// 2205//
f 2197// 2205// 2202//
f 2202// 2205// 2022//
f 2173// 2174// 2185//
f 2185// 2174// 2184//
f 2185// 2184// 2203//
f 2203// 2184// 2200//
f 2203// 2200// 2204//
f 2204// 2200// 2201//
f 2204// 2201// 2205//
f 2205// 2201// 2022//
f 1506// 2010// 1504//
f 1504// 2010// 2009//
f 2206// 2207// 2009//
f 2208// 2209// 2210//
f 2009// 2207// 1504//
f 1504// 2207// 2211//
f 1504// 2211// 2212//
f 2212// 2213// 1504//
f 1504// 2213// 2214//
f 1504// 2214// 2215//
f 2215// 2214// 2216//
f 2206// 2009// 2210//
f 2210// 2009// 2217//
f 2210// 2217// 2208//
f 2010// 1506// 1507//
f 2010// 1507// 2011//
f 2011// 1507// 1508//
f 2011// 1508// 2012//
f 2012// 1508// 1512//
f 2012// 1512// 2013//
f 2013// 1512// 1511//
f 2013// 1511// 2014//
f 2014// 1511// 1510//
f 2014// 1510// 2015//
f 2015// 1510// 1509//
f 2015// 1509// 2007//
f 2007// 1509// 1460//
f 2007// 1460// 1459//
f 1401// 1400// 2008//
f 2008// 1400// 1505//
f 2218// 2219// 2008//
f 2220// 1505// 2221//
f 2221// 1505// 2222//
f 2221// 2222// 2223//
f 2220// 2224// 1505//
f 1505// 2224// 2225//
f 1505// 2225// 2008//
f 2008// 2225// 2226//
f 2008// 2226// 2218//
f 2219// 2227// 2008//
f 2008// 2227// 2228//
f 2008// 2228// 2229//
f 2226// 2225// 2207//
f 2207// 2225// 2211//
f 1771// 1784// 1792//
f 1771// 1792// 1778//
f 1778// 1792// 1791//
f 1778// 1791// 1779//
f 1779// 1791// 1789//
f 1779// 1789// 1781//
f 1781// 1789// 1788//
f 1781// 1788// 1782//
f 1782// 1788// 1790//
f 1782// 1790// 1780//
f 1780// 1790// 1787//
f 1780// 1787// 1770//
f 1785// 1773// 1772//
f 1785// 1772// 1799//
f 1799// 1772// 1783//
f 1799// 1783// 1797//
f 1797// 1783// 1777//
f 1797// 1777// 1795//
f 1795// 1777// 1776//
f 1795// 1776// 1793//
f 1793// 1776// 1775//
f 1793// 1775// 1794//
f 1794// 1775// 1774//
f 1794// 1774// 1796//
f 2009// 2008// 2229//
f 2009// 2229// 2217//
f 2217// 2229// 2228//
f 2217// 2228// 2208//
f 2208// 2228// 2227//
f 2208// 2227// 2209//
f 2209// 2227// 2219//
f 2209// 2219// 2210//
f 2210// 2219// 2218//
f 2210// 2218// 2206//
f 2206// 2218// 2226//
f 2206// 2226// 2207//
f 1505// 1504// 2215//
f 1505// 2215// 2222//
f 2222// 2215// 2216//
f 2222// 2216// 2223//
f 2223// 2216// 2214//
f 2223// 2214// 2221//
f 2221// 2214// 2213//
f 2221// 2213// 2220//
f 2220// 2213// 2212//
f 2220// 2212// 2224//
f 2224// 2212// 2211//
f 2224// 2211// 2225//
f 697// 696// 608//
f 608// 696// 609//
f 2230// 2231// 1390//
f 1390// 2231// 2232//
f 2232// 2233// 1390//
f 1390// 2233// 2234//
f 1390// 2234// 2235//
f 333// 1210// 1099//
f 2236// 2237// 2238//
f 2238// 2237// 2239//
f 2238// 2239// 2240//
f 2240// 2239// 2241//
f 2240// 2241// 625//
f 625// 2241// 761//
f 625// 761// 582//
f 582// 761// 647//
f 582// 647// 2242//
f 2242// 647// 2243//
f 2242// 2243// 2244//
f 2244// 2243// 2245//
f 2244// 2245// 2246//
f 2246// 2245// 2247//
f 2246// 2247// 2248//
f 2248// 2247// 2249//
f 2248// 2249// 2250//
f 2250// 2249// 2251//
f 2250// 2251// 2252//
f 2252// 2251// 2253//
f 2252// 2253// 333//
f 333// 2253// 1389//
f 333// 1389// 1210//
f 1099// 1098// 333//
f 333// 1098// 1096//
f 333// 1096// 2254//
f 2254// 1096// 1390//
f 2254// 1390// 2255//
f 2235// 2256// 1390//
f 1390// 2256// 2257//
f 1390// 2257// 2255//
f 2258// 2259// 2260//
f 2261// 333// 2262//
f 2263// 2261// 2264//
f 2264// 2261// 2265//
f 2266// 2262// 2267//
f 2267// 2262// 2268//
f 2269// 2270// 333//
f 333// 2270// 2271//
f 333// 2271// 2272//
f 2273// 2274// 2275//
f 2276// 2277// 2262//
f 2262// 2277// 2278//
f 2262// 2278// 2261//
f 2261// 2278// 2279//
f 2261// 2279// 2265//
f 2280// 2281// 2282//
f 2282// 2281// 2261//
f 2282// 2261// 2283//
f 2283// 2261// 2263//
f 2254// 2284// 333//
f 333// 2284// 2285//
f 333// 2285// 2269//
f 2272// 2286// 333//
f 333// 2286// 2287//
f 333// 2287// 2262//
f 2262// 2287// 2288//
f 2262// 2288// 2268//
f 2258// 2260// 2289//
f 2290// 2291// 2266//
f 2266// 2291// 2292//
f 2266// 2292// 2262//
f 2260// 2293// 2289//
f 2289// 2293// 2294//
f 2289// 2294// 2266//
f 2266// 2294// 2295//
f 2266// 2295// 2290//
f 2276// 2262// 2275//
f 2275// 2262// 2296//
f 2275// 2296// 2273//
f 2274// 2297// 2275//
f 2275// 2297// 2298//
f 2275// 2298// 2299//
f 2300// 2301// 2302//
f 2302// 2301// 2303//
f 2302// 2303// 2298//
f 2298// 2303// 2304//
f 2298// 2304// 2299//
f 886// 890// 2305//
f 2306// 1323// 881//
f 881// 882// 2306//
f 2306// 882// 883//
f 2306// 883// 886//
f 886// 2305// 2306//
f 2306// 2305// 2307//
f 2306// 2307// 2308//
f 2308// 2307// 2309//
f 2308// 2309// 2310//
f 2004// 1998// 2311//
f 2310// 2309// 2311//
f 2311// 2309// 2312//
f 2311// 2312// 2004//
f 2004// 2312// 2313//
f 2004// 2313// 2002//
f 2002// 2313// 2314//
f 2002// 2314// 2000//
f 2000// 2314// 1683//
f 2000// 1683// 1656//
f 2315// 966// 965//
f 965// 1080// 2253//
f 2253// 1080// 1079//
f 2253// 1079// 808//
f 808// 807// 2253//
f 2253// 807// 1292//
f 2253// 1292// 1383//
f 1383// 1384// 2253//
f 2253// 1384// 1385//
f 2253// 1385// 1386//
f 1386// 1387// 2253//
f 2253// 1387// 1388//
f 2253// 1388// 1389//
f 965// 2253// 2315//
f 2315// 2253// 2251//
f 2315// 2251// 2316//
f 2316// 2251// 2249//
f 2316// 2249// 2317//
f 2317// 2249// 2247//
f 2317// 2247// 2318//
f 2318// 2247// 2245//
f 2318// 2245// 2319//
f 2319// 2245// 2243//
f 2319// 2243// 2320//
f 2320// 2243// 647//
f 2320// 647// 642//
f 964// 963// 2321//
f 964// 2321// 2322//
f 2322// 2321// 2323//
f 2322// 2323// 2324//
f 2324// 2323// 2325//
f 2324// 2325// 2326//
f 2326// 2325// 2327//
f 2326// 2327// 2328//
f 2328// 2327// 2329//
f 2328// 2329// 2330//
f 2330// 2329// 2331//
f 2330// 2331// 2332//
f 2332// 2331// 1651//
f 2332// 1651// 1653//
f 1726// 1725// 2333//
f 2333// 1725// 2334//
f 2333// 2334// 2335//
f 2335// 2334// 2336//
f 2335// 2336// 2337//
f 2337// 2336// 2338//
f 2337// 2338// 2339//
f 2339// 2338// 2340//
f 2339// 2340// 2341//
f 2341// 2340// 2342//
f 2341// 2342// 2343//
f 2343// 2342// 2344//
f 2343// 2344// 2280//
f 2280// 2344// 2281//
f 2259// 1997// 1996//
f 2260// 2259// 2345//
f 2345// 2259// 1996//
f 2345// 1996// 2346//
f 2346// 1996// 1999//
f 2346// 1999// 2347//
f 2347// 1999// 2006//
f 2347// 2006// 2348//
f 2348// 2006// 2005//
f 2348// 2005// 2349//
f 2349// 2005// 2003//
f 2349// 2003// 2350//
f 2350// 2003// 2001//
f 2350// 2001// 1720//
f 1720// 2001// 1721//
f 333// 2261// 2252//
f 2252// 2261// 2351//
f 2252// 2351// 2250//
f 2250// 2351// 2352//
f 2250// 2352// 2248//
f 2248// 2352// 2353//
f 2248// 2353// 2246//
f 2246// 2353// 2354//
f 2246// 2354// 2244//
f 2244// 2354// 2355//
f 2244// 2355// 2242//
f 2242// 2355// 2356//
f 2242// 2356// 582//
f 582// 2356// 580//
f 1724// 1652// 1717//
f 1717// 1652// 1650//
f 1717// 1650// 1718//
f 1718// 1650// 1649//
f 1718// 1649// 1745//
f 1745// 1649// 1646//
f 1745// 1646// 1746//
f 1746// 1646// 1647//
f 1746// 1647// 1747//
f 1747// 1647// 1648//
f 1747// 1648// 1738//
f 1738// 1648// 1672//
f 1738// 1672// 1749//
f 1749// 1672// 1671//
f 1749// 1671// 1750//
f 1750// 1671// 1670//
f 1750// 1670// 1739//
f 1739// 1670// 1696//
f 1739// 1696// 1740//
f 1740// 1696// 1695//
f 1740// 1695// 1744//
f 1744// 1695// 1705//
f 1744// 1705// 1723//
f 1723// 1705// 1704//
f 1723// 1704// 1722//
f 1722// 1704// 1702//
f 1652// 1724// 1653//
f 1653// 1724// 1726//
f 1653// 1726// 2332//
f 2332// 1726// 2333//
f 2332// 2333// 2330//
f 2330// 2333// 2335//
f 2330// 2335// 2328//
f 2328// 2335// 2337//
f 2328// 2337// 2326//
f 2326// 2337// 2339//
f 2326// 2339// 2324//
f 2324// 2339// 2341//
f 2324// 2341// 2322//
f 2322// 2341// 2343//
f 2322// 2343// 964//
f 964// 2343// 2280//
f 964// 2280// 962//
f 962// 2280// 2282//
f 962// 2282// 957//
f 957// 2282// 958//
f 907// 909// 2293//
f 1722// 1702// 1720//
f 1720// 1702// 1683//
f 1720// 1683// 2350//
f 2350// 1683// 2314//
f 2350// 2314// 2349//
f 2349// 2314// 2313//
f 2349// 2313// 2348//
f 2348// 2313// 2312//
f 2348// 2312// 2347//
f 2347// 2312// 2309//
f 2347// 2309// 2346//
f 2346// 2309// 2307//
f 2346// 2307// 2345//
f 2345// 2307// 2305//
f 2345// 2305// 2260//
f 2260// 2305// 890//
f 2260// 890// 2293//
f 2293// 890// 899//
f 2293// 899// 907//
f 956// 955// 2357//
f 2357// 955// 2358//
f 2359// 2360// 2358//
f 2358// 2360// 2361//
f 2358// 2361// 2357//
f 2357// 2361// 2362//
f 2357// 2362// 2363//
f 2359// 2364// 2360//
f 2360// 2364// 2365//
f 2360// 2365// 2366//
f 2363// 2367// 2357//
f 2357// 2367// 2368//
f 2357// 2368// 2369//
f 2369// 2368// 2370//
f 2362// 2361// 2371//
f 2371// 2361// 2372//
f 2373// 2371// 2374//
f 2374// 2371// 2372//
f 2374// 2372// 2375//
f 2376// 2377// 2378//
f 2379// 2380// 2381//
f 2381// 2380// 2382//
f 2379// 2383// 2380//
f 2380// 2383// 2384//
f 2380// 2384// 2372//
f 2372// 2384// 2385//
f 2372// 2385// 2375//
f 2376// 2378// 2374//
f 2374// 2378// 2386//
f 2374// 2386// 2373//
f 2301// 2300// 2387//
f 2301// 2387// 2388//
f 2388// 2387// 2389//
f 2388// 2389// 2390//
f 2390// 2389// 2391//
f 2390// 2391// 2392//
f 2392// 2391// 2393//
f 2392// 2393// 2394//
f 2394// 2393// 2395//
f 2394// 2395// 2396//
f 2396// 2395// 2397//
f 2396// 2397// 2398//
f 2398// 2397// 2375//
f 2398// 2375// 2385//
f 2384// 2358// 2385//
f 2385// 2358// 955//
f 949// 2303// 952//
f 952// 2303// 953//
f 953// 2303// 955//
f 955// 2303// 2301//
f 955// 2301// 2388//
f 2394// 2396// 955//
f 955// 2396// 2398//
f 955// 2398// 2385//
f 2388// 2390// 955//
f 955// 2390// 2392//
f 955// 2392// 2394//
f 2357// 2374// 956//
f 956// 2374// 2375//
f 956// 2375// 2397//
f 950// 951// 2302//
f 2302// 951// 954//
f 2302// 954// 2300//
f 2300// 954// 956//
f 2397// 2395// 956//
f 956// 2395// 2393//
f 956// 2393// 2391//
f 2391// 2389// 956//
f 956// 2389// 2387//
f 956// 2387// 2300//
f 2399// 2400// 2401//
f 2401// 2400// 2402//
f 1701// 1703// 2403//
f 2403// 1703// 2404//
f 2403// 2404// 2405//
f 2404// 2406// 2405//
f 2405// 2406// 2407//
f 2405// 2407// 2408//
f 2408// 2407// 2409//
f 2408// 2409// 2410//
f 2410// 2409// 2411//
f 2411// 2409// 2412//
f 2411// 2412// 2413//
f 2412// 2414// 2413//
f 2413// 2414// 2415//
f 2413// 2415// 2416//
f 2416// 2415// 2417//
f 2416// 2417// 2418//
f 2418// 2417// 2419//
f 2419// 2417// 2420//
f 2419// 2420// 2421//
f 2420// 2422// 2421//
f 2421// 2422// 2399//
f 2421// 2399// 2401//
f 2423// 2424// 2425//
f 2426// 2427// 2428//
f 2429// 2430// 2431//
f 2432// 2433// 2401//
f 2434// 2435// 2401//
f 2436// 2437// 2438//
f 2438// 2437// 2401//
f 2434// 2401// 2437//
f 2419// 2421// 2433//
f 2433// 2421// 2401//
f 2435// 2432// 2401//
f 2429// 2431// 2436//
f 2439// 2416// 2418//
f 2436// 2431// 2437//
f 2437// 2431// 2440//
f 2437// 2440// 2434//
f 2434// 2440// 2441//
f 2434// 2441// 2435//
f 2435// 2441// 2442//
f 2435// 2442// 2432//
f 2432// 2442// 2439//
f 2432// 2439// 2433//
f 2433// 2439// 2418//
f 2433// 2418// 2419//
f 2426// 2428// 2430//
f 2443// 2411// 2413//
f 2430// 2428// 2431//
f 2431// 2428// 2444//
f 2431// 2444// 2440//
f 2440// 2444// 2445//
f 2440// 2445// 2441//
f 2441// 2445// 2446//
f 2441// 2446// 2442//
f 2442// 2446// 2443//
f 2442// 2443// 2439//
f 2439// 2443// 2413//
f 2439// 2413// 2416//
f 2447// 2408// 2410//
f 2427// 2448// 2428//
f 2428// 2448// 2449//
f 2428// 2449// 2444//
f 2444// 2449// 2450//
f 2444// 2450// 2445//
f 2445// 2450// 2451//
f 2445// 2451// 2446//
f 2446// 2451// 2447//
f 2446// 2447// 2443//
f 2443// 2447// 2410//
f 2443// 2410// 2411//
f 2427// 2452// 2448//
f 2448// 2452// 2453//
f 2448// 2453// 2423//
f 2454// 2403// 2405//
f 2423// 2425// 2448//
f 2448// 2425// 2455//
f 2448// 2455// 2449//
f 2449// 2455// 2456//
f 2449// 2456// 2450//
f 2450// 2456// 2457//
f 2450// 2457// 2451//
f 2451// 2457// 2454//
f 2451// 2454// 2447//
f 2447// 2454// 2405//
f 2447// 2405// 2408//
f 1701// 2403// 1681//
f 1681// 2403// 2454//
f 1681// 2454// 1682//
f 1682// 2454// 2457//
f 1682// 2457// 1684//
f 1684// 2457// 2456//
f 1684// 2456// 1685//
f 1685// 2456// 2455//
f 1685// 2455// 1686//
f 1686// 2455// 2425//
f 1686// 2425// 1687//
f 1687// 2425// 2424//
f 2406// 2404// 2458//
f 2414// 2412// 2459//
f 2417// 2415// 2460//
f 2461// 2462// 2399//
f 2463// 2464// 2399//
f 2420// 2465// 2422//
f 2422// 2465// 2399//
f 2463// 2399// 2465//
f 2466// 2467// 2462//
f 2462// 2467// 2399//
f 2464// 2461// 2399//
f 2417// 2460// 2420//
f 2468// 2469// 2470//
f 2420// 2460// 2465//
f 2465// 2460// 2471//
f 2465// 2471// 2463//
f 2463// 2471// 2472//
f 2463// 2472// 2464//
f 2464// 2472// 2473//
f 2464// 2473// 2461//
f 2461// 2473// 2468//
f 2461// 2468// 2462//
f 2462// 2468// 2470//
f 2462// 2470// 2466//
f 2414// 2459// 2415//
f 2474// 2475// 2476//
f 2415// 2459// 2460//
f 2460// 2459// 2477//
f 2460// 2477// 2471//
f 2471// 2477// 2478//
f 2471// 2478// 2472//
f 2472// 2478// 2479//
f 2472// 2479// 2473//
f 2473// 2479// 2474//
f 2473// 2474// 2468//
f 2468// 2474// 2476//
f 2468// 2476// 2469//
f 2480// 2481// 2482//
f 2412// 2483// 2459//
f 2459// 2483// 2484//
f 2459// 2484// 2477//
f 2477// 2484// 2485//
f 2477// 2485// 2478//
f 2478// 2485// 2486//
f 2478// 2486// 2479//
f 2479// 2486// 2480//
f 2479// 2480// 2474//
f 2474// 2480// 2482//
f 2474// 2482// 2475//
f 2412// 2409// 2483//
f 2483// 2409// 2407//
f 2483// 2407// 2406//
f 2487// 2488// 2489//
f 2406// 2458// 2483//
f 2483// 2458// 2490//
f 2483// 2490// 2484//
f 2484// 2490// 2491//
f 2484// 2491// 2485//
f 2485// 2491// 2492//
f 2485// 2492// 2486//
f 2486// 2492// 2487//
f 2486// 2487// 2480//
f 2480// 2487// 2489//
f 2480// 2489// 2481//
f 1660// 2488// 1716//
f 1716// 2488// 2487//
f 1716// 2487// 1700//
f 1700// 2487// 2492//
f 1700// 2492// 1699//
f 1699// 2492// 2491//
f 1699// 2491// 1698//
f 1698// 2491// 2490//
f 1698// 2490// 1697//
f 1697// 2490// 2458//
f 1697// 2458// 1703//
f 1703// 2458// 2404//
f 1688// 1687// 2493//
f 2493// 1687// 2424//
f 2493// 2424// 2494//
f 2424// 2423// 2494//
f 2494// 2423// 2453//
f 2494// 2453// 2495//
f 2495// 2453// 2452//
f 2495// 2452// 2496//
f 2496// 2452// 2427//
f 2496// 2427// 2497//
f 2497// 2427// 2426//
f 2497// 2426// 2498//
f 2498// 2426// 2499//
f 2499// 2426// 2430//
f 2499// 2430// 2500//
f 2500// 2430// 2429//
f 2500// 2429// 2501//
f 2501// 2429// 2436//
f 2501// 2436// 2502//
f 2436// 2438// 2502//
f 2502// 2438// 2401//
f 2502// 2401// 2402//
f 2399// 2467// 2400//
f 2400// 2467// 2503//
f 2503// 2467// 2504//
f 2504// 2467// 2466//
f 2504// 2466// 2505//
f 2505// 2466// 2470//
f 2505// 2470// 2506//
f 2506// 2470// 2469//
f 2506// 2469// 2507//
f 2469// 2476// 2507//
f 2507// 2476// 2475//
f 2507// 2475// 2508//
f 2508// 2475// 2482//
f 2508// 2482// 2509//
f 2509// 2482// 2481//
f 2509// 2481// 2510//
f 2510// 2481// 2489//
f 2510// 2489// 2511//
f 2511// 2489// 2488//
f 2511// 2488// 2512//
f 2512// 2488// 1660//
f 2512// 1660// 1659//
f 2513// 2514// 2515//
f 2516// 2517// 2518//
f 2519// 2520// 2521//
f 2522// 2523// 2402//
f 2524// 2525// 2402//
f 2526// 2527// 2528//
f 2528// 2527// 2402//
f 2524// 2402// 2527//
f 2501// 2502// 2523//
f 2523// 2502// 2402//
f 2525// 2522// 2402//
f 2519// 2521// 2526//
f 2529// 2499// 2500//
f 2526// 2521// 2527//
f 2527// 2521// 2530//
f 2527// 2530// 2524//
f 2524// 2530// 2531//
f 2524// 2531// 2525//
f 2525// 2531// 2532//
f 2525// 2532// 2522//
f 2522// 2532// 2529//
f 2522// 2529// 2523//
f 2523// 2529// 2500//
f 2523// 2500// 2501//
f 2516// 2518// 2520//
f 2533// 2497// 2498//
f 2520// 2518// 2521//
f 2521// 2518// 2534//
f 2521// 2534// 2530//
f 2530// 2534// 2535//
f 2530// 2535// 2531//
f 2531// 2535// 2536//
f 2531// 2536// 2532//
f 2532// 2536// 2533//
f 2532// 2533// 2529//
f 2529// 2533// 2498//
f 2529// 2498// 2499//
f 2537// 2495// 2496//
f 2517// 2538// 2518//
f 2518// 2538// 2539//
f 2518// 2539// 2534//
f 2534// 2539// 2540//
f 2534// 2540// 2535//
f 2535// 2540// 2541//
f 2535// 2541// 2536//
f 2536// 2541// 2537//
f 2536// 2537// 2533//
f 2533// 2537// 2496//
f 2533// 2496// 2497//
f 2517// 2542// 2538//
f 2538// 2542// 2543//
f 2538// 2543// 2513//
f 2544// 2493// 2494//
f 2513// 2515// 2538//
f 2538// 2515// 2545//
f 2538// 2545// 2539//
f 2539// 2545// 2546//
f 2539// 2546// 2540//
f 2540// 2546// 2547//
f 2540// 2547// 2541//
f 2541// 2547// 2544//
f 2541// 2544// 2537//
f 2537// 2544// 2494//
f 2537// 2494// 2495//
f 1688// 2493// 1654//
f 1654// 2493// 2544//
f 1654// 2544// 1655//
f 1655// 2544// 2547//
f 1655// 2547// 1657//
f 1657// 2547// 2546//
f 1657// 2546// 1689//
f 1689// 2546// 2545//
f 1689// 2545// 1690//
f 1690// 2545// 2515//
f 1690// 2515// 1691//
f 1691// 2515// 2514//
f 2511// 2512// 2548//
f 2507// 2508// 2549//
f 2505// 2506// 2550//
f 2551// 2552// 2400//
f 2553// 2554// 2400//
f 2504// 2555// 2503//
f 2503// 2555// 2400//
f 2553// 2400// 2555//
f 2556// 2557// 2552//
f 2552// 2557// 2400//
f 2554// 2551// 2400//
f 2505// 2550// 2504//
f 2558// 2559// 2560//
f 2504// 2550// 2555//
f 2555// 2550// 2561//
f 2555// 2561// 2553//
f 2553// 2561// 2562//
f 2553// 2562// 2554//
f 2554// 2562// 2563//
f 2554// 2563// 2551//
f 2551// 2563// 2558//
f 2551// 2558// 2552//
f 2552// 2558// 2560//
f 2552// 2560// 2556//
f 2507// 2549// 2506//
f 2564// 2565// 2566//
f 2506// 2549// 2550//
f 2550// 2549// 2567//
f 2550// 2567// 2561//
f 2561// 2567// 2568//
f 2561// 2568// 2562//
f 2562// 2568// 2569//
f 2562// 2569// 2563//
f 2563// 2569// 2564//
f 2563// 2564// 2558//
f 2558// 2564// 2566//
f 2558// 2566// 2559//
f 2570// 2571// 2572//
f 2508// 2573// 2549//
f 2549// 2573// 2574//
f 2549// 2574// 2567//
f 2567// 2574// 2575//
f 2567// 2575// 2568//
f 2568// 2575// 2576//
f 2568// 2576// 2569//
f 2569// 2576// 2570//
f 2569// 2570// 2564//
f 2564// 2570// 2572//
f 2564// 2572// 2565//
f 2508// 2509// 2573//
f 2573// 2509// 2510//
f 2573// 2510// 2511//
f 2577// 2578// 2579//
f 2511// 2548// 2573//
f 2573// 2548// 2580//
f 2573// 2580// 2574//
f 2574// 2580// 2581//
f 2574// 2581// 2575//
f 2575// 2581// 2582//
f 2575// 2582// 2576//
f 2576// 2582// 2577//
f 2576// 2577// 2570//
f 2570// 2577// 2579//
f 2570// 2579// 2571//
f 1711// 2578// 1712//
f 1712// 2578// 2577//
f 1712// 2577// 1713//
f 1713// 2577// 2582//
f 1713// 2582// 1677//
f 1677// 2582// 2581//
f 1677// 2581// 1632//
f 1632// 2581// 2580//
f 1632// 2580// 1633//
f 1633// 2580// 2548//
f 1633// 2548// 1659//
f 1659// 2548// 2512//
f 1711// 1691// 2578//
f 2578// 1691// 2514//
f 2578// 2514// 2579//
f 2579// 2514// 2513//
f 2579// 2513// 2571//
f 2571// 2513// 2543//
f 2571// 2543// 2572//
f 2543// 2542// 2572//
f 2572// 2542// 2517//
f 2572// 2517// 2565//
f 2565// 2517// 2516//
f 2565// 2516// 2566//
f 2566// 2516// 2520//
f 2566// 2520// 2559//
f 2559// 2520// 2519//
f 2559// 2519// 2560//
f 2560// 2519// 2556//
f 2556// 2519// 2526//
f 2556// 2526// 2557//
f 2526// 2528// 2557//
f 2557// 2528// 2402//
f 2557// 2402// 2400//
f 2311// 1998// 2259//
f 2259// 1998// 1997//
f 2310// 2311// 2259//
f 2258// 877// 2259//
f 2259// 877// 1323//
f 1323// 2306// 2259//
f 2259// 2306// 2308//
f 2259// 2308// 2310//
f 841// 840// 2285//
f 2583// 2584// 2585//
f 2585// 2584// 841//
f 2585// 841// 2586//
f 2586// 841// 2587//
f 2285// 2284// 841//
f 841// 2284// 2588//
f 841// 2588// 2589//
f 2589// 2590// 841//
f 841// 2590// 2591//
f 841// 2591// 2587//
f 877// 2258// 834//
f 834// 2258// 2289//
f 834// 2289// 835//
f 835// 2289// 2266//
f 835// 2266// 874//
f 874// 2266// 875//
f 875// 2266// 2267//
f 875// 2267// 876//
f 876// 2267// 2268//
f 876// 2268// 866//
f 866// 2268// 2288//
f 866// 2288// 865//
f 865// 2288// 853//
f 853// 2288// 2287//
f 853// 2287// 852//
f 852// 2287// 860//
f 860// 2287// 2286//
f 860// 2286// 859//
f 859// 2286// 2272//
f 2270// 846// 2271//
f 2271// 846// 848//
f 2271// 848// 2272//
f 2272// 848// 847//
f 2272// 847// 859//
f 2285// 840// 2269//
f 2269// 840// 844//
f 2269// 844// 2270//
f 2270// 844// 843//
f 2270// 843// 846//
f 918// 2278// 925//
f 925// 2278// 2277//
f 925// 2277// 927//
f 927// 2277// 2276//
f 927// 2276// 928//
f 928// 2276// 2275//
f 928// 2275// 939//
f 939// 2275// 2299//
f 939// 2299// 833//
f 833// 2299// 2304//
f 2303// 949// 2304//
f 2304// 949// 948//
f 2304// 948// 833//
f 2278// 918// 2279//
f 2279// 918// 917//
f 2279// 917// 2265//
f 2265// 917// 915//
f 2265// 915// 2264//
f 2264// 915// 914//
f 2264// 914// 2263//
f 2263// 914// 921//
f 2263// 921// 2283//
f 921// 920// 2283//
f 2283// 920// 959//
f 2283// 959// 2282//
f 2282// 959// 958//
f 929// 2262// 943//
f 943// 2262// 2292//
f 943// 2292// 944//
f 944// 2292// 2291//
f 944// 2291// 945//
f 945// 2291// 2290//
f 945// 2290// 946//
f 946// 2290// 2295//
f 946// 2295// 947//
f 947// 2295// 2294//
f 2293// 909// 2294//
f 2294// 909// 911//
f 2294// 911// 947//
f 2262// 929// 2296//
f 2296// 929// 935//
f 2296// 935// 2273//
f 2273// 935// 934//
f 2273// 934// 2274//
f 2274// 934// 941//
f 2274// 941// 2297//
f 2297// 941// 940//
f 2297// 940// 2298//
f 940// 832// 2298//
f 2298// 832// 831//
f 2298// 831// 2302//
f 2302// 831// 950//
f 2592// 2238// 2593//
f 2593// 2238// 2240//
f 2593// 2240// 627//
f 627// 2240// 625//
f 2592// 2594// 2238//
f 2238// 2594// 2236//
f 2594// 2595// 2236//
f 2236// 2595// 2237//
f 2595// 2596// 2237//
f 2237// 2596// 2239//
f 762// 761// 2241//
f 762// 2241// 2597//
f 2597// 2241// 2239//
f 2597// 2239// 2596//
f 626// 760// 627//
f 627// 760// 762//
f 627// 762// 2593//
f 2593// 762// 2597//
f 2593// 2597// 2592//
f 2592// 2597// 2596//
f 2592// 2596// 2594//
f 2594// 2596// 2595//
f 609// 696// 610//
f 610// 696// 716//
f 610// 716// 611//
f 611// 716// 715//
f 611// 715// 612//
f 612// 715// 695//
f 612// 695// 613//
f 613// 695// 694//
f 613// 694// 623//
f 623// 694// 693//
f 623// 693// 624//
f 624// 693// 692//
f 624// 692// 626//
f 626// 692// 760//
f 697// 608// 718//
f 718// 608// 584//
f 718// 584// 710//
f 710// 584// 583//
f 710// 583// 711//
f 711// 583// 581//
f 711// 581// 713//
f 713// 581// 579//
f 713// 579// 714//
f 714// 579// 578//
f 714// 578// 737//
f 737// 578// 588//
f 2598// 2599// 2600//
f 2600// 2599// 2601//
f 2600// 2602// 2603//
f 2603// 2602// 2604//
f 2605// 2606// 2607//
f 2608// 2609// 2610//
f 2611// 2612// 798//
f 765// 2613// 775//
f 775// 2613// 2614//
f 775// 2614// 730//
f 729// 730// 2615//
f 2615// 730// 2614//
f 2615// 2614// 2616//
f 2612// 2611// 2617//
f 2617// 2611// 2618//
f 2617// 2618// 2619//
f 727// 729// 2620//
f 2620// 729// 2615//
f 2620// 2615// 2621//
f 2621// 2615// 2616//
f 2621// 2616// 2622//
f 799// 727// 2623//
f 2623// 727// 2620//
f 2623// 2620// 2624//
f 2624// 2620// 2621//
f 2624// 2621// 2625//
f 2625// 2621// 2622//
f 2625// 2622// 2626//
f 2627// 2628// 2629//
f 2629// 2630// 2627//
f 2627// 2630// 2631//
f 2627// 2631// 2618//
f 2618// 2631// 2632//
f 2618// 2632// 2619//
f 2633// 2603// 2634//
f 2634// 2603// 2604//
f 2634// 2604// 2635//
f 2635// 2604// 2636//
f 2606// 2636// 2607//
f 2607// 2636// 2604//
f 2607// 2604// 2637//
f 2637// 2604// 2602//
f 2637// 2602// 2638//
f 2638// 2602// 2600//
f 798// 799// 2611//
f 2611// 799// 2623//
f 2611// 2623// 2618//
f 2618// 2623// 2624//
f 2618// 2624// 2627//
f 2627// 2624// 2625//
f 2627// 2625// 2628//
f 2628// 2625// 2626//
f 2628// 2626// 2639//
f 2633// 2640// 2603//
f 2603// 2640// 2600//
f 2600// 2641// 2639//
f 2639// 2641// 2642//
f 2639// 2642// 2628//
f 2628// 2642// 2643//
f 2628// 2643// 2629//
f 2613// 2608// 2614//
f 2614// 2608// 2610//
f 2614// 2610// 2616//
f 2616// 2610// 2644//
f 2616// 2644// 2622//
f 2622// 2644// 2645//
f 2622// 2645// 2626//
f 2626// 2645// 2646//
f 2626// 2646// 2639//
f 2639// 2646// 2600//
f 2609// 2605// 2610//
f 2610// 2605// 2607//
f 2610// 2607// 2644//
f 2644// 2607// 2637//
f 2644// 2637// 2645//
f 2645// 2637// 2638//
f 2645// 2638// 2646//
f 2646// 2638// 2600//
f 796// 798// 2647//
f 2647// 798// 2612//
f 2647// 2612// 2648//
f 2612// 2617// 2648//
f 2648// 2617// 2619//
f 2648// 2619// 2649//
f 2649// 2619// 2632//
f 2649// 2632// 2650//
f 2650// 2632// 2651//
f 2651// 2632// 2631//
f 2651// 2631// 2652//
f 2652// 2631// 2630//
f 2652// 2630// 2653//
f 2653// 2630// 2629//
f 2653// 2629// 2654//
f 2629// 2643// 2654//
f 2654// 2643// 2642//
f 2654// 2642// 2655//
f 2655// 2642// 2641//
f 2655// 2641// 2656//
f 2656// 2641// 2600//
f 2656// 2600// 2601//
f 2634// 2657// 2658//
f 2634// 2658// 2633//
f 2633// 2658// 2659//
f 2633// 2659// 2640//
f 2640// 2659// 2598//
f 2640// 2598// 2600//
f 2657// 2634// 2660//
f 2660// 2634// 2635//
f 2660// 2635// 2661//
f 2661// 2635// 2636//
f 2661// 2636// 2662//
f 2662// 2636// 2606//
f 2662// 2606// 2663//
f 2606// 2605// 2663//
f 2663// 2605// 2609//
f 2663// 2609// 2664//
f 2664// 2609// 2608//
f 2664// 2608// 2665//
f 2665// 2608// 2613//
f 2665// 2613// 2666//
f 2666// 2613// 765//
f 2666// 765// 764//
f 2601// 2667// 2668//
f 2668// 2667// 2669//
f 2650// 2651// 2670//
f 2648// 2649// 2671//
f 2672// 2673// 743//
f 796// 2647// 778//
f 778// 2647// 2674//
f 778// 2674// 777//
f 744// 777// 2675//
f 2675// 777// 2674//
f 2675// 2674// 2676//
f 2673// 2672// 2677//
f 2677// 2672// 2678//
f 2677// 2678// 2679//
f 740// 744// 2680//
f 2680// 744// 2675//
f 2680// 2675// 2681//
f 2681// 2675// 2676//
f 2681// 2676// 2682//
f 741// 740// 2683//
f 2683// 740// 2680//
f 2683// 2680// 2684//
f 2684// 2680// 2681//
f 2684// 2681// 2685//
f 2685// 2681// 2682//
f 2685// 2682// 2686//
f 2687// 2688// 2689//
f 2689// 2690// 2687//
f 2687// 2690// 2691//
f 2687// 2691// 2678//
f 2678// 2691// 2692//
f 2678// 2692// 2679//
f 2655// 2668// 2654//
f 2654// 2668// 2669//
f 2654// 2669// 2653//
f 2653// 2669// 2652//
f 2651// 2652// 2670//
f 2670// 2652// 2669//
f 2670// 2669// 2693//
f 2693// 2669// 2667//
f 2693// 2667// 2694//
f 2694// 2667// 2601//
f 743// 741// 2672//
f 2672// 741// 2683//
f 2672// 2683// 2678//
f 2678// 2683// 2684//
f 2678// 2684// 2687//
f 2687// 2684// 2685//
f 2687// 2685// 2688//
f 2688// 2685// 2686//
f 2688// 2686// 2695//
f 2655// 2656// 2668//
f 2668// 2656// 2601//
f 2601// 2696// 2695//
f 2695// 2696// 2697//
f 2695// 2697// 2688//
f 2688// 2697// 2698//
f 2688// 2698// 2689//
f 2647// 2648// 2674//
f 2674// 2648// 2671//
f 2674// 2671// 2676//
f 2676// 2671// 2699//
f 2676// 2699// 2682//
f 2682// 2699// 2700//
f 2682// 2700// 2686//
f 2686// 2700// 2701//
f 2686// 2701// 2695//
f 2695// 2701// 2601//
f 2649// 2650// 2671//
f 2671// 2650// 2670//
f 2671// 2670// 2699//
f 2699// 2670// 2693//
f 2699// 2693// 2700//
f 2700// 2693// 2694//
f 2700// 2694// 2701//
f 2701// 2694// 2601//
f 2598// 2702// 2703//
f 2703// 2702// 2704//
f 2705// 2706// 2707//
f 2708// 2709// 2710//
f 2711// 2666// 764//
f 773// 2712// 712//
f 712// 2712// 2713//
f 712// 2713// 717//
f 648// 717// 2714//
f 2714// 717// 2713//
f 2714// 2713// 2715//
f 2666// 2711// 2665//
f 2665// 2711// 2716//
f 2665// 2716// 2664//
f 649// 648// 2717//
f 2717// 648// 2714//
f 2717// 2714// 2718//
f 2718// 2714// 2715//
f 2718// 2715// 2719//
f 763// 649// 2720//
f 2720// 649// 2717//
f 2720// 2717// 2721//
f 2721// 2717// 2718//
f 2721// 2718// 2722//
f 2722// 2718// 2719//
f 2722// 2719// 2723//
f 2724// 2725// 2660//
f 2660// 2661// 2724//
f 2724// 2661// 2662//
f 2724// 2662// 2716//
f 2716// 2662// 2663//
f 2716// 2663// 2664//
f 2726// 2703// 2727//
f 2727// 2703// 2704//
f 2727// 2704// 2728//
f 2728// 2704// 2729//
f 2706// 2729// 2707//
f 2707// 2729// 2704//
f 2707// 2704// 2730//
f 2730// 2704// 2702//
f 2730// 2702// 2731//
f 2731// 2702// 2598//
f 764// 763// 2711//
f 2711// 763// 2720//
f 2711// 2720// 2716//
f 2716// 2720// 2721//
f 2716// 2721// 2724//
f 2724// 2721// 2722//
f 2724// 2722// 2725//
f 2725// 2722// 2723//
f 2725// 2723// 2732//
f 2726// 2733// 2703//
f 2703// 2733// 2598//
f 2598// 2659// 2732//
f 2732// 2659// 2658//
f 2732// 2658// 2725//
f 2725// 2658// 2657//
f 2725// 2657// 2660//
f 2712// 2708// 2713//
f 2713// 2708// 2710//
f 2713// 2710// 2715//
f 2715// 2710// 2734//
f 2715// 2734// 2719//
f 2719// 2734// 2735//
f 2719// 2735// 2723//
f 2723// 2735// 2736//
f 2723// 2736// 2732//
f 2732// 2736// 2598//
f 2709// 2705// 2710//
f 2710// 2705// 2707//
f 2710// 2707// 2734//
f 2734// 2707// 2730//
f 2734// 2730// 2735//
f 2735// 2730// 2731//
f 2735// 2731// 2736//
f 2736// 2731// 2598//
f 683// 743// 2673//
f 683// 2673// 2737//
f 2737// 2673// 2677//
f 2737// 2677// 2738//
f 2738// 2677// 2679//
f 2738// 2679// 2739//
f 2739// 2679// 2692//
f 2739// 2692// 2740//
f 2740// 2692// 2691//
f 2740// 2691// 2741//
f 2741// 2691// 2690//
f 2741// 2690// 2742//
f 2742// 2690// 2689//
f 2742// 2689// 2743//
f 2743// 2689// 2698//
f 2743// 2698// 2744//
f 2744// 2698// 2697//
f 2744// 2697// 2745//
f 2745// 2697// 2696//
f 2745// 2696// 2746//
f 2746// 2696// 2601//
f 2746// 2601// 2599//
f 2729// 2747// 2748//
f 2729// 2748// 2728//
f 2728// 2748// 2749//
f 2728// 2749// 2727//
f 2727// 2749// 2750//
f 2727// 2750// 2726//
f 2726// 2750// 2751//
f 2726// 2751// 2733//
f 2733// 2751// 2599//
f 2733// 2599// 2598//
f 2747// 2729// 2752//
f 2752// 2729// 2706//
f 2752// 2706// 2753//
f 2708// 2754// 2709//
f 2709// 2754// 2753//
f 2709// 2753// 2705//
f 2705// 2753// 2706//
f 773// 772// 2712//
f 2712// 772// 2755//
f 2712// 2755// 2708//
f 2708// 2755// 2756//
f 2708// 2756// 2754//
f 2599// 2757// 2758//
f 2758// 2757// 2759//
f 2740// 2741// 2760//
f 2738// 2739// 2761//
f 2762// 2755// 772//
f 683// 2737// 684//
f 684// 2737// 2763//
f 684// 2763// 686//
f 687// 686// 2764//
f 2764// 686// 2763//
f 2764// 2763// 2765//
f 2755// 2762// 2756//
f 2756// 2762// 2766//
f 2756// 2766// 2754//
f 688// 687// 2767//
f 2767// 687// 2764//
f 2767// 2764// 2768//
f 2768// 2764// 2765//
f 2768// 2765// 2769//
f 771// 688// 2770//
f 2770// 688// 2767//
f 2770// 2767// 2771//
f 2771// 2767// 2768//
f 2771// 2768// 2772//
f 2772// 2768// 2769//
f 2772// 2769// 2773//
f 2774// 2775// 2748//
f 2748// 2747// 2774//
f 2774// 2747// 2752//
f 2774// 2752// 2766//
f 2766// 2752// 2753//
f 2766// 2753// 2754//
f 2745// 2758// 2744//
f 2744// 2758// 2759//
f 2744// 2759// 2743//
f 2743// 2759// 2742//
f 2741// 2742// 2760//
f 2760// 2742// 2759//
f 2760// 2759// 2776//
f 2776// 2759// 2757//
f 2776// 2757// 2777//
f 2777// 2757// 2599//
f 772// 771// 2762//
f 2762// 771// 2770//
f 2762// 2770// 2766//
f 2766// 2770// 2771//
f 2766// 2771// 2774//
f 2774// 2771// 2772//
f 2774// 2772// 2775//
f 2775// 2772// 2773//
f 2775// 2773// 2778//
f 2745// 2746// 2758//
f 2758// 2746// 2599//
f 2599// 2751// 2778//
f 2778// 2751// 2750//
f 2778// 2750// 2775//
f 2775// 2750// 2749//
f 2775// 2749// 2748//
f 2737// 2738// 2763//
f 2763// 2738// 2761//
f 2763// 2761// 2765//
f 2765// 2761// 2779//
f 2765// 2779// 2769//
f 2769// 2779// 2780//
f 2769// 2780// 2773//
f 2773// 2780// 2781//
f 2773// 2781// 2778//
f 2778// 2781// 2599//
f 2739// 2740// 2761//
f 2761// 2740// 2760//
f 2761// 2760// 2779//
f 2779// 2760// 2776//
f 2779// 2776// 2780//
f 2780// 2776// 2777//
f 2780// 2777// 2781//
f 2781// 2777// 2599//
f 2585// 2232// 2583//
f 2583// 2232// 2231//
f 2782// 2783// 2231//
f 2231// 2783// 2784//
f 2231// 2784// 2583//
f 2785// 2786// 2782//
f 2782// 2786// 2787//
f 2782// 2787// 2783//
f 2784// 2788// 2583//
f 2583// 2788// 2789//
f 2583// 2789// 2790//
f 2790// 2789// 2791//
f 2790// 2791// 2792//
f 2792// 2791// 2793//
f 2284// 2254// 2255//
f 2284// 2255// 2588//
f 2588// 2255// 2257//
f 2588// 2257// 2589//
f 2589// 2257// 2256//
f 2589// 2256// 2590//
f 2590// 2256// 2235//
f 2590// 2235// 2591//
f 2591// 2235// 2234//
f 2591// 2234// 2587//
f 2587// 2234// 2233//
f 2587// 2233// 2586//
f 2586// 2233// 2232//
f 2586// 2232// 2585//
f 841// 2794// 842//
f 842// 2794// 2230//
f 842// 2230// 1390//
f 841// 2584// 2794//
f 2794// 2584// 2795//
f 2794// 2795// 2796//
f 2797// 2230// 2798//
f 2798// 2230// 2794//
f 2798// 2794// 2799//
f 2799// 2794// 2800//
f 2797// 2801// 2230//
f 2230// 2801// 2802//
f 2230// 2802// 2803//
f 2803// 2802// 2804//
f 2803// 2804// 2805//
f 2797// 2798// 2784//
f 2784// 2798// 2788//
f 2358// 2384// 2383//
f 2358// 2383// 2359//
f 2359// 2383// 2379//
f 2359// 2379// 2364//
f 2364// 2379// 2381//
f 2364// 2381// 2365//
f 2365// 2381// 2382//
f 2365// 2382// 2366//
f 2366// 2382// 2380//
f 2366// 2380// 2360//
f 2360// 2380// 2372//
f 2360// 2372// 2361//
f 2374// 2357// 2369//
f 2374// 2369// 2376//
f 2376// 2369// 2370//
f 2376// 2370// 2377//
f 2377// 2370// 2368//
f 2377// 2368// 2378//
f 2378// 2368// 2367//
f 2378// 2367// 2386//
f 2386// 2367// 2363//
f 2386// 2363// 2373//
f 2373// 2363// 2362//
f 2373// 2362// 2371//
f 2788// 2798// 2799//
f 2788// 2799// 2789//
f 2789// 2799// 2800//
f 2789// 2800// 2791//
f 2791// 2800// 2794//
f 2791// 2794// 2793//
f 2793// 2794// 2796//
f 2793// 2796// 2792//
f 2792// 2796// 2795//
f 2792// 2795// 2790//
f 2790// 2795// 2584//
f 2790// 2584// 2583//
f 2797// 2784// 2783//
f 2797// 2783// 2801//
f 2801// 2783// 2787//
f 2801// 2787// 2802//
f 2802// 2787// 2786//
f 2802// 2786// 2804//
f 2804// 2786// 2785//
f 2804// 2785// 2805//
f 2805// 2785// 2782//
f 2805// 2782// 2803//
f 2803// 2782// 2231//
f 2803// 2231// 2230//
f 1584// 966// 2315//
f 1584// 2315// 1586//
f 1586// 2315// 2316//
f 1586// 2316// 1588//
f 1588// 2316// 2317//
f 1588// 2317// 1590//
f 1590// 2317// 2318//
f 1590// 2318// 1592//
f 1592// 2318// 2319//
f 1592// 2319// 1594//
f 1594// 2319// 2320//
f 1594// 2320// 1596//
f 1596// 2320// 642//
f 1596// 642// 1598//
f 652// 1600// 642//
f 642// 1600// 1598//
f 960// 1584// 961//
f 961// 1584// 1582//
f 961// 1582// 963//
f 960// 919// 1584//
f 1584// 919// 916//
f 1584// 916// 966//
f 1600// 652// 1531//
f 1600// 1531// 1602//
f 1602// 1531// 1532//
f 1602// 1532// 1604//
f 1604// 1532// 1533//
f 1604// 1533// 1606//
f 1606// 1533// 1534//
f 1606// 1534// 1608//
f 1608// 1534// 1535//
f 1608// 1535// 1610//
f 1610// 1535// 1536//
f 1610// 1536// 1612//
f 1612// 1536// 1394//
f 1612// 1394// 1614//
f 1568// 1651// 2331//
f 1568// 2331// 1570//
f 1570// 2331// 2329//
f 1570// 2329// 1572//
f 1572// 2329// 2327//
f 1572// 2327// 1574//
f 1574// 2327// 2325//
f 1574// 2325// 1576//
f 1576// 2325// 2323//
f 1576// 2323// 1578//
f 1578// 2323// 2321//
f 1578// 2321// 1580//
f 1580// 2321// 963//
f 1580// 963// 1582//
f 1405// 1616// 1394//
f 1394// 1616// 1614//
f 1566// 1538// 1568//
f 1568// 1538// 1651//
f 1616// 1405// 1549//
f 1616// 1549// 1618//
f 1618// 1549// 1547//
f 1618// 1547// 1620//
f 1620// 1547// 1545//
f 1620// 1545// 1622//
f 1622// 1545// 1543//
f 1622// 1543// 1624//
f 1624// 1543// 1541//
f 1624// 1541// 1626//
f 1626// 1541// 1539//
f 1626// 1539// 1628//
f 1628// 1539// 1538//
f 1628// 1538// 1566//
f 1441// 1613// 1442//
f 1442// 1613// 1615//
f 541// 1599// 1764//
f 1764// 1599// 1601//
f 1764// 1601// 1765//
f 1765// 1601// 1603//
f 1765// 1603// 1766//
f 1766// 1603// 1605//
f 1766// 1605// 1767//
f 1767// 1605// 1607//
f 1767// 1607// 1768//
f 1768// 1607// 1609//
f 1768// 1609// 1769//
f 1769// 1609// 1611//
f 1769// 1611// 1441//
f 1441// 1611// 1613//
f 1442// 1615// 1552//
f 1552// 1615// 1617//
f 1552// 1617// 1554//
f 1554// 1617// 1619//
f 1554// 1619// 1556//
f 1556// 1619// 1621//
f 1556// 1621// 1558//
f 1558// 1621// 1623//
f 1558// 1623// 1560//
f 1560// 1623// 1625//
f 1560// 1625// 1562//
f 1562// 1625// 1627//
f 1562// 1627// 1564//
f 1564// 1627// 1565//
f 580// 1597// 541//
f 541// 1597// 1599//
f 1567// 1725// 1565//
f 1565// 1725// 1564//
f 2261// 1583// 2351//
f 2351// 1583// 1585//
f 2351// 1585// 2352//
f 2352// 1585// 1587//
f 2352// 1587// 2353//
f 2353// 1587// 1589//
f 2353// 1589// 2354//
f 2354// 1589// 1591//
f 2354// 1591// 2355//
f 2355// 1591// 1593//
f 2355// 1593// 2356//
f 2356// 1593// 1595//
f 2356// 1595// 580//
f 580// 1595// 1597//
f 1725// 1567// 2334//
f 2334// 1567// 1569//
f 2334// 1569// 2336//
f 2336// 1569// 1571//
f 2336// 1571// 2338//
f 2338// 1571// 1573//
f 2338// 1573// 2340//
f 2340// 1573// 1575//
f 2340// 1575// 2342//
f 2342// 1575// 1577//
f 2342// 1577// 2344//
f 2344// 1577// 1579//
f 2344// 1579// 2281//
f 2281// 1579// 1581//
f 2281// 1581// 2261//
f 2261// 1581// 1583//
usemtl 4
f 2806// 2807// 827//
f 827// 2807// 1072//
f 2808// 2806// 826//
f 826// 2806// 827//
f 2809// 2808// 825//
f 825// 2808// 826//
f 2810// 2809// 1069//
f 1069// 2809// 825//
f 2811// 2810// 1070//
f 1070// 2810// 1069//
f 2807// 2811// 1072//
f 1072// 2811// 1070//
f 2809// 2810// 2808//
f 2808// 2810// 2811//
f 2808// 2811// 2806//
f 2806// 2811// 2807//
f 1260// 2812// 2813//
f 2814// 1309// 1307//
f 2814// 1307// 2815//
f 2815// 1307// 1306//
f 2815// 1306// 2813//
f 2813// 1306// 1261//
f 2813// 1261// 1260//
f 2816// 2812// 1259//
f 1259// 2812// 1260//
f 2816// 1259// 2817//
f 2817// 1259// 1270//
f 1270// 1269// 2817//
f 2817// 1269// 1264//
f 2817// 1264// 2818//
f 2818// 1264// 1263//
f 2818// 1263// 2819//
f 2819// 1263// 1285//
f 2819// 1285// 2820//
f 2820// 1285// 1284//
f 2820// 1284// 2821//
f 2821// 1284// 1282//
f 2821// 1282// 2822//
f 2822// 1282// 1281//
f 2822// 1281// 2823//
f 2823// 1281// 1280//
f 2823// 1280// 2824//
f 2824// 1280// 1268//
f 2824// 1268// 2825//
f 2825// 1268// 1267//
f 2825// 1267// 2826//
f 2826// 1267// 1279//
f 2826// 1279// 2827//
f 2827// 1279// 1278//
f 2827// 1278// 2828//
f 2828// 1278// 1266//
f 2828// 1266// 2829//
f 2829// 1266// 1265//
f 2829// 1265// 2830//
f 2830// 1265// 1275//
f 2830// 1275// 2831//
f 2831// 1275// 1277//
f 2831// 1277// 2832//
f 2832// 1277// 1276//
f 2832// 1276// 2833//
f 2833// 1276// 1274//
f 2833// 1274// 2834//
f 2834// 1274// 1273//
f 2834// 1273// 2835//
f 2835// 1273// 1283//
f 1262// 2836// 1283//
f 1283// 2836// 2837//
f 1283// 2837// 2835//
f 1262// 1271// 2836//
f 2836// 1271// 1272//
f 2836// 1272// 2838//
f 2839// 2838// 1290//
f 1290// 2838// 1272//
f 2839// 1290// 1289//
f 2839// 1289// 2840//
f 1291// 2841// 1286//
f 1286// 2841// 2840//
f 1286// 2840// 1287//
f 1287// 2840// 1289//
f 2841// 1291// 817//
f 2841// 817// 2842//
f 817// 816// 2842//
f 2842// 816// 1298//
f 2842// 1298// 2843//
f 2843// 1298// 1297//
f 2843// 1297// 2844//
f 2844// 1297// 1296//
f 2844// 1296// 2845//
f 2845// 1296// 1295//
f 1294// 2846// 1295//
f 1295// 2846// 2847//
f 1295// 2847// 2845//
f 1294// 1293// 2846//
f 2846// 1293// 1299//
f 2846// 1299// 2848//
f 2848// 1299// 1300//
f 2848// 1300// 2849//
f 2849// 1300// 1302//
f 814// 2850// 1302//
f 1302// 2850// 2851//
f 1302// 2851// 2849//
f 814// 813// 2850//
f 2850// 813// 1311//
f 2850// 1311// 2852//
f 2852// 1311// 1310//
f 2852// 1310// 2853//
f 2853// 1310// 1305//
f 2853// 1305// 2854//
f 2854// 1305// 1304//
f 2854// 1304// 2855//
f 2855// 1304// 1303//
f 2855// 1303// 2856//
f 2856// 1303// 1309//
f 2856// 1309// 2814//
f 2828// 2829// 2847//
f 2832// 2833// 2842//
f 2847// 2829// 2845//
f 2842// 2833// 2841//
f 2842// 2843// 2832//
f 2832// 2843// 2844//
f 2832// 2844// 2831//
f 2831// 2844// 2845//
f 2831// 2845// 2830//
f 2830// 2845// 2829//
f 2833// 2834// 2841//
f 2841// 2834// 2835//
f 2841// 2835// 2840//
f 2840// 2835// 2837//
f 2840// 2837// 2839//
f 2839// 2837// 2836//
f 2839// 2836// 2838//
f 2849// 2827// 2848//
f 2848// 2827// 2828//
f 2848// 2828// 2846//
f 2846// 2828// 2847//
f 2812// 2816// 2813//
f 2813// 2816// 2817//
f 2813// 2817// 2815//
f 2815// 2817// 2818//
f 2815// 2818// 2814//
f 2814// 2818// 2819//
f 2814// 2819// 2856//
f 2856// 2819// 2820//
f 2856// 2820// 2855//
f 2855// 2820// 2821//
f 2855// 2821// 2854//
f 2854// 2821// 2822//
f 2854// 2822// 2853//
f 2853// 2822// 2823//
f 2853// 2823// 2852//
f 2852// 2823// 2824//
f 2852// 2824// 2850//
f 2850// 2824// 2851//
f 2851// 2824// 2825//
f 2851// 2825// 2849//
f 2849// 2825// 2826//
f 2849// 2826// 2827//
f 2857// 2858// 1245//
f 1245// 2858// 1251//
f 1249// 2859// 1247//
f 1247// 2859// 2857//
f 1247// 2857// 1245//
f 2860// 2859// 1250//
f 1250// 2859// 1249//
f 2860// 1250// 2861//
f 2861// 1250// 1248//
f 2861// 1248// 1246//
f 2862// 2861// 1244//
f 1244// 2861// 1246//
f 1240// 2863// 1242//
f 1242// 2863// 2862//
f 1242// 2862// 1244//
f 2864// 2863// 1239//
f 1239// 2863// 1240//
f 2864// 1239// 2865//
f 2865// 1239// 1241//
f 2865// 1241// 1243//
f 2866// 2865// 1237//
f 1237// 2865// 1243//
f 1257// 2867// 1258//
f 1258// 2867// 2866//
f 1258// 2866// 1237//
f 2868// 2867// 1255//
f 1255// 2867// 1257//
f 2868// 1255// 2858//
f 2858// 1255// 1253//
f 2858// 1253// 1251//
f 2868// 2858// 2857//
f 2857// 2859// 2868//
f 2868// 2859// 2860//
f 2868// 2860// 2867//
f 2865// 2866// 2864//
f 2864// 2866// 2867//
f 2864// 2867// 2863//
f 2863// 2867// 2860//
f 2863// 2860// 2862//
f 2862// 2860// 2861//
f 2869// 2870// 2871//
f 2871// 2870// 2872//
f 2871// 2872// 2873//
f 2873// 2872// 2874//
f 2873// 2874// 2875//
f 2875// 2874// 2876//
f 2875// 2876// 2877//
f 2877// 2876// 2878//
f 2877// 2878// 2879//
f 2879// 2878// 2880//
f 2879// 2880// 2881//
f 2881// 2880// 2882//
f 2881// 2882// 2883//
f 2883// 2882// 2884//
f 2883// 2884// 2885//
f 2885// 2884// 2886//
f 2885// 2886// 2887//
f 2887// 2886// 2888//
f 2887// 2888// 2889//
f 2889// 2888// 2890//
f 2889// 2890// 2891//
f 2891// 2890// 2892//
f 2891// 2892// 2893//
f 2893// 2892// 2894//
f 2893// 2894// 2895//
f 2895// 2894// 2896//
f 2895// 2896// 2897//
f 2897// 2896// 2898//
f 2897// 2898// 2899//
f 2899// 2898// 2900//
f 2899// 2900// 2901//
f 2901// 2900// 2902//
f 2901// 2902// 2903//
f 2903// 2902// 2869//
f 2903// 2869// 2871//
f 2877// 2879// 1215//
f 1215// 2879// 1220//
f 1228// 2871// 2873//
f 2877// 1215// 1214//
f 2877// 1214// 2875//
f 2875// 1214// 1230//
f 2875// 1230// 2873//
f 2873// 1230// 1229//
f 2873// 1229// 1228//
f 2871// 1228// 1223//
f 2871// 1223// 2903//
f 2903// 1223// 1222//
f 2903// 1222// 2901//
f 2901// 1222// 1224//
f 2901// 1224// 2899//
f 2899// 1224// 1227//
f 2899// 1227// 2897//
f 2897// 1227// 1226//
f 2897// 1226// 2895//
f 2895// 1226// 1233//
f 2895// 1233// 2893//
f 2893// 1233// 1232//
f 2893// 1232// 2891//
f 2891// 1232// 1231//
f 2891// 1231// 2889//
f 1216// 2883// 2885//
f 2889// 1231// 1236//
f 2889// 1236// 2887//
f 2887// 1236// 1235//
f 2887// 1235// 2885//
f 2885// 1235// 1234//
f 2885// 1234// 1216//
f 2881// 2883// 1221//
f 1221// 2883// 1216//
f 2879// 2881// 1220//
f 1220// 2881// 1221//
f 2884// 2882// 2904//
f 2904// 2882// 2905//
f 2882// 2880// 2905//
f 2905// 2880// 2906//
f 2880// 2878// 2906//
f 2906// 2878// 2907//
f 2870// 2908// 2909//
f 2870// 2909// 2872//
f 2872// 2909// 2910//
f 2872// 2910// 2874//
f 2874// 2910// 2911//
f 2874// 2911// 2876//
f 2876// 2911// 2907//
f 2876// 2907// 2878//
f 2898// 2912// 2913//
f 2898// 2913// 2900//
f 2900// 2913// 2914//
f 2900// 2914// 2902//
f 2902// 2914// 2915//
f 2902// 2915// 2869//
f 2869// 2915// 2908//
f 2869// 2908// 2870//
f 2890// 2916// 2917//
f 2890// 2917// 2892//
f 2892// 2917// 2918//
f 2892// 2918// 2894//
f 2894// 2918// 2919//
f 2894// 2919// 2896//
f 2896// 2919// 2912//
f 2896// 2912// 2898//
f 2884// 2904// 2920//
f 2884// 2920// 2886//
f 2886// 2920// 2921//
f 2886// 2921// 2888//
f 2888// 2921// 2916//
f 2888// 2916// 2890//
usemtl 3
f 2905// 2906// 2904//
f 2904// 2906// 2907//
f 2907// 2911// 2904//
f 2904// 2911// 2910//
f 2904// 2910// 2909//
f 2909// 2908// 2904//
f 2904// 2908// 2915//
f 2904// 2915// 2914//
f 2912// 2916// 2921//
f 2919// 2918// 2912//
f 2912// 2918// 2917//
f 2912// 2917// 2916//
f 2914// 2913// 2904//
f 2904// 2913// 2912//
f 2904// 2912// 2920//
f 2920// 2912// 2921//
usemtl 4
f 2922// 2923// 2924//
f 2924// 2923// 2925//
f 2926// 2927// 2922//
f 2922// 2927// 2928//
f 2922// 2928// 2923//
f 2923// 2928// 2929//
f 2926// 2930// 2927//
f 2927// 2930// 2931//
f 2927// 2931// 2932//
f 2932// 2931// 2933//
f 2932// 2933// 2934//
f 2934// 2935// 2932//
f 2932// 2935// 2924//
f 2932// 2924// 2936//
f 2936// 2924// 2925//
f 2936// 2925// 2937//
f 2932// 2936// 1205//
f 1205// 2936// 1209//
f 2927// 2932// 1203//
f 1203// 2932// 1205//
f 1211// 2928// 1202//
f 1202// 2928// 2927//
f 1202// 2927// 1203//
f 2929// 2928// 1212//
f 1212// 2928// 1211//
f 2923// 2929// 1213//
f 1213// 2929// 1212//
f 1206// 2925// 1207//
f 1207// 2925// 2923//
f 1207// 2923// 1213//
f 2937// 2925// 1208//
f 1208// 2925// 1206//
f 2936// 2937// 1209//
f 1209// 2937// 1208//
f 2922// 2924// 2938//
f 2938// 2924// 2939//
f 2924// 2935// 2939//
f 2939// 2935// 2940//
f 2933// 2941// 2942//
f 2933// 2942// 2934//
f 2934// 2942// 2940//
f 2934// 2940// 2935//
f 2933// 2931// 2941//
f 2941// 2931// 2943//
f 2926// 2944// 2945//
f 2926// 2945// 2930//
f 2930// 2945// 2943//
f 2930// 2943// 2931//
f 2926// 2922// 2944//
f 2944// 2922// 2938//
usemtl 3
f 2941// 2943// 2942//
f 2942// 2943// 2945//
f 2942// 2945// 2940//
f 2940// 2945// 2944//
f 2940// 2944// 2939//
f 2939// 2944// 2938//
usemtl 4
f 2946// 2947// 1313//
f 1313// 2947// 1312//
f 812// 2948// 1315//
f 1315// 2948// 2946//
f 1315// 2946// 1313//
f 2949// 2948// 811//
f 811// 2948// 812//
f 2950// 2949// 810//
f 810// 2949// 811//
f 2951// 2950// 1319//
f 1319// 2950// 810//
f 2952// 2951// 1316//
f 1316// 2951// 1319//
f 1318// 2953// 1317//
f 1317// 2953// 2952//
f 1317// 2952// 1316//
f 2954// 2953// 1062//
f 1062// 2953// 1318//
f 2955// 2954// 1064//
f 1064// 2954// 1062//
f 2956// 2955// 1060//
f 1060// 2955// 1064//
f 968// 2957// 1058//
f 1058// 2957// 2956//
f 1058// 2956// 1060//
f 1312// 2947// 967//
f 967// 2947// 2957//
f 967// 2957// 968//
f 2954// 2955// 2953//
f 2953// 2955// 2956//
f 2953// 2956// 2952//
f 2947// 2946// 2957//
f 2957// 2946// 2948//
f 2957// 2948// 2949//
f 2950// 2951// 2949//
f 2949// 2951// 2952//
f 2949// 2952// 2957//
f 2957// 2952// 2956//
f 2958// 2959// 2960//
f 2960// 2959// 2961//
f 2962// 2963// 2964//
f 2965// 2966// 2967//
f 2967// 2966// 2968//
f 2969// 2970// 2961//
f 2961// 2970// 2971//
f 2971// 2972// 2961//
f 2961// 2972// 2973//
f 2961// 2973// 2960//
f 2960// 2973// 2974//
f 2960// 2974// 2965//
f 2965// 2974// 2975//
f 2965// 2975// 2966//
f 2964// 2969// 2962//
f 2962// 2969// 2961//
f 2962// 2961// 2976//
f 2976// 2961// 2977//
f 2976// 2977// 2978//
f 2978// 2977// 2979//
f 2978// 2979// 2980//
f 2980// 2979// 2981//
f 2980// 2981// 2982//
f 2982// 2981// 2983//
f 2982// 2983// 2984//
f 2984// 2983// 2985//
f 2984// 2985// 2986//
f 2986// 2985// 2987//
f 2986// 2987// 2988//
f 2988// 2987// 2989//
f 2988// 2989// 2990//
f 2990// 2989// 2991//
f 2990// 2991// 2992//
f 2992// 2991// 2993//
f 2992// 2993// 2994//
f 2994// 2993// 2995//
f 2996// 2997// 2998//
f 2998// 2997// 2999//
f 2998// 2999// 3000//
f 3000// 2999// 3001//
f 3000// 3001// 3002//
f 3002// 3001// 3003//
f 3002// 3003// 3004//
f 3004// 3003// 3005//
f 3004// 3005// 3006//
f 3006// 3005// 3007//
f 3006// 3007// 2968//
f 2968// 3007// 3008//
f 2968// 3008// 2967//
f 3009// 3010// 3011//
f 3011// 3010// 3012//
f 3011// 3012// 3013//
f 3013// 3012// 3014//
f 3013// 3014// 3015//
f 3015// 3014// 3016//
f 3015// 3016// 2996//
f 2996// 3016// 3017//
f 2996// 3017// 2997//
f 2962// 3018// 2963//
f 2963// 3018// 3019//
f 2963// 3019// 3020//
f 3020// 3019// 3021//
f 3020// 3021// 3022//
f 3022// 3021// 3023//
f 3022// 3023// 3024//
f 3024// 3023// 3025//
f 3024// 3025// 3009//
f 3009// 3025// 3026//
f 3009// 3026// 3010//
f 2989// 1352// 1351//
f 2989// 1351// 2991//
f 2991// 1351// 1350//
f 2991// 1350// 2993//
f 2993// 1350// 1321//
f 2993// 1321// 2995//
f 2994// 2995// 1320//
f 1320// 2995// 1321//
f 2994// 1320// 1336//
f 2994// 1336// 2992//
f 2992// 1336// 1340//
f 2992// 1340// 2990//
f 2990// 1340// 1339//
f 2990// 1339// 2988//
f 2988// 1339// 1338//
f 2988// 1338// 2986//
f 2986// 1338// 1367//
f 2986// 1367// 2984//
f 2984// 1367// 1366//
f 2984// 1366// 2982//
f 2982// 1366// 1362//
f 2982// 1362// 2980//
f 2980// 1362// 1361//
f 2980// 1361// 2978//
f 2978// 1361// 1360//
f 2978// 1360// 2976//
f 2976// 1360// 1359//
f 2976// 1359// 2962//
f 3018// 2962// 1337//
f 1337// 2962// 1359//
f 3018// 1337// 1335//
f 3018// 1335// 3019//
f 3019// 1335// 1334//
f 3019// 1334// 3021//
f 3021// 1334// 1333//
f 3021// 1333// 3023//
f 3023// 1333// 1358//
f 3023// 1358// 3025//
f 3025// 1358// 1357//
f 3025// 1357// 3026//
f 3026// 1357// 1356//
f 3026// 1356// 3010//
f 3010// 1356// 1355//
f 3010// 1355// 3012//
f 3012// 1355// 1328//
f 3012// 1328// 3014//
f 3014// 1328// 1327//
f 3014// 1327// 3016//
f 3016// 1327// 1342//
f 3016// 1342// 3017//
f 3017// 1342// 1341//
f 3017// 1341// 2997//
f 1329// 3003// 1330//
f 1330// 3003// 3001//
f 1330// 3001// 1331//
f 1331// 3001// 2999//
f 1331// 2999// 1332//
f 1332// 2999// 2997//
f 1332// 2997// 1341//
f 3003// 1329// 880//
f 3003// 880// 3005//
f 3005// 880// 879//
f 3005// 879// 3007//
f 879// 1325// 3007//
f 3007// 1325// 1326//
f 3007// 1326// 3008//
f 3008// 1326// 1349//
f 3008// 1349// 2967//
f 2967// 1349// 1348//
f 2967// 1348// 2965//
f 2960// 2965// 1347//
f 1347// 2965// 1348//
f 2958// 2960// 1324//
f 1324// 2960// 1347//
f 2959// 2958// 1365//
f 1365// 2958// 1324//
f 2961// 2959// 1364//
f 1364// 2959// 1365//
f 2961// 1364// 1363//
f 2961// 1363// 2977//
f 2977// 1363// 1346//
f 2977// 1346// 2979//
f 2979// 1346// 1344//
f 2979// 1344// 2981//
f 2981// 1344// 1343//
f 2981// 1343// 2983//
f 2983// 1343// 1354//
f 2983// 1354// 2985//
f 2985// 1354// 1353//
f 2985// 1353// 2987//
f 2987// 1353// 1352//
f 2987// 1352// 2989//
f 3020// 3027// 3028//
f 3020// 3028// 2963//
f 2963// 3028// 3029//
f 2963// 3029// 2964//
f 2964// 3029// 3030//
f 2964// 3030// 2969//
f 3011// 3031// 3032//
f 3011// 3032// 3009//
f 3009// 3032// 3033//
f 3009// 3033// 3024//
f 3024// 3033// 3034//
f 3024// 3034// 3022//
f 3022// 3034// 3027//
f 3022// 3027// 3020//
f 2998// 3035// 3036//
f 2998// 3036// 2996//
f 2996// 3036// 3037//
f 2996// 3037// 3015//
f 3015// 3037// 3038//
f 3015// 3038// 3013//
f 3013// 3038// 3031//
f 3013// 3031// 3011//
f 3004// 3039// 3040//
f 3004// 3040// 3002//
f 3002// 3040// 3041//
f 3002// 3041// 3000//
f 3000// 3041// 3035//
f 3000// 3035// 2998//
f 2975// 3042// 3043//
f 2975// 3043// 2966//
f 2966// 3043// 3044//
f 2966// 3044// 2968//
f 2968// 3044// 3045//
f 2968// 3045// 3006//
f 3006// 3045// 3039//
f 3006// 3039// 3004//
f 2971// 3046// 3047//
f 2971// 3047// 2972//
f 2972// 3047// 3048//
f 2972// 3048// 2973//
f 2973// 3048// 3049//
f 2973// 3049// 2974//
f 2974// 3049// 3042//
f 2974// 3042// 2975//
f 2971// 2970// 3046//
f 3046// 2970// 3050//
f 2970// 2969// 3050//
f 3050// 2969// 3030//
usemtl 3
f 3047// 3046// 3027//
f 3046// 3050// 3030//
f 3030// 3029// 3046//
f 3046// 3029// 3028//
f 3046// 3028// 3027//
f 3047// 3027// 3048//
f 3048// 3027// 3034//
f 3048// 3034// 3049//
f 3036// 3035// 3043//
f 3036// 3043// 3037//
f 3044// 3043// 3045//
f 3045// 3043// 3039//
f 3034// 3033// 3049//
f 3049// 3033// 3032//
f 3049// 3032// 3042//
f 3042// 3032// 3031//
f 3042// 3031// 3043//
f 3043// 3031// 3038//
f 3043// 3038// 3037//
f 3035// 3041// 3043//
f 3043// 3041// 3040//
f 3043// 3040// 3039//
usemtl 4
f 3051// 1178// 1165//
f 3051// 1165// 3052//
f 3052// 1165// 1167//
f 3052// 1167// 3053//
f 3053// 1167// 1139//
f 3053// 1139// 3054//
f 3055// 3054// 1138//
f 1138// 3054// 1139//
f 1135// 3056// 1136//
f 1136// 3056// 3057//
f 1136// 3057// 1137//
f 1137// 3057// 3055//
f 1137// 3055// 1138//
f 1135// 820// 3056//
f 3056// 820// 3058//
f 820// 819// 3058//
f 3058// 819// 1161//
f 3058// 1161// 3059//
f 3059// 1161// 1160//
f 3059// 1160// 3060//
f 3060// 1160// 1148//
f 3060// 1148// 3061//
f 3061// 1148// 1147//
f 3061// 1147// 3062//
f 3062// 1147// 1151//
f 3062// 1151// 3063//
f 3063// 1151// 1150//
f 3063// 1150// 3064//
f 3064// 1150// 1149//
f 3064// 1149// 3065//
f 3065// 1149// 1146//
f 3065// 1146// 3066//
f 3066// 1146// 1145//
f 3066// 1145// 3067//
f 3067// 1145// 1190//
f 3067// 1190// 3068//
f 3068// 1190// 1189//
f 3068// 1189// 3069//
f 3069// 1189// 1187//
f 3069// 1187// 3070//
f 3070// 1187// 1185//
f 3070// 1185// 3071//
f 3071// 1185// 1184//
f 3071// 1184// 3072//
f 3072// 1184// 1177//
f 3072// 1177// 3073//
f 3073// 1177// 1176//
f 3073// 1176// 3074//
f 3074// 1176// 1175//
f 3074// 1175// 3075//
f 3075// 1175// 1172//
f 3075// 1172// 3076//
f 3076// 1172// 1196//
f 3076// 1196// 3077//
f 3077// 1196// 1195//
f 3077// 1195// 3078//
f 3078// 1195// 1194//
f 3078// 1194// 3079//
f 3079// 1194// 1174//
f 3079// 1174// 3080//
f 3080// 1174// 1173//
f 3080// 1173// 3081//
f 3081// 1173// 1171//
f 3081// 1171// 3082//
f 3082// 1171// 1170//
f 3082// 1170// 3083//
f 3083// 1170// 1186//
f 3083// 1186// 3084//
f 3084// 1186// 1188//
f 3084// 1188// 3085//
f 3085// 1188// 1144//
f 3085// 1144// 3086//
f 3087// 3086// 1142//
f 1142// 3086// 1144//
f 3087// 1142// 1141//
f 3087// 1141// 3088//
f 3088// 1141// 1164//
f 3088// 1164// 3089//
f 3089// 1164// 1163//
f 3089// 1163// 3090//
f 3090// 1163// 1162//
f 3090// 1162// 3091//
f 3091// 1162// 1159//
f 3091// 1159// 3092//
f 3092// 1159// 1158//
f 3092// 1158// 3093//
f 3093// 1158// 1157//
f 3093// 1157// 3094//
f 3094// 1157// 1156//
f 3094// 1156// 3095//
f 3095// 1156// 1155//
f 3095// 1155// 3096//
f 3096// 1155// 1154//
f 3096// 1154// 3097//
f 3097// 1154// 1153//
f 3097// 1153// 3098//
f 3098// 1153// 1152//
f 3098// 1152// 3099//
f 3099// 1152// 1169//
f 3099// 1169// 3100//
f 3100// 1169// 1168//
f 3100// 1168// 3101//
f 3101// 1168// 1166//
f 3101// 1166// 3102//
f 3102// 1166// 1180//
f 3102// 1180// 3103//
f 3103// 1180// 1201//
f 3103// 1201// 3104//
f 3104// 1201// 1200//
f 3104// 1200// 3105//
f 3105// 1200// 1199//
f 3105// 1199// 3106//
f 3106// 1199// 1183//
f 3106// 1183// 3107//
f 3107// 1183// 1182//
f 3107// 1182// 3108//
f 3108// 1182// 1198//
f 3108// 1198// 3109//
f 3109// 1198// 1197//
f 3109// 1197// 3110//
f 3110// 1197// 1193//
f 3110// 1193// 3111//
f 3111// 1193// 1192//
f 3111// 1192// 3112//
f 3112// 1192// 1191//
f 3112// 1191// 3113//
f 3113// 1191// 1181//
f 3113// 1181// 3114//
f 3114// 1181// 1179//
f 3114// 1179// 3115//
f 3115// 1179// 1178//
f 3115// 1178// 3051//
f 3079// 3080// 3091//
f 3091// 3080// 3090//
f 3103// 3070// 3102//
f 3102// 3070// 3071//
f 3059// 3060// 3111//
f 3111// 3060// 3061//
f 3111// 3061// 3110//
f 3110// 3061// 3062//
f 3110// 3062// 3109//
f 3109// 3062// 3063//
f 3109// 3063// 3108//
f 3108// 3063// 3064//
f 3108// 3064// 3107//
f 3107// 3064// 3065//
f 3107// 3065// 3106//
f 3106// 3065// 3066//
f 3106// 3066// 3105//
f 3105// 3066// 3067//
f 3105// 3067// 3104//
f 3104// 3067// 3068//
f 3104// 3068// 3103//
f 3103// 3068// 3069//
f 3103// 3069// 3070//
f 3056// 3051// 3057//
f 3057// 3051// 3052//
f 3057// 3052// 3055//
f 3055// 3052// 3053//
f 3055// 3053// 3054//
f 3080// 3081// 3090//
f 3090// 3081// 3082//
f 3090// 3082// 3089//
f 3089// 3082// 3083//
f 3089// 3083// 3088//
f 3088// 3083// 3084//
f 3088// 3084// 3087//
f 3087// 3084// 3085//
f 3087// 3085// 3086//
f 3111// 3112// 3059//
f 3059// 3112// 3113//
f 3059// 3113// 3058//
f 3058// 3113// 3114//
f 3058// 3114// 3056//
f 3056// 3114// 3115//
f 3056// 3115// 3051//
f 3091// 3092// 3079//
f 3079// 3092// 3093//
f 3079// 3093// 3078//
f 3078// 3093// 3094//
f 3078// 3094// 3077//
f 3077// 3094// 3095//
f 3077// 3095// 3076//
f 3076// 3095// 3096//
f 3076// 3096// 3075//
f 3075// 3096// 3097//
f 3075// 3097// 3074//
f 3074// 3097// 3098//
f 3074// 3098// 3073//
f 3073// 3098// 3099//
f 3073// 3099// 3072//
f 3072// 3099// 3100//
f 3072// 3100// 3071//
f 3071// 3100// 3101//
f 3071// 3101// 3102//
f 3116// 3117// 1368//
f 1368// 3117// 854//
f 3118// 3116// 1375//
f 1375// 3116// 1368//
f 3118// 1375// 1376//
f 3118// 1376// 3119//
f 3119// 1376// 1372//
f 3119// 1372// 3120//
f 3121// 3120// 1371//
f 1371// 3120// 1372//
f 3122// 3121// 1370//
f 1370// 3121// 1371//
f 1379// 3123// 1374//
f 1374// 3123// 3122//
f 1374// 3122// 1370//
f 3124// 3123// 1378//
f 1378// 3123// 1379//
f 1380// 3125// 1377//
f 1377// 3125// 3124//
f 1377// 3124// 1378//
f 1382// 3126// 1381//
f 1381// 3126// 3125//
f 1381// 3125// 1380//
f 3126// 1382// 838//
f 3126// 838// 3127//
f 3127// 838// 837//
f 3127// 837// 3128//
f 3128// 837// 873//
f 3128// 873// 3129//
f 3129// 873// 872//
f 3129// 872// 3130//
f 3130// 872// 868//
f 3130// 868// 3131//
f 3131// 868// 867//
f 3131// 867// 3132//
f 3132// 867// 863//
f 3132// 863// 3133//
f 3134// 3133// 862//
f 862// 3133// 863//
f 3134// 862// 864//
f 3134// 864// 3135//
f 3135// 864// 871//
f 3135// 871// 3136//
f 3136// 871// 870//
f 3136// 870// 3137//
f 3137// 870// 869//
f 3137// 869// 3138//
f 869// 851// 3138//
f 3138// 851// 850//
f 3138// 850// 3139//
f 3139// 850// 861//
f 3139// 861// 3140//
f 3140// 861// 858//
f 3140// 858// 3141//
f 3141// 858// 857//
f 3141// 857// 3142//
f 854// 3117// 855//
f 855// 3117// 3142//
f 855// 3142// 857//
f 3119// 3120// 3142//
f 3117// 3116// 3142//
f 3142// 3116// 3118//
f 3142// 3118// 3119//
f 3123// 3124// 3122//
f 3122// 3124// 3125//
f 3122// 3125// 3121//
f 3133// 3134// 3132//
f 3132// 3134// 3135//
f 3132// 3135// 3131//
f 3131// 3135// 3136//
f 3131// 3136// 3130//
f 3130// 3136// 3137//
f 3130// 3137// 3129//
f 3129// 3137// 3138//
f 3129// 3138// 3128//
f 3141// 3127// 3140//
f 3140// 3127// 3128//
f 3140// 3128// 3139//
f 3139// 3128// 3138//
f 3120// 3121// 3142//
f 3142// 3121// 3125//
f 3142// 3125// 3141//
f 3141// 3125// 3126//
f 3141// 3126// 3127//
f 3143// 3144// 1115//
f 1115// 3144// 1116//
f 1118// 3145// 1120//
f 1120// 3145// 3143//
f 1120// 3143// 1115//
f 3146// 3145// 1117//
f 1117// 3145// 1118//
f 1121// 3147// 1119//
f 1119// 3147// 3146//
f 1119// 3146// 1117//
f 3148// 3147// 1126//
f 1126// 3147// 1121//
f 1123// 3149// 1125//
f 1125// 3149// 3148//
f 1125// 3148// 1126//
f 1127// 3150// 1122//
f 1122// 3150// 3149//
f 1122// 3149// 1123//
f 1129// 3151// 1128//
f 1128// 3151// 3150//
f 1128// 3150// 1127//
f 3152// 3151// 1130//
f 1130// 3151// 1129//
f 1133// 3153// 1131//
f 1131// 3153// 3152//
f 1131// 3152// 1130//
f 822// 3154// 823//
f 823// 3154// 3153//
f 823// 3153// 1133//
f 1116// 3144// 1369//
f 1369// 3144// 3154//
f 1369// 3154// 822//
f 3154// 3144// 3143//
f 3143// 3145// 3154//
f 3154// 3145// 3146//
f 3154// 3146// 3153//
f 3151// 3152// 3150//
f 3150// 3152// 3153//
f 3150// 3153// 3149//
f 3149// 3153// 3146//
f 3149// 3146// 3148//
f 3148// 3146// 3147//
f 3155// 3156// 3157//
f 3157// 3156// 3158//
f 3157// 3158// 3159//
f 3159// 3158// 3160//
f 3159// 3160// 3161//
f 3161// 3160// 3162//
f 3161// 3162// 3163//
f 3163// 3162// 3164//
f 3163// 3164// 3165//
f 3165// 3164// 3166//
f 3165// 3166// 3167//
f 3167// 3166// 3168//
f 3167// 3168// 3169//
f 3169// 3168// 3170//
f 3169// 3170// 3171//
f 3171// 3170// 3172//
f 3171// 3172// 3173//
f 3173// 3172// 3174//
f 3173// 3174// 3175//
f 3175// 3174// 3176//
f 3175// 3176// 3177//
f 3177// 3176// 3178//
f 3177// 3178// 3179//
f 3179// 3178// 3180//
f 3179// 3180// 3181//
f 3181// 3180// 3182//
f 3181// 3182// 3183//
f 3183// 3182// 3184//
f 3183// 3184// 3185//
f 3185// 3184// 3186//
f 3185// 3186// 3187//
f 3187// 3186// 3188//
f 3187// 3188// 3189//
f 3189// 3188// 3155//
f 3189// 3155// 3157//
f 3163// 3165// 1111//
f 1111// 3165// 1085//
f 3163// 1111// 1107//
f 3163// 1107// 3161//
f 3161// 1107// 1106//
f 3161// 1106// 3159//
f 3159// 1106// 1104//
f 3159// 1104// 3157//
f 3157// 1104// 1103//
f 3157// 1103// 3189//
f 3189// 1103// 1110//
f 3189// 1110// 3187//
f 3187// 1110// 1109//
f 3187// 1109// 3185//
f 3185// 1109// 1108//
f 3185// 1108// 3183//
f 1101// 3175// 1102//
f 1102// 3175// 3177//
f 1102// 3177// 1093//
f 1093// 3177// 3179//
f 1093// 3179// 1090//
f 1090// 3179// 3181//
f 1090// 3181// 1091//
f 1091// 3181// 3183//
f 1091// 3183// 1108//
f 3175// 1101// 1100//
f 3175// 1100// 3173//
f 3173// 1100// 1089//
f 3173// 1089// 3171//
f 3171// 1089// 1088//
f 3171// 1088// 3169//
f 3167// 3169// 1081//
f 1081// 3169// 1088//
f 1085// 3165// 1083//
f 1083// 3165// 3167//
f 1083// 3167// 1081//
f 3170// 3168// 3190//
f 3190// 3168// 3191//
f 3168// 3166// 3191//
f 3191// 3166// 3192//
f 3166// 3164// 3192//
f 3192// 3164// 3193//
f 3156// 3194// 3195//
f 3156// 3195// 3158//
f 3158// 3195// 3196//
f 3158// 3196// 3160//
f 3160// 3196// 3197//
f 3160// 3197// 3162//
f 3162// 3197// 3193//
f 3162// 3193// 3164//
f 3184// 3198// 3199//
f 3184// 3199// 3186//
f 3186// 3199// 3200//
f 3186// 3200// 3188//
f 3188// 3200// 3201//
f 3188// 3201// 3155//
f 3155// 3201// 3194//
f 3155// 3194// 3156//
f 3176// 3202// 3203//
f 3176// 3203// 3178//
f 3178// 3203// 3204//
f 3178// 3204// 3180//
f 3180// 3204// 3205//
f 3180// 3205// 3182//
f 3182// 3205// 3198//
f 3182// 3198// 3184//
f 3170// 3190// 3206//
f 3170// 3206// 3172//
f 3172// 3206// 3207//
f 3172// 3207// 3174//
f 3174// 3207// 3202//
f 3174// 3202// 3176//
usemtl 3
f 3191// 3192// 3190//
f 3190// 3192// 3193//
f 3193// 3197// 3190//
f 3190// 3197// 3196//
f 3190// 3196// 3195//
f 3195// 3194// 3190//
f 3190// 3194// 3201//
f 3190// 3201// 3200//
f 3198// 3202// 3207//
f 3205// 3204// 3198//
f 3198// 3204// 3203//
f 3198// 3203// 3202//
f 3200// 3199// 3190//
f 3190// 3199// 3198//
f 3190// 3198// 3206//
f 3206// 3198// 3207//
usemtl 4
f 3208// 3209// 3210//
f 3210// 3209// 3211//
f 3212// 3213// 3208//
f 3208// 3213// 3214//
f 3208// 3214// 3209//
f 3209// 3214// 3215//
f 3212// 3216// 3213//
f 3213// 3216// 3217//
f 3213// 3217// 3218//
f 3218// 3217// 3219//
f 3218// 3219// 3220//
f 3220// 3221// 3218//
f 3218// 3221// 3210//
f 3218// 3210// 3222//
f 3222// 3210// 3211//
f 3222// 3211// 3223//
f 3222// 1095// 3218//
f 3218// 1095// 1097//
f 3218// 1097// 1087//
f 3213// 3218// 1086//
f 1086// 3218// 1087//
f 1105// 3214// 1092//
f 1092// 3214// 3213//
f 1092// 3213// 1086//
f 3215// 3214// 1112//
f 1112// 3214// 1105//
f 3209// 3215// 1113//
f 1113// 3215// 1112//
f 3211// 3209// 1114//
f 1114// 3209// 1113//
f 3223// 3211// 1094//
f 1094// 3211// 1114//
f 3222// 3223// 1095//
f 1095// 3223// 1094//
f 3208// 3210// 3224//
f 3224// 3210// 3225//
f 3210// 3221// 3225//
f 3225// 3221// 3226//
f 3219// 3227// 3228//
f 3219// 3228// 3220//
f 3220// 3228// 3226//
f 3220// 3226// 3221//
f 3219// 3217// 3227//
f 3227// 3217// 3229//
f 3212// 3230// 3231//
f 3212// 3231// 3216//
f 3216// 3231// 3229//
f 3216// 3229// 3217//
f 3212// 3208// 3230//
f 3230// 3208// 3224//
usemtl 3
f 3227// 3229// 3228//
f 3228// 3229// 3231//
f 3228// 3231// 3226//
f 3226// 3231// 3230//
f 3226// 3230// 3225//
f 3225// 3230// 3224//
usemtl 4
f 3232// 3233// 3234//
f 3235// 3236// 3237//
f 3238// 3239// 3240//
f 3241// 3242// 3234//
f 3234// 3242// 3243//
f 3234// 3243// 3232//
f 3237// 3236// 3244//
f 3245// 3246// 3247//
f 3247// 3246// 3248//
f 3247// 3248// 3249//
f 3250// 3251// 3247//
f 3247// 3251// 3252//
f 3247// 3252// 3245//
f 3245// 3252// 3253//
f 3254// 3255// 3256//
f 3256// 3255// 3257//
f 3256// 3257// 3258//
f 3258// 3257// 3259//
f 3258// 3259// 3260//
f 3260// 3259// 3261//
f 3260// 3261// 3262//
f 3262// 3261// 3234//
f 3262// 3234// 3263//
f 3263// 3234// 3264//
f 3265// 3266// 3254//
f 3254// 3266// 3267//
f 3254// 3267// 3255//
f 3249// 3268// 3247//
f 3247// 3268// 3269//
f 3247// 3269// 3270//
f 3270// 3269// 3271//
f 3270// 3271// 3272//
f 3273// 3274// 3275//
f 3275// 3274// 3276//
f 3275// 3276// 3277//
f 3277// 3276// 3278//
f 3277// 3278// 3279//
f 3279// 3278// 3280//
f 3238// 3240// 3281//
f 3281// 3240// 3282//
f 3281// 3282// 3283//
f 3283// 3282// 3284//
f 3283// 3284// 3285//
f 3236// 3286// 3244//
f 3244// 3286// 3287//
f 3244// 3287// 3288//
f 3288// 3287// 3289//
f 3288// 3289// 3238//
f 3238// 3289// 3290//
f 3238// 3290// 3239//
f 3253// 3252// 3254//
f 3254// 3252// 3291//
f 3254// 3291// 3265//
f 3292// 3293// 3294//
f 3294// 3293// 3295//
f 3294// 3295// 3296//
f 3296// 3295// 3297//
f 3296// 3297// 3298//
f 3298// 3297// 3299//
f 3298// 3299// 3300//
f 3300// 3299// 3301//
f 3300// 3301// 3302//
f 3264// 3234// 3303//
f 3303// 3234// 3233//
f 3303// 3233// 3304//
f 3278// 3305// 3280//
f 3280// 3305// 3306//
f 3280// 3306// 3307//
f 3307// 3306// 3308//
f 3307// 3308// 3309//
f 3309// 3308// 3310//
f 3309// 3310// 3311//
f 3311// 3310// 3312//
f 3311// 3312// 3313//
f 3313// 3312// 3314//
f 3313// 3314// 3315//
f 3315// 3314// 3316//
f 3315// 3316// 3292//
f 3292// 3316// 3317//
f 3292// 3317// 3293//
f 3318// 3319// 3320//
f 3320// 3319// 3321//
f 3320// 3321// 3275//
f 3275// 3321// 3322//
f 3275// 3322// 3273//
f 3323// 3324// 3325//
f 3325// 3324// 3326//
f 3325// 3326// 3327//
f 3327// 3326// 3328//
f 3327// 3328// 3329//
f 3329// 3328// 3330//
f 3329// 3330// 3331//
f 3331// 3330// 3332//
f 3331// 3332// 3241//
f 3241// 3332// 3333//
f 3241// 3333// 3242//
f 3272// 3271// 3334//
f 3334// 3271// 3335//
f 3334// 3335// 3336//
f 3336// 3335// 3337//
f 3336// 3337// 3338//
f 3338// 3337// 3339//
f 3338// 3339// 3340//
f 3340// 3339// 3341//
f 3340// 3341// 3342//
f 3342// 3341// 3343//
f 3342// 3343// 3344//
f 3344// 3343// 3345//
f 3344// 3345// 3346//
f 3346// 3345// 3347//
f 3346// 3347// 3348//
f 3348// 3347// 3349//
f 3348// 3349// 3350//
f 3350// 3349// 3351//
f 3350// 3351// 3233//
f 3233// 3351// 3352//
f 3233// 3352// 3304//
f 3285// 3284// 3353//
f 3353// 3284// 3354//
f 3353// 3354// 3355//
f 3355// 3354// 3356//
f 3355// 3356// 3357//
f 3357// 3356// 3358//
f 3357// 3358// 3359//
f 3359// 3358// 3360//
f 3359// 3360// 3318//
f 3318// 3360// 3361//
f 3318// 3361// 3319//
f 3237// 3362// 3235//
f 3235// 3362// 3363//
f 3235// 3363// 3364//
f 3364// 3363// 3365//
f 3364// 3365// 3366//
f 3366// 3365// 3367//
f 3366// 3367// 3323//
f 3323// 3367// 3368//
f 3323// 3368// 3324//
f 3369// 3370// 3371//
f 3301// 3372// 3302//
f 3302// 3372// 3369//
f 3302// 3369// 3373//
f 3373// 3369// 3371//
f 3374// 3375// 3369//
f 3369// 3375// 3376//
f 3369// 3376// 3370//
f 3377// 3378// 3379//
f 3378// 3380// 3379//
f 3379// 3380// 3381//
f 3379// 3381// 3382//
f 3374// 3369// 3379//
f 3379// 3369// 3383//
f 3379// 3383// 3377//
f 1080// 965// 3384//
f 3385// 3386// 3387//
f 1080// 3384// 3387//
f 3387// 3384// 3388//
f 3387// 3388// 3385//
f 3311// 1059// 1061//
f 3311// 1061// 3309//
f 3309// 1061// 1066//
f 3309// 1066// 3307//
f 1066// 1073// 3307//
f 3307// 1073// 1068//
f 3307// 1068// 3280//
f 3280// 1068// 1067//
f 3280// 1067// 3279//
f 3279// 1067// 1078//
f 3279// 1078// 3277//
f 3277// 1078// 1077//
f 3277// 1077// 3275//
f 3275// 1077// 1074//
f 3275// 1074// 3320//
f 3320// 1074// 1075//
f 3320// 1075// 3318//
f 1080// 3359// 1076//
f 1076// 3359// 3318//
f 1076// 3318// 1075//
f 1080// 3387// 3359//
f 3359// 3387// 3386//
f 3359// 3386// 3357//
f 3357// 3386// 3385//
f 3357// 3385// 3355//
f 3355// 3385// 3388//
f 3355// 3388// 3353//
f 3353// 3388// 3384//
f 3353// 3384// 3285//
f 3285// 3384// 965//
f 3285// 965// 3283//
f 3283// 965// 926//
f 3283// 926// 933//
f 3283// 933// 924//
f 3283// 924// 3281//
f 3281// 924// 923//
f 3281// 923// 3238//
f 3238// 923// 922//
f 3238// 922// 3288//
f 3288// 922// 932//
f 3288// 932// 3244//
f 3244// 932// 936//
f 3244// 936// 3237//
f 3237// 936// 938//
f 3237// 938// 3362//
f 3362// 938// 937//
f 3362// 937// 3363//
f 3363// 937// 931//
f 3363// 931// 3365//
f 942// 3367// 930//
f 930// 3367// 3365//
f 930// 3365// 931//
f 913// 3324// 942//
f 942// 3324// 3368//
f 942// 3368// 3367//
f 913// 912// 3324//
f 3324// 912// 910//
f 3324// 910// 3326//
f 910// 908// 3326//
f 3326// 908// 3328//
f 908// 906// 3328//
f 3328// 906// 905//
f 3328// 905// 3330//
f 3330// 905// 898//
f 3330// 898// 3332//
f 3332// 898// 897//
f 3332// 897// 3333//
f 3333// 897// 900//
f 3333// 900// 3242//
f 3242// 900// 904//
f 3242// 904// 3243//
f 3243// 904// 903//
f 3243// 903// 3232//
f 903// 902// 3232//
f 3232// 902// 901//
f 3232// 901// 3233//
f 3233// 901// 889//
f 3233// 889// 3350//
f 3350// 889// 888//
f 3350// 888// 3348//
f 3348// 888// 896//
f 3348// 896// 3346//
f 3346// 896// 895//
f 3346// 895// 3344//
f 1002// 3270// 3272//
f 3344// 895// 894//
f 3344// 894// 3342//
f 3342// 894// 891//
f 3342// 891// 3340//
f 3340// 891// 892//
f 3340// 892// 3338//
f 3338// 892// 893//
f 3338// 893// 3336//
f 3336// 893// 1004//
f 3336// 1004// 3334//
f 3334// 1004// 994//
f 3334// 994// 3272//
f 3272// 994// 1001//
f 3272// 1001// 1002//
f 3247// 3270// 989//
f 989// 3270// 1002//
f 3250// 3247// 971//
f 971// 3247// 989//
f 1014// 3251// 1007//
f 1007// 3251// 3250//
f 1007// 3250// 971//
f 829// 3252// 830//
f 830// 3252// 3251//
f 830// 3251// 1014//
f 3252// 829// 828//
f 3252// 828// 3291//
f 3291// 828// 1023//
f 3291// 1023// 3265//
f 1023// 1022// 3265//
f 3265// 1022// 1021//
f 3265// 1021// 3266//
f 3266// 1021// 1015//
f 3266// 1015// 3267//
f 3267// 1015// 1010//
f 3267// 1010// 3255//
f 3255// 1010// 1009//
f 3255// 1009// 3257//
f 3257// 1009// 1018//
f 3257// 1018// 3259//
f 1018// 1026// 3259//
f 3259// 1026// 1025//
f 3259// 1025// 3261//
f 3261// 1025// 1029//
f 3261// 1029// 3234//
f 1020// 3325// 3327//
f 3234// 1029// 1028//
f 3234// 1028// 3241//
f 3241// 1028// 1027//
f 3241// 1027// 3331//
f 3331// 1027// 1024//
f 3331// 1024// 3329//
f 3329// 1024// 1017//
f 3329// 1017// 3327//
f 3327// 1017// 1019//
f 3327// 1019// 1020//
f 3325// 1020// 3323//
f 3323// 1020// 1011//
f 1011// 1056// 3323//
f 3323// 1056// 1049//
f 3323// 1049// 3366//
f 3366// 1049// 1048//
f 3366// 1048// 3364//
f 3364// 1048// 1046//
f 3364// 1046// 3235//
f 3235// 1046// 1045//
f 3235// 1045// 3236//
f 3236// 1045// 1047//
f 3236// 1047// 3286//
f 3286// 1047// 1055//
f 3286// 1055// 3287//
f 3287// 1055// 1037//
f 3287// 1037// 3289//
f 3289// 1037// 1036//
f 3289// 1036// 3290//
f 3290// 1036// 1032//
f 3290// 1032// 3239//
f 3239// 1032// 1035//
f 3239// 1035// 3240//
f 3240// 1035// 1050//
f 3240// 1050// 3282//
f 3282// 1050// 1052//
f 3282// 1052// 3284//
f 3284// 1052// 1054//
f 3284// 1054// 3354//
f 3354// 1054// 1053//
f 3354// 1053// 3356//
f 3356// 1053// 1051//
f 3356// 1051// 3358//
f 3358// 1051// 1034//
f 3358// 1034// 3360//
f 3360// 1034// 1033//
f 3360// 1033// 3361//
f 3361// 1033// 1031//
f 3361// 1031// 3319//
f 3319// 1031// 1030//
f 3319// 1030// 3321//
f 3321// 1030// 1044//
f 3321// 1044// 3322//
f 3322// 1044// 1043//
f 3322// 1043// 3273//
f 3274// 3273// 1040//
f 1040// 3273// 1043//
f 3274// 1040// 1042//
f 3274// 1042// 3276//
f 3276// 1042// 1041//
f 3276// 1041// 3278//
f 3278// 1041// 1039//
f 3278// 1039// 3305//
f 3305// 1039// 1038//
f 3305// 1038// 3306//
f 3306// 1038// 1016//
f 3306// 1016// 3308//
f 1016// 1013// 3308//
f 3308// 1013// 1012//
f 3308// 1012// 3310//
f 3310// 1012// 1008//
f 3310// 1008// 3312//
f 1008// 1006// 3312//
f 3312// 1006// 3314//
f 1006// 1005// 3314//
f 3314// 1005// 981//
f 3314// 981// 3316//
f 3316// 981// 980//
f 3316// 980// 3317//
f 3317// 980// 986//
f 3317// 986// 3293//
f 3293// 986// 985//
f 3293// 985// 3295//
f 3295// 985// 984//
f 3295// 984// 3297//
f 3297// 984// 983//
f 3297// 983// 3299//
f 3301// 3299// 982//
f 982// 3299// 983//
f 3301// 982// 975//
f 3301// 975// 3372//
f 3372// 975// 974//
f 3372// 974// 3369//
f 3369// 974// 973//
f 3369// 973// 3383//
f 3383// 973// 970//
f 3383// 970// 3377//
f 3377// 970// 969//
f 3377// 969// 3378//
f 3378// 969// 972//
f 3378// 972// 3380//
f 3380// 972// 991//
f 3380// 991// 3381//
f 3381// 991// 990//
f 3381// 990// 3382//
f 3382// 990// 988//
f 3382// 988// 3379//
f 3379// 988// 987//
f 3379// 987// 3374//
f 3374// 987// 1000//
f 3374// 1000// 3375//
f 3375// 1000// 999//
f 3375// 999// 3376//
f 3376// 999// 998//
f 3376// 998// 3370//
f 3370// 998// 997//
f 3370// 997// 3371//
f 3371// 997// 996//
f 3371// 996// 3373//
f 3373// 996// 993//
f 3373// 993// 3302//
f 3302// 993// 992//
f 3302// 992// 3300//
f 3298// 3300// 995//
f 995// 3300// 992//
f 3298// 995// 1003//
f 3298// 1003// 3296//
f 3296// 1003// 979//
f 3296// 979// 3294//
f 3294// 979// 978//
f 3294// 978// 3292//
f 3292// 978// 977//
f 3292// 977// 3315//
f 3315// 977// 976//
f 3315// 976// 3313//
f 3313// 976// 3311//
f 3311// 976// 1057//
f 3311// 1057// 1059//
f 3253// 3389// 3390//
f 3253// 3390// 3245//
f 3245// 3390// 3391//
f 3245// 3391// 3246//
f 3246// 3391// 3392//
f 3246// 3392// 3248//
f 3248// 3392// 3393//
f 3248// 3393// 3249//
f 3249// 3393// 3394//
f 3249// 3394// 3268//
f 3268// 3394// 3395//
f 3268// 3395// 3269//
f 3269// 3395// 3396//
f 3269// 3396// 3271//
f 3271// 3396// 3397//
f 3271// 3397// 3335//
f 3335// 3397// 3398//
f 3335// 3398// 3337//
f 3337// 3398// 3399//
f 3337// 3399// 3339//
f 3339// 3399// 3400//
f 3339// 3400// 3341//
f 3341// 3400// 3401//
f 3341// 3401// 3343//
f 3343// 3401// 3402//
f 3343// 3402// 3345//
f 3345// 3402// 3403//
f 3345// 3403// 3347//
f 3347// 3403// 3404//
f 3347// 3404// 3349//
f 3349// 3404// 3405//
f 3349// 3405// 3351//
f 3351// 3405// 3406//
f 3351// 3406// 3352//
f 3352// 3406// 3407//
f 3352// 3407// 3304//
f 3304// 3407// 3408//
f 3304// 3408// 3303//
f 3303// 3408// 3409//
f 3303// 3409// 3264//
f 3264// 3409// 3410//
f 3264// 3410// 3263//
f 3263// 3410// 3411//
f 3263// 3411// 3262//
f 3262// 3411// 3412//
f 3262// 3412// 3260//
f 3260// 3412// 3413//
f 3260// 3413// 3258//
f 3258// 3413// 3414//
f 3258// 3414// 3256//
f 3256// 3414// 3415//
f 3256// 3415// 3254//
f 3254// 3415// 3389//
f 3254// 3389// 3253//
usemtl 3
f 3403// 3413// 3412//
f 3401// 3400// 3390//
f 3389// 3415// 3403//
f 3403// 3415// 3414//
f 3403// 3414// 3413//
f 3408// 3407// 3412//
f 3412// 3407// 3406//
f 3389// 3403// 3390//
f 3390// 3403// 3402//
f 3390// 3402// 3401//
f 3411// 3410// 3412//
f 3412// 3410// 3409//
f 3412// 3409// 3408//
f 3406// 3405// 3412//
f 3412// 3405// 3404//
f 3412// 3404// 3403//
f 3400// 3399// 3390//
f 3390// 3399// 3398//
f 3390// 3398// 3397//
f 3397// 3396// 3390//
f 3390// 3396// 3395//
f 3390// 3395// 3394//
f 3394// 3393// 3390//
f 3390// 3393// 3392//
f 3390// 3392// 3391//
f 615// 646// 635//
f 635// 646// 776//
f 635// 776// 636//
f 636// 776// 787//
f 636// 787// 637//
f 637// 787// 782//
f 637// 782// 617//
f 617// 782// 784//
f 617// 784// 618//
f 618// 784// 785//
f 618// 785// 619//
f 619// 785// 806//
f 619// 806// 638//
f 638// 806// 805//
f 615// 614// 646//
f 646// 614// 766//
f 569// 671// 570//
f 570// 671// 670//
f 570// 670// 558//
f 558// 670// 669//
f 558// 669// 575//
f 575// 669// 668//
f 575// 668// 576//
f 576// 668// 667//
f 576// 667// 577//
f 577// 667// 706//
f 577// 706// 628//
f 628// 706// 707//
f 628// 707// 614//
f 614// 707// 766//
f 672// 671// 544//
f 544// 671// 569//
f 568// 790// 539//
f 539// 790// 789//
f 539// 789// 540//
f 540// 789// 788//
f 540// 788// 542//
f 542// 788// 753//
f 542// 753// 543//
f 543// 753// 752//
f 543// 752// 552//
f 552// 752// 751//
f 552// 751// 553//
f 553// 751// 709//
f 553// 709// 545//
f 545// 709// 708//
f 568// 550// 790//
f 790// 550// 791//
f 639// 803// 620//
f 620// 803// 801//
f 620// 801// 621//
f 621// 801// 800//
f 621// 800// 622//
f 622// 800// 770//
f 622// 770// 632//
f 632// 770// 769//
f 632// 769// 633//
f 633// 769// 793//
f 633// 793// 549//
f 549// 793// 792//
f 549// 792// 550//
f 550// 792// 791//
f 639// 638// 803//
f 803// 638// 805//
f 3416// 3417// 3418//
f 3418// 3417// 3419//
f 3420// 3421// 3422//
f 3422// 3421// 3418//
f 3418// 3421// 3416//
f 3416// 3421// 3423//
f 3416// 3423// 3424//
f 3425// 3426// 3420//
f 3420// 3426// 3427//
f 3420// 3427// 3421//
f 3424// 3428// 3416//
f 3416// 3428// 3429//
f 3416// 3429// 3430//
f 3430// 3429// 3431//
f 3432// 3433// 3421//
f 3421// 3433// 3423//
f 3434// 3435// 3436//
f 3436// 3435// 3437//
f 3438// 3439// 3437//
f 3437// 3439// 3433//
f 3437// 3433// 3436//
f 3436// 3433// 3432//
f 3436// 3432// 3440//
f 3441// 3442// 3443//
f 3444// 3445// 3438//
f 3438// 3445// 3446//
f 3438// 3446// 3439//
f 3440// 3432// 3443//
f 3443// 3432// 3447//
f 3443// 3447// 3441//
f 3435// 3434// 3448//
f 3435// 3448// 3449//
f 3449// 3448// 3450//
f 3449// 3450// 3451//
f 3451// 3450// 3452//
f 3451// 3452// 3453//
f 3453// 3452// 3454//
f 3453// 3454// 3455//
f 3455// 3454// 3456//
f 3455// 3456// 3457//
f 3457// 3456// 3458//
f 3457// 3458// 3459//
f 3460// 3461// 3458//
f 3458// 3461// 3459//
f 3461// 3460// 3462//
f 3462// 3460// 3463//
f 3462// 3463// 3464//
f 3464// 3463// 3465//
f 3464// 3465// 3466//
f 3465// 3467// 3466//
f 3466// 3467// 3468//
f 3466// 3468// 3469//
f 3469// 3468// 748//
f 3469// 748// 747//
f 535// 534// 3470//
f 3470// 534// 3471//
f 3470// 3471// 3472//
f 3472// 3471// 3473//
f 3472// 3473// 3474//
f 3474// 3473// 3475//
f 3474// 3475// 3476//
f 3476// 3475// 3477//
f 3478// 3476// 3479//
f 3479// 3476// 3477//
f 3478// 3479// 3480//
f 3481// 3482// 3483//
f 3481// 3483// 3484//
f 3484// 3483// 3485//
f 3484// 3485// 3486//
f 3486// 3485// 3487//
f 3486// 3487// 3488//
f 3488// 3487// 3419//
f 3488// 3419// 3417//
f 3482// 3481// 3489//
f 3489// 3481// 3490//
f 3489// 3490// 3480//
f 3480// 3490// 3491//
f 3480// 3491// 3478//
f 3470// 3472// 749//
f 749// 3472// 3474//
f 749// 3474// 3476//
f 672// 544// 749//
f 749// 544// 535//
f 749// 535// 3470//
f 3476// 3478// 749//
f 749// 3478// 3491//
f 749// 3491// 3490//
f 3477// 3475// 750//
f 750// 3475// 3473//
f 3489// 3480// 750//
f 750// 3480// 3479//
f 750// 3479// 3477//
f 533// 731// 534//
f 534// 731// 750//
f 534// 750// 3471//
f 3471// 750// 3473//
f 3489// 750// 3460//
f 3460// 750// 748//
f 3460// 748// 3468//
f 3468// 3467// 3460//
f 3460// 3467// 3465//
f 3460// 3465// 3463//
f 3436// 3418// 3434//
f 3434// 3418// 3419//
f 3434// 3419// 3448//
f 3448// 3419// 3487//
f 3448// 3487// 3450//
f 3450// 3487// 3485//
f 3450// 3485// 3452//
f 3452// 3485// 3483//
f 3452// 3483// 3454//
f 3454// 3483// 3482//
f 3454// 3482// 3456//
f 3456// 3482// 3489//
f 3456// 3489// 3458//
f 3458// 3489// 3460//
f 3490// 3459// 749//
f 749// 3459// 3461//
f 3466// 3461// 3464//
f 3464// 3461// 3462//
f 3466// 3469// 3461//
f 3461// 3469// 747//
f 3461// 747// 749//
f 3416// 3437// 3417//
f 3417// 3437// 3435//
f 3417// 3435// 3488//
f 3488// 3435// 3449//
f 3488// 3449// 3486//
f 3486// 3449// 3451//
f 3486// 3451// 3484//
f 3484// 3451// 3453//
f 3484// 3453// 3481//
f 3481// 3453// 3455//
f 3481// 3455// 3490//
f 3490// 3455// 3457//
f 3490// 3457// 3459//
f 3418// 3436// 3440//
f 3418// 3440// 3422//
f 3422// 3440// 3443//
f 3422// 3443// 3420//
f 3420// 3443// 3442//
f 3420// 3442// 3425//
f 3425// 3442// 3441//
f 3425// 3441// 3426//
f 3426// 3441// 3447//
f 3426// 3447// 3427//
f 3427// 3447// 3432//
f 3427// 3432// 3421//
f 3423// 3433// 3439//
f 3423// 3439// 3424//
f 3424// 3439// 3446//
f 3424// 3446// 3428//
f 3428// 3446// 3445//
f 3428// 3445// 3429//
f 3429// 3445// 3444//
f 3429// 3444// 3431//
f 3431// 3444// 3438//
f 3431// 3438// 3430//
f 3430// 3438// 3437//
f 3430// 3437// 3416//
f 601// 797// 602//
f 602// 797// 795//
f 602// 795// 603//
f 603// 795// 794//
f 603// 794// 604//
f 604// 794// 780//
f 604// 780// 605//
f 605// 780// 779//
f 605// 779// 630//
f 630// 779// 645//
f 630// 645// 631//
f 631// 645// 644//
f 631// 644// 616//
f 616// 644// 768//
f 601// 600// 797//
f 797// 600// 728//
f 634// 661// 590//
f 590// 661// 662//
f 590// 662// 591//
f 591// 662// 739//
f 591// 739// 592//
f 592// 739// 738//
f 592// 738// 589//
f 589// 738// 720//
f 589// 720// 587//
f 587// 720// 719//
f 587// 719// 599//
f 599// 719// 774//
f 599// 774// 600//
f 600// 774// 728//
f 634// 597// 661//
f 661// 597// 643//
f 532// 530// 593//
f 593// 530// 700//
f 593// 700// 594//
f 594// 700// 682//
f 594// 682// 595//
f 595// 682// 681//
f 595// 681// 606//
f 606// 681// 680//
f 606// 680// 607//
f 607// 680// 641//
f 607// 641// 596//
f 596// 641// 640//
f 596// 640// 597//
f 597// 640// 643//
f 564// 726// 538//
f 538// 726// 725//
f 629// 767// 559//
f 559// 767// 705//
f 559// 705// 560//
f 560// 705// 704//
f 560// 704// 571//
f 571// 704// 703//
f 571// 703// 561//
f 561// 703// 702//
f 561// 702// 562//
f 562// 702// 701//
f 562// 701// 563//
f 563// 701// 666//
f 563// 666// 564//
f 564// 666// 726//
f 629// 616// 767//
f 767// 616// 768//
f 3492// 3493// 3494//
f 3494// 3493// 3495//
f 3496// 3497// 3498//
f 3499// 3500// 3493//
f 3493// 3500// 3501//
f 3493// 3501// 3495//
f 3495// 3501// 3502//
f 3495// 3502// 3503//
f 3492// 3494// 3498//
f 3498// 3494// 3504//
f 3498// 3504// 3496//
f 3505// 3506// 3503//
f 3503// 3506// 3507//
f 3503// 3507// 3495//
f 3500// 3499// 3508//
f 3500// 3508// 3509//
f 3509// 3508// 3510//
f 3509// 3510// 3511//
f 3511// 3510// 3512//
f 3511// 3512// 3513//
f 3513// 3512// 3514//
f 3513// 3514// 3515//
f 3515// 3514// 3516//
f 3516// 3514// 3517//
f 3516// 3517// 3518//
f 3517// 3519// 3518//
f 3518// 3519// 3520//
f 3518// 3520// 3521//
f 3522// 3521// 3523//
f 3523// 3521// 3520//
f 3522// 3523// 3524//
f 3524// 3523// 3525//
f 3524// 3525// 3526//
f 3526// 3525// 3527//
f 3526// 3527// 3528//
f 3528// 3527// 3529//
f 3528// 3529// 536//
f 536// 3529// 537//
f 721// 3530// 722//
f 722// 3530// 3531//
f 3531// 3530// 3532//
f 3532// 3530// 3533//
f 3532// 3533// 3534//
f 3535// 3536// 3537//
f 3533// 3538// 3534//
f 3534// 3538// 3535//
f 3534// 3535// 3539//
f 3539// 3535// 3537//
f 3540// 3541// 3536//
f 3536// 3541// 3537//
f 3541// 3540// 3542//
f 3541// 3542// 3543//
f 3543// 3542// 3544//
f 3543// 3544// 3545//
f 3545// 3544// 3546//
f 3545// 3546// 3547//
f 3547// 3546// 3548//
f 3547// 3548// 3549//
f 3549// 3548// 3550//
f 3549// 3550// 3551//
f 3551// 3550// 3552//
f 3551// 3552// 3553//
f 3554// 3555// 3553//
f 3556// 3554// 3557//
f 3557// 3554// 3553//
f 3557// 3553// 3552//
f 3558// 3559// 3555//
f 3555// 3559// 3560//
f 3555// 3560// 3553//
f 3556// 3561// 3554//
f 3554// 3561// 3562//
f 3554// 3562// 3563//
f 3563// 3562// 3564//
f 3558// 3555// 3565//
f 3565// 3555// 3566//
f 3565// 3566// 3567//
f 3494// 3495// 3554//
f 3554// 3495// 3555//
f 3522// 3524// 724//
f 724// 3524// 3526//
f 3516// 3518// 724//
f 724// 3518// 3521//
f 724// 3521// 3522//
f 538// 725// 536//
f 536// 725// 724//
f 536// 724// 3528//
f 3528// 724// 3526//
f 3529// 3527// 723//
f 723// 3527// 3525//
f 723// 3525// 3523//
f 529// 531// 723//
f 723// 531// 537//
f 723// 537// 3529//
f 3523// 3520// 723//
f 723// 3520// 3519//
f 723// 3519// 3517//
f 3517// 3540// 723//
f 723// 3540// 3536//
f 3533// 3536// 3538//
f 3538// 3536// 3535//
f 3533// 3530// 3536//
f 3536// 3530// 721//
f 3536// 721// 723//
f 3493// 3557// 3499//
f 3499// 3557// 3552//
f 3499// 3552// 3508//
f 3508// 3552// 3550//
f 3508// 3550// 3510//
f 3510// 3550// 3548//
f 3510// 3548// 3512//
f 3512// 3548// 3546//
f 3512// 3546// 3514//
f 3514// 3546// 3544//
f 3514// 3544// 3517//
f 3517// 3544// 3542//
f 3517// 3542// 3540//
f 3516// 724// 3537//
f 3537// 724// 722//
f 3537// 722// 3531//
f 3531// 3532// 3537//
f 3537// 3532// 3534//
f 3537// 3534// 3539//
f 3560// 3501// 3553//
f 3553// 3501// 3500//
f 3553// 3500// 3551//
f 3551// 3500// 3509//
f 3551// 3509// 3549//
f 3549// 3509// 3511//
f 3549// 3511// 3547//
f 3547// 3511// 3513//
f 3547// 3513// 3545//
f 3545// 3513// 3515//
f 3545// 3515// 3543//
f 3543// 3515// 3516//
f 3543// 3516// 3541//
f 3541// 3516// 3537//
f 3557// 3493// 3492//
f 3557// 3492// 3556//
f 3556// 3492// 3498//
f 3556// 3498// 3561//
f 3561// 3498// 3497//
f 3561// 3497// 3562//
f 3562// 3497// 3496//
f 3562// 3496// 3564//
f 3564// 3496// 3504//
f 3564// 3504// 3563//
f 3563// 3504// 3494//
f 3563// 3494// 3554//
f 3555// 3495// 3507//
f 3555// 3507// 3566//
f 3566// 3507// 3506//
f 3566// 3506// 3567//
f 3567// 3506// 3505//
f 3567// 3505// 3565//
f 3565// 3505// 3503//
f 3565// 3503// 3558//
f 3558// 3503// 3502//
f 3558// 3502// 3559//
f 3559// 3502// 3501//
f 3559// 3501// 3560//
