v -0.6 -0.35 0.4
v -0.6 -0.35 0.2
v -0.596157 -0.389018 0.2
newmtl 1
Ka 0.7529411764705882 0.7529411764705882 0.7529411764705882
Kd 0.7529411764705882 0.7529411764705882 0.7529411764705882
Ks 0.3764705882352941 0.3764705882352941 0.3764705882352941
d 0.0
endmtl
v -0.596157 -0.389018 0.4
v -0.584776 -0.426537 0.2
v -0.584776 -0.426537 0.4
v -0.566294 -0.461114 0.2
v -0.566294 -0.461114 0.4
v -0.541421 -0.491421 0.2
v -0.541421 -0.491421 0.4
v -0.511114 -0.516294 0.2
v -0.511114 -0.516294 0.4
v -0.476537 -0.534776 0.2
v -0.476537 -0.534776 0.4
v -0.439018 -0.546157 0.2
v -0.439018 -0.546157 0.4
v -0.4 -0.55 0.2
v -0.4 -0.55 0.4
v 0.4 -0.55 0.4
v 0.4 -0.55 0.2
v 0.439018 -0.546157 0.2
v 0.439018 -0.546157 0.4
v 0.476537 -0.534776 0.2
v 0.476537 -0.534776 0.4
v 0.511114 -0.516294 0.2
v 0.511114 -0.516294 0.4
v 0.541421 -0.491421 0.2
v 0.541421 -0.491421 0.4
v 0.566294 -0.461114 0.2
v 0.566294 -0.461114 0.4
v 0.584776 -0.426537 0.2
v 0.584776 -0.426537 0.4
v 0.596157 -0.389018 0.2
v 0.596157 -0.389018 0.4
v 0.6 -0.35 0.2
v 0.6 -0.35 0.4
v 0.6 0.35 0.4
v 0.6 0.35 0.2
v 0.596157 0.389018 0.2
v 0.596157 0.389018 0.4
v 0.584776 0.426537 0.2
v 0.584776 0.426537 0.4
v 0.566294 0.461114 0.2
v 0.566294 0.461114 0.4
v 0.541421 0.491421 0.2
v 0.541421 0.491421 0.4
v 0.511114 0.516294 0.2
v 0.511114 0.516294 0.4
v 0.476537 0.534776 0.2
v 0.476537 0.534776 0.4
v 0.439018 0.546157 0.2
v 0.439018 0.546157 0.4
v 0.4 0.55 0.2
v 0.4 0.55 0.4
v -0.4 0.55 0.4
v -0.4 0.55 0.2
v -0.439018 0.546157 0.2
v -0.439018 0.546157 0.4
v -0.476537 0.534776 0.2
v -0.476537 0.534776 0.4
v -0.511114 0.516294 0.2
v -0.511114 0.516294 0.4
v -0.541421 0.491421 0.2
v -0.541421 0.491421 0.4
v -0.566294 0.461114 0.2
v -0.566294 0.461114 0.4
v -0.584776 0.426537 0.2
v -0.584776 0.426537 0.4
v -0.596157 0.389018 0.2
v -0.596157 0.389018 0.4
v -0.6 0.35 0.2
v -0.6 0.35 0.4
v -0.65 0.2 -0.12
v -0.68 0.2 -0.12
v -0.65 0.5 -0.12
v -0.68 0.5 -0.12
v -0.65 0.2 -0.02
v -0.65 0.5 -0.02
v -0.68 0.2 -0.02
v -0.68 0.5 -0.02
v -0.700838 0.5 -0.021823
v -0.700838 0.2 -0.021823
v -0.721042 0.5 -0.027237
v -0.721042 0.2 -0.027237
v -0.74 0.5 -0.036077
v -0.74 0.2 -0.036077
v -0.757134 0.5 -0.048075
v -0.757134 0.2 -0.048075
v -0.771925 0.5 -0.062865
v -0.771925 0.2 -0.062865
v -0.783923 0.5 -0.08
v -0.783923 0.2 -0.08
v -0.792763 0.5 -0.098958
v -0.792763 0.2 -0.098958
v -0.798177 0.5 -0.119162
v -0.798177 0.2 -0.119162
v -0.8 0.5 -0.14
v -0.8 0.2 -0.14
v -0.8 0.2 -0.5
v -0.8 0.5 -0.5
v -0.798177 0.5 -0.520838
v -0.798177 0.2 -0.520838
v -0.792763 0.5 -0.541042
v -0.792763 0.2 -0.541042
v -0.783923 0.5 -0.56
v -0.783923 0.2 -0.56
v -0.771925 0.5 -0.577134
v -0.771925 0.2 -0.577134
v -0.757134 0.5 -0.591925
v -0.757134 0.2 -0.591925
v -0.74 0.5 -0.603923
v -0.74 0.2 -0.603923
v -0.721042 0.5 -0.612763
v -0.721042 0.2 -0.612763
v -0.700838 0.5 -0.618177
v -0.700838 0.2 -0.618177
v -0.68 0.5 -0.62
v -0.68 0.2 -0.62
v -0.4 0.2 -0.62
v -0.4 0.5 -0.62
v -0.4 0.2 -0.52
v -0.4 0.5 -0.52
v -0.68 0.2 -0.52
v -0.68 0.5 -0.52
v -0.685176 0.2 -0.519319
v -0.685176 0.5 -0.519319
v -0.69 0.2 -0.517321
v -0.69 0.5 -0.517321
v -0.694142 0.2 -0.514142
v -0.694142 0.5 -0.514142
v -0.697321 0.2 -0.51
v -0.697321 0.5 -0.51
v -0.699319 0.2 -0.505176
v -0.699319 0.5 -0.505176
v -0.7 0.2 -0.5
v -0.7 0.5 -0.5
v -0.7 0.2 -0.14
v -0.7 0.5 -0.14
v -0.699319 0.2 -0.134824
v -0.699319 0.5 -0.134824
v -0.697321 0.2 -0.13
v -0.697321 0.5 -0.13
v -0.694142 0.2 -0.125858
v -0.694142 0.5 -0.125858
v -0.69 0.2 -0.122679
v -0.69 0.5 -0.122679
v -0.685176 0.2 -0.120681
v -0.685176 0.5 -0.120681
v -0.68 -0.2 -0.12
v -0.65 -0.2 -0.12
v -0.68 -0.5 -0.12
v -0.65 -0.5 -0.12
v -0.65 -0.2 -0.02
v -0.65 -0.5 -0.02
v -0.68 -0.2 -0.02
v -0.68 -0.5 -0.02
v -0.8 -0.2 -0.14
v -0.8 -0.5 -0.14
v -0.798177 -0.5 -0.119162
v -0.798177 -0.2 -0.119162
v -0.792763 -0.5 -0.098958
v -0.792763 -0.2 -0.098958
v -0.783923 -0.5 -0.08
v -0.783923 -0.2 -0.08
v -0.771925 -0.5 -0.062865
v -0.771925 -0.2 -0.062865
v -0.757134 -0.5 -0.048075
v -0.757134 -0.2 -0.048075
v -0.74 -0.5 -0.036077
v -0.74 -0.2 -0.036077
v -0.721042 -0.5 -0.027237
v -0.721042 -0.2 -0.027237
v -0.700838 -0.5 -0.021823
v -0.700838 -0.2 -0.021823
v -0.8 -0.2 -0.5
v -0.8 -0.5 -0.5
v -0.68 -0.2 -0.62
v -0.68 -0.5 -0.62
v -0.700838 -0.5 -0.618177
v -0.700838 -0.2 -0.618177
v -0.721042 -0.5 -0.612763
v -0.721042 -0.2 -0.612763
v -0.74 -0.5 -0.603923
v -0.74 -0.2 -0.603923
v -0.757134 -0.5 -0.591925
v -0.757134 -0.2 -0.591925
v -0.771925 -0.5 -0.577134
v -0.771925 -0.2 -0.577134
v -0.783923 -0.5 -0.56
v -0.783923 -0.2 -0.56
v -0.792763 -0.5 -0.541042
v -0.792763 -0.2 -0.541042
v -0.798177 -0.5 -0.520838
v -0.798177 -0.2 -0.520838
v -0.4 -0.2 -0.62
v -0.4 -0.5 -0.62
v -0.4 -0.2 -0.52
v -0.4 -0.5 -0.52
v -0.68 -0.2 -0.52
v -0.68 -0.5 -0.52
v -0.7 -0.2 -0.5
v -0.7 -0.5 -0.5
v -0.699319 -0.2 -0.505176
v -0.699319 -0.5 -0.505176
v -0.697321 -0.2 -0.51
v -0.697321 -0.5 -0.51
v -0.694142 -0.2 -0.514142
v -0.694142 -0.5 -0.514142
v -0.69 -0.2 -0.517321
v -0.69 -0.5 -0.517321
v -0.685176 -0.2 -0.519319
v -0.685176 -0.5 -0.519319
v -0.7 -0.2 -0.14
v -0.7 -0.5 -0.14
v -0.685176 -0.2 -0.120681
v -0.685176 -0.5 -0.120681
v -0.69 -0.2 -0.122679
v -0.69 -0.5 -0.122679
v -0.694142 -0.2 -0.125858
v -0.694142 -0.5 -0.125858
v -0.697321 -0.2 -0.13
v -0.697321 -0.5 -0.13
v -0.699319 -0.2 -0.134824
v -0.699319 -0.5 -0.134824
v 0.65 -0.2 -0.12
v 0.68 -0.2 -0.12
v 0.65 -0.5 -0.12
v 0.68 -0.5 -0.12
v 0.65 -0.2 -0.02
v 0.65 -0.5 -0.02
v 0.68 -0.2 -0.02
v 0.68 -0.5 -0.02
v 0.700838 -0.5 -0.021823
v 0.700838 -0.2 -0.021823
v 0.721042 -0.5 -0.027237
v 0.721042 -0.2 -0.027237
v 0.74 -0.5 -0.036077
v 0.74 -0.2 -0.036077
v 0.757134 -0.5 -0.048075
v 0.757134 -0.2 -0.048075
v 0.771925 -0.5 -0.062865
v 0.771925 -0.2 -0.062865
v 0.783923 -0.5 -0.08
v 0.783923 -0.2 -0.08
v 0.792763 -0.5 -0.098958
v 0.792763 -0.2 -0.098958
v 0.798177 -0.5 -0.119162
v 0.798177 -0.2 -0.119162
v 0.8 -0.5 -0.14
v 0.8 -0.2 -0.14
v 0.8 -0.2 -0.5
v 0.8 -0.5 -0.5
v 0.798177 -0.5 -0.520838
v 0.798177 -0.2 -0.520838
v 0.792763 -0.5 -0.541042
v 0.792763 -0.2 -0.541042
v 0.783923 -0.5 -0.56
v 0.783923 -0.2 -0.56
v 0.771925 -0.5 -0.577134
v 0.771925 -0.2 -0.577134
v 0.757134 -0.5 -0.591925
v 0.757134 -0.2 -0.591925
v 0.74 -0.5 -0.603923
v 0.74 -0.2 -0.603923
v 0.721042 -0.5 -0.612763
v 0.721042 -0.2 -0.612763
v 0.700838 -0.5 -0.618177
v 0.700838 -0.2 -0.618177
v 0.68 -0.5 -0.62
v 0.68 -0.2 -0.62
v 0.4 -0.2 -0.62
v 0.4 -0.5 -0.62
v 0.4 -0.2 -0.52
v 0.4 -0.5 -0.52
v 0.68 -0.2 -0.52
v 0.68 -0.5 -0.52
v 0.685176 -0.2 -0.519319
v 0.685176 -0.5 -0.519319
v 0.69 -0.2 -0.517321
v 0.69 -0.5 -0.517321
v 0.694142 -0.2 -0.514142
v 0.694142 -0.5 -0.514142
v 0.697321 -0.2 -0.51
v 0.697321 -0.5 -0.51
v 0.699319 -0.2 -0.505176
v 0.699319 -0.5 -0.505176
v 0.7 -0.2 -0.5
v 0.7 -0.5 -0.5
v 0.7 -0.2 -0.14
v 0.7 -0.5 -0.14
v 0.699319 -0.2 -0.134824
v 0.699319 -0.5 -0.134824
v 0.697321 -0.2 -0.13
v 0.697321 -0.5 -0.13
v 0.694142 -0.2 -0.125858
v 0.694142 -0.5 -0.125858
v 0.69 -0.2 -0.122679
v 0.69 -0.5 -0.122679
v 0.685176 -0.2 -0.120681
v 0.685176 -0.5 -0.120681
v 0.68 0.2 -0.12
v 0.65 0.2 -0.12
v 0.68 0.5 -0.12
v 0.65 0.5 -0.12
v 0.65 0.2 -0.02
v 0.65 0.5 -0.02
v 0.68 0.2 -0.02
v 0.68 0.5 -0.02
v 0.8 0.2 -0.14
v 0.8 0.5 -0.14
v 0.798177 0.5 -0.119162
v 0.798177 0.2 -0.119162
v 0.792763 0.5 -0.098958
v 0.792763 0.2 -0.098958
v 0.783923 0.5 -0.08
v 0.783923 0.2 -0.08
v 0.771925 0.5 -0.062865
v 0.771925 0.2 -0.062865
v 0.757134 0.5 -0.048075
v 0.757134 0.2 -0.048075
v 0.74 0.5 -0.036077
v 0.74 0.2 -0.036077
v 0.721042 0.5 -0.027237
v 0.721042 0.2 -0.027237
v 0.700838 0.5 -0.021823
v 0.700838 0.2 -0.021823
v 0.8 0.2 -0.5
v 0.8 0.5 -0.5
v 0.68 0.2 -0.62
v 0.68 0.5 -0.62
v 0.700838 0.5 -0.618177
v 0.700838 0.2 -0.618177
v 0.721042 0.5 -0.612763
v 0.721042 0.2 -0.612763
v 0.74 0.5 -0.603923
v 0.74 0.2 -0.603923
v 0.757134 0.5 -0.591925
v 0.757134 0.2 -0.591925
v 0.771925 0.5 -0.577134
v 0.771925 0.2 -0.577134
v 0.783923 0.5 -0.56
v 0.783923 0.2 -0.56
v 0.792763 0.5 -0.541042
v 0.792763 0.2 -0.541042
v 0.798177 0.5 -0.520838
v 0.798177 0.2 -0.520838
v 0.4 0.2 -0.62
v 0.4 0.5 -0.62
v 0.4 0.2 -0.52
v 0.4 0.5 -0.52
v 0.68 0.2 -0.52
v 0.68 0.5 -0.52
v 0.7 0.2 -0.5
v 0.7 0.5 -0.5
v 0.699319 0.2 -0.505176
v 0.699319 0.5 -0.505176
v 0.697321 0.2 -0.51
v 0.697321 0.5 -0.51
v 0.694142 0.2 -0.514142
v 0.694142 0.5 -0.514142
v 0.69 0.2 -0.517321
v 0.69 0.5 -0.517321
v 0.685176 0.2 -0.519319
v 0.685176 0.5 -0.519319
v 0.7 0.2 -0.14
v 0.7 0.5 -0.14
v 0.685176 0.2 -0.120681
v 0.685176 0.5 -0.120681
v 0.69 0.2 -0.122679
v 0.69 0.5 -0.122679
v 0.694142 0.2 -0.125858
v 0.694142 0.5 -0.125858
v 0.697321 0.2 -0.13
v 0.697321 0.5 -0.13
v 0.699319 0.2 -0.134824
v 0.699319 0.5 -0.134824
v -0.217665 -0.717685 0.18327
v -0.217756 -0.717715 0.183098
v -0.032239 -0.717715 0.183098
newmtl 2
Ka 0.25098039215686274 0.25098039215686274 0.25098039215686274
Kd 0.25098039215686274 0.25098039215686274 0.25098039215686274
Ks 0.12549019607843137 0.12549019607843137 0.12549019607843137
d 0.0
endmtl
v 0.110705 -0.717683 0.183279
v 0.108986 -0.717715 0.183098
v 0.12543 -0.717715 0.183098
v -0.64 -0.75 0.0
v -0.583756 -0.75 0.0
v -0.583756 -0.722378 0.156651
v 0.64 -0.75 0.0
v 0.8 -0.75 0.0
v 0.772378 -0.722378 0.156651
v 0.218185 -0.707198 0.242743
v 0.219728 -0.716273 0.191272
v 0.226131 -0.702491 0.269435
v 0.226131 -0.717715 0.183098
v 0.219728 -0.717616 0.183661
v 0.204712 -0.717715 0.183098
v 0.192018 -0.712313 0.213731
v 0.192018 -0.716273 0.191272
v 0.204712 -0.712313 0.213731
v 0.204712 -0.716273 0.191272
v 0.216262 -0.712313 0.213731
v 0.216262 -0.710965 0.221377
v 0.204712 -0.710965 0.221377
v 0.204712 -0.707198 0.242743
v 0.192018 -0.710965 0.221377
v 0.192018 -0.707198 0.242743
v 0.204712 -0.717616 0.183661
v 0.183267 -0.717616 0.183661
v 0.178692 -0.717715 0.183098
v 0.183267 -0.705844 0.250423
v 0.291488 -0.717616 0.183661
v 0.287528 -0.712323 0.213679
v 0.285892 -0.713702 0.205857
v 0.767715 -0.717715 0.183098
v 0.764735 -0.714735 0.2
v 0.632075 -0.714735 0.2
v 0.342818 -0.717616 0.183661
v 0.335903 -0.714396 0.201922
v 0.307674 -0.714396 0.201922
v 0.317309 -0.705844 0.250423
v 0.326667 -0.705844 0.250423
v 0.28256 -0.71492 0.198948
v 0.277503 -0.715967 0.193013
v 0.276307 -0.716151 0.191965
v 0.287728 -0.711579 0.217895
v 0.286561 -0.709933 0.227232
v 0.251873 -0.705844 0.250423
v 0.262214 -0.706042 0.2493
v 0.277503 -0.707402 0.241583
v 0.27981 -0.707793 0.23937
v 0.284028 -0.708815 0.233574
v 0.26967 -0.716916 0.187628
v 0.261762 -0.717413 0.184812
v 0.25118 -0.717616 0.183661
v 0.270397 -0.70656 0.246359
v 0.301158 -0.717616 0.183661
v 0.352487 -0.717616 0.183661
v 0.643214 -0.702491 0.269435
v 0.232534 -0.717616 0.183661
v 0.232534 -0.705844 0.250423
v -0.772378 -0.722378 0.156651
v -0.8 -0.75 0.0
v -0.583756 -0.717715 0.183098
v -0.767715 -0.717715 0.183098
v -0.583756 -0.702491 0.269435
v -0.752491 -0.702491 0.269435
v -0.583756 -0.687069 0.356898
v -0.737069 -0.687069 0.356898
v -0.583756 -0.68174 0.387124
v -0.73174 -0.68174 0.387124
v 0.226131 -0.690033 0.340092
v 0.232413 -0.687169 0.356335
v 0.226131 -0.687069 0.356898
v 0.24177 -0.687169 0.356335
v 0.251007 -0.695721 0.307833
v 0.226131 -0.695721 0.307833
v 0.257921 -0.698941 0.289573
v 0.267591 -0.698941 0.289573
v 0.657246 -0.687069 0.356898
v 0.094445 -0.687069 0.356898
v 0.075882 -0.687069 0.356898
v 0.077803 -0.687097 0.356742
v 0.084802 -0.687451 0.354731
v 0.084802 -0.68904 0.34572
v 0.094445 -0.702491 0.269435
v 0.046583 -0.69575 0.307669
v 0.049883 -0.696545 0.303157
v 0.051176 -0.696768 0.301895
v 0.055595 -0.697313 0.298801
v 0.070512 -0.697764 0.296246
v 0.078172 -0.697515 0.29766
v 0.084802 -0.696997 0.300597
v 0.084802 -0.698453 0.292337
v 0.083645 -0.698553 0.29177
v 0.054609 -0.698844 0.290122
v 0.048209 -0.69832 0.293089
v 0.037077 -0.702491 0.269435
v 0.042743 -0.697532 0.29756
v 0.041673 -0.697324 0.298741
v 0.060415 -0.697639 0.296952
v 0.067299 -0.697785 0.296126
v 0.07717 -0.688515 0.348698
v 0.049495 -0.689815 0.341326
v 0.084047 -0.688969 0.346121
v 0.046324 -0.690651 0.336584
v 0.044162 -0.691698 0.330649
v 0.068824 -0.688342 0.349679
v 0.066217 -0.68836 0.349577
v 0.050351 -0.689648 0.342273
v 0.060316 -0.688557 0.348462
v 0.054983 -0.688985 0.346035
v 0.043229 -0.693187 0.322203
v 0.043303 -0.693623 0.319729
v 0.04439 -0.694801 0.313051
v 0.076367 -0.698968 0.289419
v 0.066034 -0.699139 0.288446
v 0.06196 -0.699106 0.288635
v 0.068966 -0.68697 0.357461
v 0.094445 -0.68174 0.387124
v 0.068737 -0.68697 0.357461
v 0.037077 -0.68174 0.387124
v 0.0641 -0.687069 0.356898
v 0.037077 -0.687069 0.356898
v 0.038915 -0.68982 0.341299
v 0.043835 -0.688703 0.347631
v 0.045413 -0.688441 0.34912
v 0.051745 -0.687664 0.353524
v 0.05881 -0.687182 0.356256
v 0.037768 -0.696297 0.304565
v 0.037077 -0.695963 0.306457
v 0.033013 -0.702491 0.269435
v 0.033013 -0.687069 0.356898
v 0.035698 -0.691128 0.333882
v 0.037077 -0.690567 0.337061
v 0.03515 -0.695034 0.31173
v 0.034044 -0.693277 0.321691
v 0.034162 -0.692665 0.325164
v 0.133289 -0.687169 0.356335
v 0.141234 -0.687069 0.356898
v 0.12543 -0.687069 0.356898
v 0.107122 -0.693638 0.319643
v 0.107122 -0.697598 0.297184
v 0.12543 -0.693638 0.319643
v 0.12543 -0.697598 0.297184
v 0.131365 -0.693638 0.319643
v 0.134831 -0.697598 0.297184
v 0.131365 -0.69229 0.327289
v 0.133289 -0.688523 0.348655
v 0.12543 -0.69229 0.327289
v 0.12543 -0.688523 0.348655
v 0.107122 -0.69229 0.327289
v 0.107122 -0.688523 0.348655
v 0.141234 -0.702491 0.269435
v 0.134831 -0.698941 0.289573
v 0.12543 -0.702491 0.269435
v 0.12543 -0.698941 0.289573
v 0.09837 -0.698941 0.289573
v 0.09837 -0.687169 0.356335
v 0.12543 -0.687169 0.356335
v 0.166284 -0.698941 0.289573
v 0.147638 -0.698941 0.289573
v 0.166977 -0.687169 0.356335
v 0.178692 -0.687069 0.356898
v 0.147638 -0.687169 0.356335
v 0.202631 -0.693648 0.319591
v 0.200996 -0.695027 0.311769
v 0.204712 -0.702491 0.269435
v 0.197664 -0.696245 0.304859
v 0.192607 -0.697291 0.298925
v 0.204712 -0.687069 0.356898
v 0.201665 -0.691258 0.333143
v 0.202831 -0.692904 0.323807
v 0.191411 -0.697476 0.297877
v 0.184774 -0.698241 0.29354
v 0.178692 -0.702491 0.269435
v 0.178692 -0.698623 0.291374
v 0.176865 -0.698738 0.290723
v 0.192607 -0.688727 0.347495
v 0.194914 -0.689118 0.345282
v 0.199132 -0.690139 0.339486
v 0.177318 -0.687367 0.355212
v 0.178692 -0.687454 0.354718
v 0.185501 -0.687885 0.35227
v 0.206592 -0.698941 0.289573
v 0.216262 -0.698941 0.289573
v 0.222777 -0.695721 0.307833
v 0.070522 -0.717616 0.183661
v 0.06018 -0.717716 0.183094
v 0.079014 -0.717616 0.183661
v 0.094445 -0.717715 0.183098
v 0.070522 -0.716316 0.191033
v 0.070297 -0.716316 0.191033
v 0.068309 -0.716812 0.188219
v 0.037077 -0.717715 0.183098
v 0.050775 -0.717715 0.183096
v 0.049937 -0.717691 0.183234
v 0.070148 -0.70928 0.230935
v 0.091945 -0.710466 0.224207
v 0.093537 -0.710068 0.226464
v 0.043532 -0.713609 0.206384
v 0.046133 -0.713217 0.208606
v 0.04484 -0.71123 0.219875
v 0.049749 -0.712895 0.210431
v 0.050758 -0.710586 0.223528
v 0.056174 -0.71262 0.21199
v 0.056079 -0.710289 0.22521
v 0.065539 -0.717271 0.185614
v 0.063566 -0.717489 0.18438
v 0.04676 -0.717464 0.18452
v 0.044268 -0.717152 0.186289
v 0.042964 -0.716912 0.187649
v 0.041452 -0.716495 0.190014
v 0.040468 -0.715987 0.192899
v 0.040109 -0.715365 0.196426
v 0.040133 -0.715188 0.197428
v 0.040673 -0.714551 0.201039
v 0.046503 -0.70963 0.228951
v 0.04484 -0.709798 0.227998
v 0.041836 -0.714031 0.203989
v 0.052801 -0.709201 0.231381
v 0.061511 -0.709015 0.232436
v 0.06655 -0.709093 0.231996
v 0.070522 -0.712271 0.21397
v 0.07028 -0.711675 0.21735
v 0.069429 -0.711127 0.220459
v 0.072979 -0.709558 0.229357
v 0.075253 -0.709932 0.227237
v 0.090919 -0.710941 0.221515
v 0.076997 -0.710406 0.22455
v 0.078335 -0.711072 0.220774
v 0.068455 -0.710816 0.222226
v 0.067198 -0.710573 0.223603
v 0.065723 -0.710399 0.224588
v 0.063813 -0.710275 0.225294
v 0.060714 -0.710213 0.225643
v 0.09437 -0.713059 0.209502
v 0.09052 -0.715798 0.193969
v 0.094445 -0.713068 0.209453
v 0.093571 -0.71613 0.192087
v 0.094445 -0.716189 0.19175
v 0.092981 -0.712807 0.210932
v 0.091858 -0.712494 0.212705
v 0.079014 -0.712205 0.214346
v 0.090929 -0.712043 0.215265
v 0.090572 -0.711477 0.218476
v 0.037077 -0.722378 0.156651
v 0.055463 -0.717814 0.182535
v 0.053868 -0.717805 0.182585
v 0.09052 -0.717321 0.185333
v 0.094445 -0.717561 0.183971
v 0.096438 -0.717683 0.18328
v 0.0982 -0.717715 0.183098
v 0.103656 -0.717814 0.182535
v 0.094445 -0.722378 0.156651
v 0.120899 -0.709388 0.230319
v 0.120899 -0.710821 0.222196
v 0.096014 -0.709683 0.228647
v 0.098029 -0.709467 0.229872
v 0.122814 -0.715923 0.193258
v 0.121767 -0.71639 0.190609
v 0.120181 -0.716779 0.188405
v 0.094445 -0.709927 0.227265
v 0.102562 -0.70916 0.231615
v 0.109427 -0.709015 0.232436
v 0.115383 -0.709107 0.231915
v 0.120379 -0.713938 0.204516
v 0.121958 -0.714343 0.202222
v 0.122867 -0.714777 0.199758
v 0.123221 -0.715329 0.196631
v 0.117762 -0.717146 0.186323
v 0.115321 -0.717399 0.184892
v 0.108595 -0.710213 0.225643
v 0.106081 -0.710246 0.225458
v 0.099324 -0.711344 0.219226
v 0.10381 -0.71035 0.224866
v 0.101906 -0.710526 0.223868
v 0.099401 -0.711541 0.218114
v 0.099738 -0.71177 0.216815
v 0.10035 -0.711969 0.215687
v 0.101178 -0.712127 0.214789
v 0.104171 -0.712452 0.212946
v 0.114553 -0.710339 0.224926
v 0.109427 -0.712849 0.210693
v 0.119354 -0.710664 0.223088
v 0.112714 -0.71308 0.209383
v 0.118354 -0.713625 0.206295
v 0.100624 -0.710723 0.222753
v 0.099896 -0.71091 0.221689
v 0.099477 -0.711109 0.22056
v 0.098882 -0.71649 0.190042
v 0.103431 -0.71392 0.204618
v 0.098369 -0.713517 0.206903
v 0.104488 -0.716611 0.189361
v 0.104863 -0.71661 0.189363
v 0.109006 -0.714326 0.202318
v 0.109216 -0.716525 0.189844
v 0.114504 -0.715473 0.195812
v 0.114421 -0.71529 0.196852
v 0.111407 -0.716386 0.190633
v 0.112181 -0.716305 0.191096
v 0.113155 -0.716154 0.191948
v 0.113897 -0.715964 0.193027
v 0.114328 -0.715754 0.194217
v 0.114035 -0.715059 0.198158
v 0.113379 -0.714864 0.199266
v 0.112321 -0.714673 0.200351
v 0.165314 -0.709208 0.231343
v 0.174117 -0.709208 0.231343
v 0.204712 -0.705844 0.250423
v 0.218185 -0.705844 0.250423
v 0.149786 -0.715527 0.195505
v 0.150826 -0.716219 0.19158
v 0.151052 -0.716219 0.19158
v 0.141234 -0.711255 0.219733
v 0.152091 -0.715539 0.195436
v 0.151441 -0.715931 0.193214
v 0.141234 -0.717715 0.183098
v 0.141234 -0.715213 0.197286
v 0.12764 -0.709208 0.231343
v 0.137136 -0.709208 0.231343
v 0.146633 -0.717598 0.183763
v 0.146347 -0.717715 0.183098
v 0.142907 -0.719126 0.175094
v 0.12543 -0.722378 0.156651
v 0.12939 -0.721455 0.161885
v 0.12939 -0.720143 0.169325
v 0.131306 -0.72025 0.168721
v 0.134207 -0.720312 0.16837
v 0.139642 -0.719967 0.170327
v 0.141223 -0.719661 0.172061
v 0.141234 -0.719657 0.172081
v 0.141234 -0.721316 0.162674
v 0.138125 -0.721514 0.161551
v 0.141234 -0.722378 0.156651
v 0.134866 -0.721576 0.161202
v 0.131894 -0.721545 0.161377
v 0.136332 -0.720269 0.168615
v 0.138182 -0.720144 0.169322
v 0.152143 -0.718885 0.176459
v 0.149255 -0.719924 0.170572
v 0.178692 -0.722378 0.156651
v 0.154801 -0.717715 0.183098
v 0.145609 -0.720762 0.165817
v 0.14447 -0.720947 0.164766
v 0.141494 -0.7213 0.162768
v -0.15524 -0.685853 0.363798
v -0.14482 -0.687069 0.356898
v -0.032239 -0.687069 0.356898
v -0.133745 -0.688362 0.349565
v -0.117913 -0.691536 0.331563
v -0.063936 -0.702491 0.269435
v -0.032239 -0.702491 0.269435
v -0.067001 -0.701014 0.277813
v -0.076358 -0.698576 0.29164
v -0.088987 -0.696586 0.302923
v -0.107717 -0.694974 0.312066
v -0.103116 -0.695259 0.310453
v -0.245408 -0.686012 0.362894
v -0.223185 -0.684522 0.371345
v -0.199296 -0.68401 0.374248
v -0.032239 -0.68174 0.387124
v -0.179428 -0.684372 0.372192
v -0.255231 -0.687069 0.356898
v -0.257136 -0.687274 0.355736
v -0.356505 -0.697403 0.29829
v -0.344859 -0.694807 0.313015
v -0.308483 -0.6912 0.333473
v -0.289429 -0.690789 0.335799
v -0.268463 -0.688959 0.346183
v -0.283886 -0.690842 0.335503
v -0.278343 -0.690957 0.33485
v -0.341656 -0.69428 0.316003
v -0.326334 -0.692406 0.32663
v -0.332287 -0.715692 0.194571
v -0.347269 -0.713472 0.207163
v -0.314877 -0.717168 0.186199
v -0.358212 -0.710764 0.222521
v -0.365149 -0.707649 0.240185
v -0.367513 -0.704349 0.258902
v -0.367383 -0.703565 0.263344
v -0.366288 -0.702491 0.269435
v -0.364173 -0.700419 0.281187
v -0.308709 -0.717489 0.184379
v -0.308102 -0.717715 0.183098
v -0.303899 -0.719278 0.174231
v -0.29674 -0.720816 0.165513
v -0.287318 -0.722051 0.158506
v -0.032239 -0.75 0.0
v -0.26292 -0.72318 0.152101
v -0.264824 -0.723174 0.152137
v -0.276202 -0.722864 0.153895
v -0.282847 -0.722378 0.156651
v -0.230995 -0.721068 0.164081
v -0.24061 -0.722224 0.157527
v -0.032239 -0.722378 0.156651
v -0.242941 -0.722378 0.156651
v -0.251368 -0.722936 0.153488
v -0.223288 -0.71956 0.172635
v -0.154519 -0.717485 0.184402
v -0.157892 -0.717159 0.186253
v -0.16064 -0.716706 0.188819
v -0.22677 -0.709203 0.231371
v -0.162183 -0.703344 0.264598
v -0.235164 -0.707875 0.238904
v -0.245387 -0.706922 0.24431
v -0.090107 -0.705308 0.253463
v -0.092345 -0.703699 0.262587
v -0.096068 -0.702491 0.269435
v -0.335961 -0.702491 0.269435
v -0.06165 -0.703594 0.263183
v -0.059999 -0.705939 0.249884
v -0.158709 -0.713072 0.209431
v -0.155678 -0.71273 0.211371
v -0.147241 -0.70778 0.239441
v -0.152329 -0.712526 0.212523
v -0.333289 -0.707449 0.241316
v -0.327169 -0.709263 0.231033
v -0.302867 -0.710074 0.226434
v -0.318474 -0.710793 0.222352
v -0.308227 -0.711881 0.216182
v -0.062182 -0.708906 0.233054
v -0.068211 -0.711558 0.218014
v -0.077833 -0.71389 0.20479
v -0.285026 -0.707306 0.242128
v -0.294889 -0.708493 0.235396
v -0.337147 -0.704181 0.259852
v -0.336641 -0.705391 0.252991
v -0.274376 -0.706601 0.246127
v -0.26292 -0.706357 0.24751
v -0.257018 -0.706418 0.247163
v -0.08026 -0.714325 0.202325
v -0.093117 -0.716053 0.192522
v -0.108033 -0.717201 0.186011
v -0.149169 -0.712467 0.212859
v -0.1487 -0.712473 0.212826
v -0.147254 -0.712529 0.21251
v -0.164111 -0.715062 0.198144
v -0.164011 -0.714765 0.19983
v -0.21472 -0.713974 0.204315
v -0.163091 -0.714125 0.203455
v -0.16127 -0.713548 0.20673
v -0.16262 -0.716172 0.191848
v -0.16377 -0.7156 0.195091
v -0.214942 -0.715614 0.195012
v -0.21472 -0.714811 0.199568
v -0.121695 -0.717656 0.183429
v -0.150133 -0.717656 0.183429
v -0.151272 -0.717636 0.183545
v -0.099648 -0.710446 0.224323
v -0.09435 -0.70914 0.23173
v -0.091034 -0.707648 0.240192
v -0.089883 -0.706023 0.249409
v -0.146277 -0.712551 0.212384
v -0.124587 -0.712551 0.212384
v -0.116016 -0.712267 0.213992
v -0.107501 -0.711587 0.217853
v -0.100361 -0.710579 0.223569
v -0.14193 -0.694411 0.315261
v -0.152871 -0.692166 0.32799
v -0.263402 -0.697067 0.300199
v -0.15372 -0.692033 0.328749
v -0.167248 -0.690396 0.33803
v -0.255992 -0.694407 0.315285
v -0.267007 -0.696726 0.302132
v -0.27782 -0.696047 0.305982
v -0.096806 -0.702252 0.270792
v -0.102449 -0.701156 0.27701
v -0.127479 -0.699494 0.286433
v -0.109929 -0.70025 0.282144
v -0.118344 -0.699689 0.285328
v -0.131335 -0.699494 0.286433
v -0.134406 -0.6971 0.30001
v -0.305497 -0.696323 0.304419
v -0.316296 -0.697299 0.298881
v -0.293574 -0.69585 0.3071
v -0.324982 -0.698637 0.291291
v -0.331637 -0.700307 0.281823
v -0.245164 -0.692166 0.327991
v -0.182354 -0.689386 0.34376
v -0.232381 -0.690544 0.337189
v -0.198814 -0.689032 0.345768
v -0.21665 -0.689433 0.343493
v -0.288947 -0.695811 0.307319
v -0.335739 -0.702175 0.271227
v 0.226131 -0.722378 0.156651
v 0.204712 -0.722378 0.156651
v 0.662095 -0.68174 0.387124
v 0.226131 -0.68174 0.387124
v 0.204712 -0.68174 0.387124
v 0.178692 -0.68174 0.387124
v 0.141234 -0.68174 0.387124
v 0.12543 -0.68174 0.387124
v 0.226131 -0.75 0.0
v 0.204712 -0.75 0.0
v 0.178692 -0.75 0.0
v 0.141234 -0.75 0.0
v 0.12543 -0.75 0.0
v 0.094445 -0.75 0.0
v 0.037077 -0.75 0.0
v 0.033013 -0.75 0.0
v 0.033013 -0.722378 0.156651
v 0.033013 -0.717715 0.183098
v 0.031982 -0.716273 0.191272
v 0.031982 -0.717616 0.183661
v -0.004479 -0.717616 0.183661
v 0.03044 -0.707198 0.242743
v -0.004479 -0.705844 0.250423
v 0.03044 -0.705844 0.250423
v 0.004272 -0.712313 0.213731
v 0.004272 -0.716273 0.191272
v 0.028516 -0.712313 0.213731
v 0.028516 -0.710965 0.221377
v 0.004272 -0.710965 0.221377
v 0.004272 -0.707198 0.242743
v 0.004272 -0.687169 0.356335
v 0.004272 -0.697598 0.297184
v 0.031271 -0.697598 0.297184
v -0.004479 -0.698941 0.289573
v -0.004479 -0.687169 0.356335
v 0.031271 -0.698941 0.289573
v 0.033013 -0.68174 0.387124
v 0.664161 -0.679469 0.4
v 0.226131 -0.679469 0.4
v 0.204712 -0.679469 0.4
v 0.178692 -0.679469 0.4
v 0.141234 -0.679469 0.4
v 0.12543 -0.679469 0.4
v 0.094445 -0.679469 0.4
v 0.037077 -0.679469 0.4
v 0.033013 -0.679469 0.4
v -0.032239 -0.679469 0.4
v -0.583756 -0.679469 0.4
v -0.729469 -0.679469 0.4
v 0.347507 -0.525 -0.6
v 0.64 -0.525 -0.6
v 0.64 -0.697507 -0.6
newmtl 3
Ka 1.0 1.0 1.0
Kd 1.0 1.0 1.0
Ks 0.5019607843137255 0.5019607843137255 0.5019607843137255
d 0.0
endmtl
v -0.64 0.697507 -0.6
v 0.64 0.697507 -0.6
v 0.347507 0.525 -0.6
v 0.64 0.525 -0.6
v 0.347507 0.175 -0.6
v -0.347507 -0.525 -0.6
v -0.347507 -0.175 -0.6
v -0.64 0.525 -0.6
v -0.347507 0.525 -0.6
v -0.347507 0.175 -0.6
v -0.64 0.175 -0.6
v -0.64 -0.175 -0.6
v -0.64 -0.697507 -0.6
v -0.64 -0.525 -0.6
v 0.347507 -0.175 -0.6
v 0.64 -0.175 -0.6
v 0.64 0.175 -0.6
v -0.64 0.75 0.0
v 0.64 0.75 0.0
v -0.64 -0.175 -0.44
v -0.347507 -0.175 -0.44
v -0.64 -0.525 -0.44
v -0.347507 -0.525 -0.44
v -0.64 0.525 -0.44
v -0.347507 0.525 -0.44
v -0.64 0.175 -0.44
v -0.347507 0.175 -0.44
v 0.8 0.75 -0.0
v 0.764735 -0.568929 0.2
v 0.729469 -0.607689 0.4
v 0.729469 0.679469 0.4
v -0.8 0.75 0.0
v -0.729469 0.679469 0.4
v -0.444504 -0.544986 0.4
v -0.486777 -0.530194 0.4
v 0.556366 0.474698 0.4
v 0.580194 0.436777 0.4
v -0.556366 -0.474698 0.4
v -0.580194 -0.436777 0.4
v -0.524698 -0.506366 0.4
v 0.444504 0.544986 0.4
v 0.486777 0.530194 0.4
v 0.524698 0.506366 0.4
v 0.594986 0.394504 0.4
v 0.594986 -0.394504 0.4
v -0.594986 0.394504 0.4
v -0.580194 0.436777 0.4
v -0.556366 0.474698 0.4
v -0.524698 0.506366 0.4
v -0.486777 0.530194 0.4
v 0.580194 -0.436777 0.4
v 0.556366 -0.474698 0.4
v 0.524698 -0.506366 0.4
v -0.594986 -0.394504 0.4
v -0.444504 0.544986 0.4
v 0.486777 -0.530194 0.4
v 0.444504 -0.544986 0.4
v -0.594986 -0.394504 0.2
v -0.580194 -0.436777 0.2
v -0.556366 -0.474698 0.2
v -0.524698 -0.506366 0.2
v -0.486777 -0.530194 0.2
v -0.444504 -0.544986 0.2
v -0.444504 0.544986 0.2
v -0.486777 0.530194 0.2
v -0.524698 0.506366 0.2
v -0.556366 0.474698 0.2
v -0.580194 0.436777 0.2
v -0.594986 0.394504 0.2
v 0.594986 0.394504 0.2
v 0.580194 0.436777 0.2
v 0.556366 0.474698 0.2
v 0.524698 0.506366 0.2
v 0.486777 0.530194 0.2
v 0.444504 0.544986 0.2
v 0.444504 -0.544986 0.2
newmtl 4
Ka 0.5019607843137255 0.25098039215686274 0.0
Kd 0.5019607843137255 0.25098039215686274 0.0
Ks 0.44313725490196076 0.2196078431372549 0.0
d 0.0
endmtl
v 0.486777 -0.530194 0.2
v 0.524698 -0.506366 0.2
v 0.556366 -0.474698 0.2
v 0.580194 -0.436777 0.2
v 0.594986 -0.394504 0.2
v 0.347507 0.525 -0.44
v 0.347507 0.175 -0.44
v 0.64 0.175 -0.44
v 0.64 0.525 -0.44
v 0.347507 -0.175 -0.44
v 0.347507 -0.525 -0.44
v 0.64 -0.525 -0.44
v 0.64 -0.175 -0.44
v 0.031271 -0.698583 0.297358
v 0.031271 -0.699925 0.289746
v 0.004272 -0.698583 0.297358
v 0.004272 -0.688153 0.356509
v -0.004479 -0.688153 0.356509
v -0.004479 -0.699925 0.289746
v 0.066034 -0.700124 0.28862
v 0.076367 -0.699952 0.289593
v 0.083645 -0.699538 0.291944
v 0.084802 -0.699438 0.292511
v 0.084802 -0.697981 0.300771
v 0.078172 -0.698499 0.297834
v 0.070512 -0.698749 0.296419
v 0.067299 -0.69877 0.2963
v 0.060415 -0.698624 0.297126
v 0.055595 -0.698298 0.298975
v 0.051176 -0.697753 0.302069
v 0.049883 -0.69753 0.303331
v 0.046583 -0.696734 0.307843
v 0.04439 -0.695786 0.313224
v 0.043303 -0.694608 0.319903
v 0.043229 -0.694172 0.322377
v 0.044162 -0.692682 0.330823
v 0.046324 -0.691636 0.336757
v 0.049495 -0.6908 0.3415
v 0.050351 -0.690633 0.342446
v 0.054983 -0.689969 0.346209
v 0.060316 -0.689542 0.348636
v 0.066217 -0.689345 0.349751
v 0.068824 -0.689327 0.349853
v 0.07717 -0.6895 0.348872
v 0.084047 -0.689954 0.346295
v 0.084802 -0.690025 0.345894
v 0.084802 -0.688436 0.354904
v 0.068737 -0.687955 0.357635
v 0.068966 -0.687955 0.357635
v 0.077803 -0.688082 0.356915
v 0.05881 -0.688167 0.356429
v 0.051745 -0.688649 0.353698
v 0.045413 -0.689426 0.349294
v 0.043835 -0.689688 0.347805
v 0.038915 -0.690804 0.341473
v 0.035698 -0.692112 0.334056
v 0.034162 -0.69365 0.325337
v 0.034044 -0.694262 0.321865
v 0.037768 -0.697282 0.304738
v 0.03515 -0.696018 0.311903
v 0.041673 -0.698309 0.298915
v 0.042743 -0.698517 0.297733
v 0.048209 -0.699305 0.293263
v 0.054609 -0.699829 0.290295
v 0.06196 -0.700091 0.288809
v 0.134831 -0.698583 0.297358
v 0.134831 -0.699925 0.289746
v 0.107122 -0.698583 0.297358
v 0.107122 -0.694623 0.319817
v 0.131365 -0.694623 0.319817
v 0.131365 -0.693275 0.327462
v 0.107122 -0.693275 0.327462
v 0.107122 -0.689507 0.348829
v 0.133289 -0.689507 0.348829
v 0.133289 -0.688153 0.356509
v 0.09837 -0.688153 0.356509
v 0.09837 -0.699925 0.289746
v 0.193406 -0.694676 0.319516
v 0.202631 -0.694632 0.319764
v 0.19363 -0.693931 0.323742
v 0.202831 -0.693889 0.323981
v 0.192795 -0.692576 0.331424
v 0.201665 -0.692243 0.333317
v 0.19097 -0.691685 0.336481
v 0.199132 -0.691124 0.33966
v 0.188426 -0.691007 0.340325
v 0.194914 -0.690102 0.345455
v 0.186195 -0.690615 0.342549
v 0.192607 -0.689712 0.347668
v 0.181248 -0.690044 0.345787
v 0.185501 -0.68887 0.352444
v 0.175369 -0.689675 0.347878
v 0.177318 -0.688351 0.355385
v 0.166631 -0.689507 0.348829
v 0.166977 -0.688153 0.356509
v 0.156389 -0.689507 0.348829
v 0.147638 -0.688153 0.356509
v 0.156389 -0.698583 0.297358
v 0.147638 -0.699925 0.289746
v 0.166232 -0.698583 0.297358
v 0.166284 -0.699925 0.289746
v 0.174842 -0.698422 0.29827
v 0.176865 -0.699722 0.290897
v 0.180641 -0.698063 0.300306
v 0.184774 -0.699226 0.293713
v 0.185132 -0.697553 0.303201
v 0.191411 -0.698461 0.298051
v 0.186386 -0.697356 0.304321
v 0.192607 -0.698276 0.299098
v 0.189758 -0.696629 0.308441
v 0.197664 -0.69723 0.305033
v 0.192091 -0.695755 0.313399
v 0.200996 -0.696012 0.311942
v 0.166631 -0.688523 0.348655
v 0.156389 -0.688523 0.348655
v 0.156389 -0.697598 0.297184
v 0.166232 -0.697598 0.297184
v 0.186386 -0.696371 0.304147
v 0.185132 -0.696568 0.303027
v 0.180641 -0.697079 0.300132
v 0.174842 -0.697438 0.298096
v 0.19363 -0.692946 0.323568
v 0.193406 -0.693691 0.319342
v 0.192091 -0.69477 0.313225
v 0.189758 -0.695644 0.308267
v 0.186195 -0.68963 0.342375
v 0.188426 -0.690022 0.340151
v 0.19097 -0.6907 0.336307
v 0.192795 -0.691592 0.331251
v 0.175369 -0.68869 0.347704
v 0.181248 -0.689059 0.345614
v 0.22555 -0.695375 0.31555
v 0.222777 -0.696705 0.308007
v 0.248304 -0.695375 0.31555
v 0.251007 -0.696705 0.308007
v 0.235688 -0.690482 0.3433
v 0.232413 -0.688153 0.356509
v 0.206592 -0.699925 0.289746
v 0.216262 -0.699925 0.289746
v 0.236275 -0.690131 0.345292
v 0.236797 -0.689658 0.347976
v 0.24177 -0.688153 0.356509
v 0.237005 -0.689658 0.347976
v 0.237553 -0.690156 0.345151
v 0.238062 -0.690482 0.3433
v 0.267591 -0.699925 0.289746
v 0.257921 -0.699925 0.289746
v 0.22555 -0.694391 0.315376
v 0.248304 -0.694391 0.315376
v 0.238062 -0.689498 0.343126
v 0.237005 -0.688673 0.347802
v 0.237553 -0.689171 0.344977
v 0.236797 -0.688673 0.347802
v 0.235688 -0.689498 0.343126
v 0.236275 -0.689146 0.345118
v 0.031982 -0.717258 0.191446
v 0.031982 -0.7186 0.183835
v 0.004272 -0.717258 0.191446
v 0.004272 -0.713298 0.213905
v 0.028516 -0.713298 0.213905
v 0.028516 -0.71195 0.22155
v 0.004272 -0.71195 0.22155
v 0.004272 -0.708183 0.242917
v 0.03044 -0.708183 0.242917
v 0.03044 -0.706828 0.250597
v -0.004479 -0.706828 0.250597
v -0.004479 -0.7186 0.183835
v 0.070297 -0.7173 0.191207
v 0.070522 -0.7173 0.191207
v 0.069959 -0.715949 0.198873
v 0.070499 -0.71535 0.202268
v 0.079014 -0.71319 0.214519
v 0.070522 -0.715188 0.203187
v 0.070522 -0.714382 0.207761
v 0.070522 -0.7186 0.183835
v 0.079014 -0.7186 0.183835
v 0.049496 -0.716836 0.193843
v 0.042964 -0.717897 0.187823
v 0.050461 -0.717084 0.192434
v 0.044268 -0.718137 0.186463
v 0.051183 -0.71721 0.191719
v 0.04676 -0.718449 0.184694
v 0.052875 -0.717411 0.190581
v 0.049937 -0.718676 0.183407
v 0.054796 -0.717533 0.189887
v 0.053868 -0.71879 0.182759
v 0.057664 -0.717589 0.189569
v 0.049749 -0.71388 0.210605
v 0.05212 -0.715012 0.204184
v 0.054159 -0.714846 0.205124
v 0.068707 -0.716474 0.195893
v 0.066883 -0.716903 0.19346
v 0.068309 -0.717797 0.188393
v 0.065815 -0.717084 0.192433
v 0.065539 -0.718256 0.185788
v 0.063415 -0.717365 0.190839
v 0.063566 -0.718474 0.184554
v 0.060838 -0.717528 0.189918
v 0.06018 -0.7187 0.183268
v 0.055463 -0.718799 0.182708
v 0.056174 -0.713605 0.212164
v 0.059189 -0.714646 0.206259
v 0.070522 -0.713256 0.214144
v 0.04484 -0.710783 0.228172
v 0.04484 -0.712215 0.220049
v 0.046503 -0.710615 0.229125
v 0.050758 -0.711571 0.223702
v 0.052801 -0.710186 0.231554
v 0.056079 -0.711274 0.225384
v 0.061511 -0.71 0.232609
v 0.060714 -0.711198 0.225817
v 0.06655 -0.710078 0.232169
v 0.063813 -0.711259 0.225467
v 0.070148 -0.710265 0.231109
v 0.065723 -0.711384 0.224762
v 0.072979 -0.710543 0.229531
v 0.067198 -0.711558 0.223777
v 0.075253 -0.710917 0.22741
v 0.068455 -0.7118 0.222399
v 0.076997 -0.711391 0.224724
v 0.069429 -0.712112 0.220633
v 0.078335 -0.712056 0.220947
v 0.07028 -0.71266 0.217524
v 0.048794 -0.715995 0.19861
v 0.040133 -0.716173 0.197601
v 0.048722 -0.716229 0.197283
v 0.040109 -0.71635 0.1966
v 0.048938 -0.716568 0.195363
v 0.040468 -0.716972 0.193072
v 0.041452 -0.71748 0.190187
v 0.050975 -0.715164 0.203324
v 0.046133 -0.714202 0.20878
v 0.049958 -0.715382 0.202085
v 0.043532 -0.714594 0.206558
v 0.049213 -0.715657 0.200525
v 0.041836 -0.715016 0.204162
v 0.040673 -0.715536 0.201213
v 0.050975 -0.714179 0.20315
v 0.05212 -0.714027 0.204011
v 0.054159 -0.713862 0.204951
v 0.059189 -0.713662 0.206086
v 0.048722 -0.715244 0.197109
v 0.048794 -0.71501 0.198436
v 0.049213 -0.714673 0.200351
v 0.049958 -0.714398 0.201911
v 0.051183 -0.716225 0.191545
v 0.050461 -0.716099 0.19226
v 0.049496 -0.715851 0.19367
v 0.048938 -0.715583 0.195189
v 0.057664 -0.716605 0.189395
v 0.054796 -0.716548 0.189713
v 0.052875 -0.716426 0.190407
v 0.066883 -0.715918 0.193286
v 0.065815 -0.7161 0.192259
v 0.063415 -0.716381 0.190665
v 0.060838 -0.716543 0.189744
v 0.070522 -0.714203 0.203014
v 0.070499 -0.714365 0.202095
v 0.069959 -0.714964 0.198699
v 0.068707 -0.715489 0.195719
v 0.070522 -0.713397 0.207587
v 0.104488 -0.717595 0.189535
v 0.093571 -0.717115 0.192261
v 0.098882 -0.717475 0.190216
v 0.09052 -0.716783 0.194142
v 0.09052 -0.718306 0.185507
v 0.096438 -0.718668 0.183453
v 0.103656 -0.718799 0.182708
v 0.110705 -0.718668 0.183453
v 0.115321 -0.718383 0.185066
v 0.117762 -0.718131 0.186497
v 0.120181 -0.717764 0.188578
v 0.121767 -0.717375 0.190783
v 0.122814 -0.716908 0.193432
v 0.123221 -0.716313 0.196805
v 0.122867 -0.715762 0.199932
v 0.121958 -0.715328 0.202396
v 0.120379 -0.714923 0.204689
v 0.118354 -0.71461 0.206468
v 0.112714 -0.714065 0.209557
v 0.109427 -0.713834 0.210867
v 0.104171 -0.713437 0.21312
v 0.101178 -0.713112 0.214963
v 0.10035 -0.712953 0.215861
v 0.099738 -0.712754 0.216989
v 0.099401 -0.712525 0.218288
v 0.099324 -0.712329 0.2194
v 0.099477 -0.712094 0.220734
v 0.099896 -0.711895 0.221863
v 0.100624 -0.711707 0.222927
v 0.101906 -0.711511 0.224042
v 0.10381 -0.711335 0.225039
v 0.106081 -0.711231 0.225631
v 0.108595 -0.711198 0.225817
v 0.114553 -0.711324 0.2251
v 0.119354 -0.711648 0.223261
v 0.120899 -0.711806 0.22237
v 0.120899 -0.710373 0.230493
v 0.115383 -0.710092 0.232089
v 0.109427 -0.71 0.232609
v 0.102562 -0.710145 0.231788
v 0.098029 -0.710452 0.230045
v 0.096014 -0.710668 0.228821
v 0.093537 -0.711053 0.226638
v 0.091945 -0.711451 0.22438
v 0.090919 -0.711926 0.221689
v 0.090572 -0.712462 0.218649
v 0.090929 -0.713028 0.215439
v 0.091858 -0.713479 0.212879
v 0.092981 -0.713792 0.211106
v 0.103431 -0.714905 0.204792
v 0.098369 -0.714502 0.207076
v 0.09437 -0.714044 0.209675
v 0.109006 -0.715311 0.202492
v 0.112321 -0.715657 0.200525
v 0.113379 -0.715849 0.19944
v 0.114035 -0.716044 0.198332
v 0.114421 -0.716274 0.197026
v 0.114504 -0.716458 0.195986
v 0.114328 -0.716739 0.19439
v 0.113897 -0.716949 0.193201
v 0.113155 -0.717139 0.192121
v 0.112181 -0.717289 0.19127
v 0.111407 -0.717371 0.190807
v 0.109216 -0.71751 0.190017
v 0.104863 -0.717595 0.189537
v 0.165314 -0.710193 0.231517
v 0.174117 -0.710193 0.231517
v 0.152091 -0.716524 0.19561
v 0.151441 -0.716916 0.193387
v 0.151052 -0.717204 0.191753
v 0.150826 -0.717204 0.191753
v 0.149786 -0.716512 0.195678
v 0.137136 -0.710193 0.231517
v 0.12764 -0.710193 0.231517
v 0.146633 -0.718582 0.183937
v 0.142907 -0.720111 0.175267
v 0.141223 -0.720646 0.172235
v 0.139642 -0.720951 0.170501
v 0.138182 -0.721129 0.169495
v 0.136332 -0.721253 0.168789
v 0.134207 -0.721297 0.168543
v 0.131306 -0.721235 0.168894
v 0.12939 -0.721128 0.169499
v 0.12939 -0.72244 0.162058
v 0.131894 -0.72253 0.161551
v 0.134866 -0.722561 0.161376
v 0.138125 -0.722499 0.161725
v 0.141494 -0.722284 0.162941
v 0.14447 -0.721932 0.16494
v 0.145609 -0.721747 0.16599
v 0.149255 -0.720908 0.170745
v 0.152143 -0.71987 0.176633
v 0.219728 -0.717258 0.191446
v 0.219728 -0.7186 0.183835
v 0.192018 -0.717258 0.191446
v 0.192018 -0.713298 0.213905
v 0.216262 -0.713298 0.213905
v 0.216262 -0.71195 0.22155
v 0.192018 -0.71195 0.22155
v 0.192018 -0.708183 0.242917
v 0.218185 -0.708183 0.242917
v 0.218185 -0.706828 0.250597
v 0.183267 -0.706828 0.250597
v 0.183267 -0.7186 0.183835
v 0.278302 -0.713351 0.213604
v 0.287528 -0.713307 0.213853
v 0.278526 -0.712606 0.21783
v 0.287728 -0.712564 0.218069
v 0.277691 -0.711251 0.225512
v 0.286561 -0.710918 0.227405
v 0.275866 -0.71036 0.230569
v 0.284028 -0.709799 0.233748
v 0.273322 -0.709682 0.234413
v 0.27981 -0.708777 0.239544
v 0.271092 -0.70929 0.236637
v 0.277503 -0.708387 0.241757
v 0.266144 -0.708719 0.239875
v 0.270397 -0.707545 0.246532
v 0.260265 -0.70835 0.241966
v 0.262214 -0.707027 0.249473
v 0.251527 -0.708183 0.242917
v 0.251873 -0.706828 0.250597
v 0.241285 -0.708183 0.242917
v 0.232534 -0.706828 0.250597
v 0.241285 -0.717258 0.191446
v 0.232534 -0.7186 0.183835
v 0.251128 -0.717258 0.191446
v 0.25118 -0.7186 0.183835
v 0.259738 -0.717097 0.192358
v 0.261762 -0.718398 0.184985
v 0.265537 -0.716738 0.194394
v 0.26967 -0.717901 0.187802
v 0.270029 -0.716228 0.197289
v 0.276307 -0.717136 0.192139
v 0.271282 -0.716031 0.198409
v 0.277503 -0.716951 0.193187
v 0.274654 -0.715304 0.202529
v 0.28256 -0.715905 0.199121
v 0.276987 -0.71443 0.207487
v 0.285892 -0.714687 0.20603
v 0.251527 -0.707198 0.242743
v 0.241285 -0.707198 0.242743
v 0.241285 -0.716273 0.191272
v 0.251128 -0.716273 0.191272
v 0.271282 -0.715046 0.198235
v 0.270029 -0.715243 0.197115
v 0.265537 -0.715754 0.194221
v 0.259738 -0.716113 0.192185
v 0.278526 -0.711621 0.217656
v 0.278302 -0.712366 0.21343
v 0.276987 -0.713445 0.207313
v 0.274654 -0.714319 0.202355
v 0.271092 -0.708305 0.236463
v 0.273322 -0.708697 0.234239
v 0.275866 -0.709375 0.230395
v 0.277691 -0.710267 0.225339
v 0.260265 -0.707366 0.241792
v 0.266144 -0.707734 0.239702
v 0.310446 -0.714051 0.209638
v 0.307674 -0.715381 0.202095
v 0.3332 -0.714051 0.209638
v 0.335903 -0.715381 0.202095
v 0.320584 -0.709158 0.237388
v 0.317309 -0.706828 0.250597
v 0.291488 -0.7186 0.183835
v 0.301158 -0.7186 0.183835
v 0.321171 -0.708806 0.23938
v 0.321693 -0.708333 0.242064
v 0.326667 -0.706828 0.250597
v 0.321901 -0.708333 0.242064
v 0.322449 -0.708831 0.239239
v 0.322958 -0.709158 0.237388
v 0.352487 -0.7186 0.183835
v 0.342818 -0.7186 0.183835
v 0.310446 -0.713066 0.209465
v 0.3332 -0.713066 0.209465
v 0.322958 -0.708173 0.237214
v 0.321901 -0.707348 0.24189
v 0.322449 -0.707846 0.239066
v 0.321693 -0.707348 0.24189
v 0.320584 -0.708173 0.237214
v 0.321171 -0.707821 0.239207
v -0.303899 -0.720263 0.174404
v -0.29674 -0.7218 0.165687
v -0.308227 -0.712866 0.216355
v -0.316296 -0.698284 0.299055
v -0.305497 -0.697308 0.304592
v -0.308483 -0.692185 0.333647
v -0.223288 -0.720545 0.172809
v -0.217665 -0.718669 0.183443
v -0.214942 -0.716599 0.195185
v -0.278343 -0.691942 0.335024
v -0.263402 -0.698052 0.300373
v -0.255992 -0.695392 0.315458
v -0.289429 -0.691774 0.335973
v -0.147241 -0.708765 0.239614
v -0.162183 -0.704329 0.264772
v -0.21472 -0.714959 0.204489
v -0.22677 -0.710188 0.231545
v -0.21472 -0.715796 0.199742
v -0.24061 -0.723209 0.157701
v -0.230995 -0.722053 0.164254
v -0.276039 -0.718293 0.185577
v -0.27222 -0.71876 0.182931
v -0.287318 -0.723036 0.15868
v -0.267779 -0.719053 0.181267
v -0.246121 -0.714591 0.206572
v -0.244846 -0.715352 0.202256
v -0.244675 -0.716163 0.197656
v -0.245697 -0.716972 0.193068
v -0.247832 -0.717704 0.188916
v -0.268463 -0.689943 0.346357
v -0.245164 -0.693151 0.328165
v -0.257136 -0.688259 0.355909
v -0.232381 -0.691529 0.337363
v -0.245408 -0.686997 0.363067
v -0.318474 -0.711778 0.222526
v -0.314877 -0.718153 0.186373
v -0.308709 -0.718474 0.184552
v -0.293574 -0.696835 0.307274
v -0.288947 -0.696796 0.307493
v -0.283886 -0.691827 0.335676
v -0.27782 -0.697032 0.306156
v -0.267007 -0.697711 0.302305
v -0.282105 -0.71621 0.19739
v -0.281094 -0.716986 0.192988
v -0.279079 -0.717681 0.189051
v -0.276202 -0.723849 0.154069
v -0.264824 -0.724159 0.15231
v -0.263402 -0.719144 0.180755
v -0.26292 -0.724165 0.152275
v -0.258779 -0.719045 0.181316
v -0.251368 -0.723921 0.153661
v -0.254585 -0.718763 0.182912
v -0.250897 -0.718315 0.185454
v -0.133745 -0.689347 0.349739
v -0.152871 -0.693151 0.328164
v -0.117913 -0.692521 0.331737
v -0.14193 -0.695396 0.315434
v -0.107717 -0.695959 0.312239
v -0.134406 -0.698085 0.300183
v -0.131335 -0.700479 0.286607
v -0.335739 -0.70316 0.271401
v -0.367383 -0.70455 0.263518
v -0.337147 -0.705166 0.260025
v -0.367513 -0.705333 0.259076
v -0.336641 -0.706376 0.253164
v -0.365149 -0.708634 0.240359
v -0.333289 -0.708434 0.24149
v -0.358212 -0.711748 0.222695
v -0.327169 -0.710248 0.231206
v -0.347269 -0.714456 0.207337
v -0.332287 -0.716677 0.194745
v -0.326334 -0.693391 0.326804
v -0.341656 -0.695265 0.316177
v -0.324982 -0.699622 0.291465
v -0.344859 -0.695792 0.313189
v -0.331637 -0.701292 0.281996
v -0.356505 -0.698388 0.298464
v -0.364173 -0.701404 0.281361
v -0.281994 -0.715394 0.202021
v -0.280701 -0.714599 0.206529
v -0.302867 -0.711058 0.226607
v -0.278314 -0.713893 0.210533
v -0.294889 -0.709478 0.23557
v -0.275968 -0.713454 0.21302
v -0.285026 -0.708291 0.242302
v -0.27218 -0.712995 0.215624
v -0.274376 -0.707586 0.2463
v -0.267959 -0.712713 0.217223
v -0.26292 -0.707342 0.247684
v -0.263402 -0.712615 0.217779
v -0.257018 -0.707403 0.247337
v -0.26015 -0.712664 0.217499
v -0.245387 -0.707906 0.244483
v -0.255606 -0.712911 0.216102
v -0.235164 -0.70886 0.239078
v -0.251612 -0.71334 0.21367
v -0.248375 -0.713919 0.210386
v -0.223185 -0.685507 0.371518
v -0.21665 -0.690418 0.343666
v -0.199296 -0.684995 0.374422
v -0.198814 -0.690017 0.345941
v -0.179428 -0.685357 0.372366
v -0.182354 -0.690371 0.343934
v -0.15524 -0.686837 0.363972
v -0.167248 -0.691381 0.338204
v -0.15372 -0.693017 0.328923
v -0.16377 -0.716585 0.195264
v -0.16262 -0.717157 0.192021
v -0.1487 -0.713458 0.212999
v -0.16064 -0.717691 0.188992
v -0.164111 -0.716047 0.198318
v -0.149169 -0.713452 0.213033
v -0.164011 -0.715749 0.200004
v -0.152329 -0.713511 0.212697
v -0.155678 -0.713714 0.211545
v -0.127479 -0.700479 0.286607
v -0.118344 -0.700674 0.285501
v -0.103116 -0.696244 0.310627
v -0.109929 -0.701235 0.282318
v -0.088987 -0.697571 0.303097
v -0.102449 -0.702141 0.277183
v -0.076358 -0.699561 0.291813
v -0.096806 -0.703237 0.270966
v -0.067001 -0.701999 0.277986
v -0.092345 -0.704684 0.262761
v -0.06165 -0.704578 0.263357
v -0.090107 -0.706292 0.253637
v -0.059999 -0.706924 0.250057
v -0.089883 -0.707007 0.249583
v -0.062182 -0.709891 0.233228
v -0.091034 -0.708633 0.240365
v -0.068211 -0.712543 0.218187
v -0.09435 -0.710125 0.231903
v -0.077833 -0.714875 0.204963
v -0.099648 -0.711431 0.224496
v -0.08026 -0.715309 0.202499
v -0.100361 -0.711564 0.223743
v -0.093117 -0.717038 0.192695
v -0.107501 -0.712571 0.218027
v -0.108033 -0.718186 0.186185
v -0.116016 -0.713252 0.214165
v -0.121695 -0.718641 0.183603
v -0.124587 -0.713536 0.212558
v -0.150133 -0.718641 0.183603
v -0.146277 -0.713536 0.212558
v -0.151272 -0.718621 0.183719
v -0.147254 -0.713514 0.212684
v -0.154519 -0.71847 0.184575
v -0.157892 -0.718143 0.186427
v -0.158709 -0.714056 0.209605
v -0.16127 -0.714533 0.206903
v -0.163091 -0.71511 0.203629
v -0.263402 -0.71163 0.217606
v -0.26015 -0.71168 0.217325
v -0.255606 -0.711926 0.215928
v -0.251612 -0.712355 0.213497
v -0.248375 -0.712934 0.210212
v -0.246121 -0.713606 0.206399
v -0.244846 -0.714368 0.202082
v -0.244675 -0.715179 0.197482
v -0.245697 -0.715988 0.192894
v -0.247832 -0.71672 0.188743
v -0.250897 -0.71733 0.18528
v -0.254585 -0.717778 0.182738
v -0.258779 -0.71806 0.181142
v -0.263402 -0.718159 0.180581
v -0.267779 -0.718068 0.181094
v -0.27222 -0.717775 0.182757
v -0.276039 -0.717308 0.185403
v -0.279079 -0.716696 0.188877
v -0.281094 -0.716002 0.192814
v -0.282105 -0.715225 0.197216
v -0.281994 -0.714409 0.201847
v -0.280701 -0.713614 0.206355
v -0.278314 -0.712908 0.210359
v -0.275968 -0.712469 0.212847
v -0.27218 -0.71201 0.215451
v -0.267959 -0.711728 0.21705
usemtl 1
f 1// 2// 3//
f 1// 3// 4//
f 4// 3// 5//
f 4// 5// 6//
f 6// 5// 7//
f 6// 7// 8//
f 8// 7// 9//
f 8// 9// 10//
f 10// 9// 11//
f 10// 11// 12//
f 12// 11// 13//
f 12// 13// 14//
f 14// 13// 15//
f 14// 15// 16//
f 16// 15// 17//
f 16// 17// 18//
f 19// 18// 20//
f 20// 18// 17//
f 19// 20// 21//
f 19// 21// 22//
f 22// 21// 23//
f 22// 23// 24//
f 24// 23// 25//
f 24// 25// 26//
f 26// 25// 27//
f 26// 27// 28//
f 28// 27// 29//
f 28// 29// 30//
f 30// 29// 31//
f 30// 31// 32//
f 32// 31// 33//
f 32// 33// 34//
f 34// 33// 35//
f 34// 35// 36//
f 37// 36// 38//
f 38// 36// 35//
f 37// 38// 39//
f 37// 39// 40//
f 40// 39// 41//
f 40// 41// 42//
f 42// 41// 43//
f 42// 43// 44//
f 44// 43// 45//
f 44// 45// 46//
f 46// 45// 47//
f 46// 47// 48//
f 48// 47// 49//
f 48// 49// 50//
f 50// 49// 51//
f 50// 51// 52//
f 52// 51// 53//
f 52// 53// 54//
f 55// 54// 56//
f 56// 54// 53//
f 55// 56// 57//
f 55// 57// 58//
f 58// 57// 59//
f 58// 59// 60//
f 60// 59// 61//
f 60// 61// 62//
f 62// 61// 63//
f 62// 63// 64//
f 64// 63// 65//
f 64// 65// 66//
f 66// 65// 67//
f 66// 67// 68//
f 68// 67// 69//
f 68// 69// 70//
f 70// 69// 71//
f 70// 71// 72//
f 1// 72// 2//
f 2// 72// 71//
f 36// 54// 1//
f 1// 54// 55//
f 1// 55// 72//
f 36// 37// 54//
f 54// 37// 40//
f 54// 40// 42//
f 1// 18// 36//
f 36// 18// 19//
f 36// 19// 22//
f 32// 26// 30//
f 30// 26// 28//
f 22// 24// 36//
f 36// 24// 26//
f 36// 26// 34//
f 34// 26// 32//
f 1// 4// 6//
f 6// 8// 1//
f 1// 8// 10//
f 1// 10// 12//
f 12// 14// 1//
f 1// 14// 16//
f 1// 16// 18//
f 54// 48// 52//
f 52// 48// 50//
f 55// 58// 72//
f 72// 58// 60//
f 72// 60// 62//
f 42// 44// 54//
f 54// 44// 46//
f 54// 46// 48//
f 68// 70// 66//
f 66// 70// 72//
f 66// 72// 64//
f 64// 72// 62//
f 21// 20// 35//
f 35// 20// 38//
f 41// 39// 53//
f 2// 71// 53//
f 41// 53// 43//
f 33// 31// 25//
f 25// 31// 29//
f 25// 29// 27//
f 33// 25// 35//
f 35// 25// 23//
f 35// 23// 21//
f 39// 38// 53//
f 53// 38// 20//
f 53// 20// 2//
f 2// 20// 17//
f 2// 17// 15//
f 61// 59// 71//
f 51// 49// 47//
f 15// 13// 2//
f 2// 13// 11//
f 2// 11// 9//
f 9// 7// 2//
f 2// 7// 5//
f 2// 5// 3//
f 69// 67// 65//
f 59// 57// 71//
f 71// 57// 56//
f 71// 56// 53//
f 51// 47// 53//
f 53// 47// 45//
f 53// 45// 43//
f 69// 65// 71//
f 71// 65// 63//
f 71// 63// 61//
f 73// 74// 75//
f 75// 74// 76//
f 77// 73// 78//
f 78// 73// 75//
f 79// 77// 80//
f 80// 77// 78//
f 79// 80// 81//
f 79// 81// 82//
f 82// 81// 83//
f 82// 83// 84//
f 84// 83// 85//
f 84// 85// 86//
f 86// 85// 87//
f 86// 87// 88//
f 88// 87// 89//
f 88// 89// 90//
f 90// 89// 91//
f 90// 91// 92//
f 92// 91// 93//
f 92// 93// 94//
f 94// 93// 95//
f 94// 95// 96//
f 96// 95// 97//
f 96// 97// 98//
f 99// 98// 100//
f 100// 98// 97//
f 99// 100// 101//
f 99// 101// 102//
f 102// 101// 103//
f 102// 103// 104//
f 104// 103// 105//
f 104// 105// 106//
f 106// 105// 107//
f 106// 107// 108//
f 108// 107// 109//
f 108// 109// 110//
f 110// 109// 111//
f 110// 111// 112//
f 112// 111// 113//
f 112// 113// 114//
f 114// 113// 115//
f 114// 115// 116//
f 116// 115// 117//
f 116// 117// 118//
f 119// 118// 120//
f 120// 118// 117//
f 121// 119// 122//
f 122// 119// 120//
f 123// 121// 124//
f 124// 121// 122//
f 123// 124// 125//
f 125// 124// 126//
f 125// 126// 127//
f 127// 126// 128//
f 127// 128// 129//
f 129// 128// 130//
f 129// 130// 131//
f 131// 130// 132//
f 131// 132// 133//
f 133// 132// 134//
f 133// 134// 135//
f 135// 134// 136//
f 137// 135// 138//
f 138// 135// 136//
f 137// 138// 139//
f 139// 138// 140//
f 139// 140// 141//
f 141// 140// 142//
f 141// 142// 143//
f 143// 142// 144//
f 143// 144// 145//
f 145// 144// 146//
f 145// 146// 147//
f 147// 146// 148//
f 147// 148// 74//
f 74// 148// 76//
f 119// 121// 118//
f 118// 121// 123//
f 118// 123// 116//
f 116// 123// 125//
f 116// 125// 114//
f 114// 125// 127//
f 145// 88// 143//
f 143// 88// 90//
f 143// 90// 141//
f 129// 110// 127//
f 127// 110// 112//
f 127// 112// 114//
f 135// 102// 133//
f 133// 102// 104//
f 133// 104// 131//
f 131// 104// 106//
f 131// 106// 129//
f 129// 106// 108//
f 129// 108// 110//
f 147// 84// 145//
f 145// 84// 86//
f 145// 86// 88//
f 73// 77// 74//
f 74// 77// 79//
f 74// 79// 147//
f 147// 79// 82//
f 147// 82// 84//
f 90// 92// 141//
f 141// 92// 94//
f 141// 94// 139//
f 139// 94// 96//
f 139// 96// 137//
f 137// 96// 98//
f 137// 98// 135//
f 135// 98// 99//
f 135// 99// 102//
f 122// 120// 124//
f 124// 120// 117//
f 124// 117// 126//
f 132// 103// 134//
f 134// 103// 101//
f 134// 101// 136//
f 136// 101// 100//
f 136// 100// 138//
f 138// 100// 97//
f 138// 97// 140//
f 128// 109// 130//
f 130// 109// 107//
f 130// 107// 132//
f 132// 107// 105//
f 132// 105// 103//
f 146// 83// 148//
f 148// 83// 81//
f 148// 81// 76//
f 76// 81// 80//
f 76// 80// 75//
f 75// 80// 78//
f 144// 87// 146//
f 146// 87// 85//
f 146// 85// 83//
f 117// 115// 126//
f 126// 115// 113//
f 126// 113// 128//
f 128// 113// 111//
f 128// 111// 109//
f 97// 95// 140//
f 140// 95// 93//
f 140// 93// 142//
f 142// 93// 91//
f 142// 91// 144//
f 144// 91// 89//
f 144// 89// 87//
f 149// 150// 151//
f 151// 150// 152//
f 150// 153// 152//
f 152// 153// 154//
f 153// 155// 154//
f 154// 155// 156//
f 157// 158// 159//
f 157// 159// 160//
f 160// 159// 161//
f 160// 161// 162//
f 162// 161// 163//
f 162// 163// 164//
f 164// 163// 165//
f 164// 165// 166//
f 166// 165// 167//
f 166// 167// 168//
f 168// 167// 169//
f 168// 169// 170//
f 170// 169// 171//
f 170// 171// 172//
f 172// 171// 173//
f 172// 173// 174//
f 174// 173// 156//
f 174// 156// 155//
f 157// 175// 158//
f 158// 175// 176//
f 177// 178// 179//
f 177// 179// 180//
f 180// 179// 181//
f 180// 181// 182//
f 182// 181// 183//
f 182// 183// 184//
f 184// 183// 185//
f 184// 185// 186//
f 186// 185// 187//
f 186// 187// 188//
f 188// 187// 189//
f 188// 189// 190//
f 190// 189// 191//
f 190// 191// 192//
f 192// 191// 193//
f 192// 193// 194//
f 194// 193// 176//
f 194// 176// 175//
f 177// 195// 178//
f 178// 195// 196//
f 195// 197// 196//
f 196// 197// 198//
f 197// 199// 198//
f 198// 199// 200//
f 201// 202// 203//
f 203// 202// 204//
f 203// 204// 205//
f 205// 204// 206//
f 205// 206// 207//
f 207// 206// 208//
f 207// 208// 209//
f 209// 208// 210//
f 209// 210// 211//
f 211// 210// 212//
f 211// 212// 199//
f 199// 212// 200//
f 201// 213// 202//
f 202// 213// 214//
f 149// 151// 215//
f 215// 151// 216//
f 215// 216// 217//
f 217// 216// 218//
f 217// 218// 219//
f 219// 218// 220//
f 219// 220// 221//
f 221// 220// 222//
f 221// 222// 223//
f 223// 222// 224//
f 223// 224// 213//
f 213// 224// 214//
f 219// 168// 217//
f 217// 168// 170//
f 217// 170// 215//
f 197// 195// 199//
f 199// 195// 177//
f 199// 177// 211//
f 153// 150// 155//
f 155// 150// 149//
f 155// 149// 174//
f 174// 149// 215//
f 174// 215// 172//
f 172// 215// 170//
f 223// 162// 221//
f 221// 162// 164//
f 221// 164// 219//
f 219// 164// 166//
f 219// 166// 168//
f 205// 192// 203//
f 203// 192// 194//
f 203// 194// 201//
f 201// 194// 175//
f 201// 175// 213//
f 213// 175// 157//
f 213// 157// 223//
f 223// 157// 160//
f 223// 160// 162//
f 207// 188// 205//
f 205// 188// 190//
f 205// 190// 192//
f 177// 180// 211//
f 211// 180// 182//
f 211// 182// 209//
f 209// 182// 184//
f 209// 184// 207//
f 207// 184// 186//
f 207// 186// 188//
f 151// 152// 154//
f 218// 167// 220//
f 220// 167// 165//
f 220// 165// 222//
f 196// 198// 178//
f 178// 198// 200//
f 178// 200// 179//
f 179// 200// 212//
f 179// 212// 181//
f 181// 212// 210//
f 154// 156// 151//
f 151// 156// 173//
f 151// 173// 216//
f 216// 173// 171//
f 216// 171// 218//
f 218// 171// 169//
f 218// 169// 167//
f 206// 187// 208//
f 208// 187// 185//
f 208// 185// 210//
f 210// 185// 183//
f 210// 183// 181//
f 202// 193// 204//
f 204// 193// 191//
f 204// 191// 206//
f 206// 191// 189//
f 206// 189// 187//
f 165// 163// 222//
f 222// 163// 161//
f 222// 161// 224//
f 224// 161// 159//
f 224// 159// 214//
f 214// 159// 158//
f 214// 158// 202//
f 202// 158// 176//
f 202// 176// 193//
f 225// 226// 227//
f 227// 226// 228//
f 229// 225// 230//
f 230// 225// 227//
f 231// 229// 232//
f 232// 229// 230//
f 231// 232// 233//
f 231// 233// 234//
f 234// 233// 235//
f 234// 235// 236//
f 236// 235// 237//
f 236// 237// 238//
f 238// 237// 239//
f 238// 239// 240//
f 240// 239// 241//
f 240// 241// 242//
f 242// 241// 243//
f 242// 243// 244//
f 244// 243// 245//
f 244// 245// 246//
f 246// 245// 247//
f 246// 247// 248//
f 248// 247// 249//
f 248// 249// 250//
f 251// 250// 252//
f 252// 250// 249//
f 251// 252// 253//
f 251// 253// 254//
f 254// 253// 255//
f 254// 255// 256//
f 256// 255// 257//
f 256// 257// 258//
f 258// 257// 259//
f 258// 259// 260//
f 260// 259// 261//
f 260// 261// 262//
f 262// 261// 263//
f 262// 263// 264//
f 264// 263// 265//
f 264// 265// 266//
f 266// 265// 267//
f 266// 267// 268//
f 268// 267// 269//
f 268// 269// 270//
f 271// 270// 272//
f 272// 270// 269//
f 273// 271// 274//
f 274// 271// 272//
f 275// 273// 276//
f 276// 273// 274//
f 275// 276// 277//
f 277// 276// 278//
f 277// 278// 279//
f 279// 278// 280//
f 279// 280// 281//
f 281// 280// 282//
f 281// 282// 283//
f 283// 282// 284//
f 283// 284// 285//
f 285// 284// 286//
f 285// 286// 287//
f 287// 286// 288//
f 289// 287// 290//
f 290// 287// 288//
f 289// 290// 291//
f 291// 290// 292//
f 291// 292// 293//
f 293// 292// 294//
f 293// 294// 295//
f 295// 294// 296//
f 295// 296// 297//
f 297// 296// 298//
f 297// 298// 299//
f 299// 298// 300//
f 299// 300// 226//
f 226// 300// 228//
f 271// 273// 270//
f 270// 273// 275//
f 270// 275// 268//
f 268// 275// 277//
f 268// 277// 266//
f 266// 277// 279//
f 297// 240// 295//
f 295// 240// 242//
f 295// 242// 293//
f 281// 262// 279//
f 279// 262// 264//
f 279// 264// 266//
f 287// 254// 285//
f 285// 254// 256//
f 285// 256// 283//
f 283// 256// 258//
f 283// 258// 281//
f 281// 258// 260//
f 281// 260// 262//
f 299// 236// 297//
f 297// 236// 238//
f 297// 238// 240//
f 225// 229// 226//
f 226// 229// 231//
f 226// 231// 299//
f 299// 231// 234//
f 299// 234// 236//
f 242// 244// 293//
f 293// 244// 246//
f 293// 246// 291//
f 291// 246// 248//
f 291// 248// 289//
f 289// 248// 250//
f 289// 250// 287//
f 287// 250// 251//
f 287// 251// 254//
f 274// 272// 276//
f 276// 272// 269//
f 276// 269// 278//
f 284// 255// 286//
f 286// 255// 253//
f 286// 253// 288//
f 288// 253// 252//
f 288// 252// 290//
f 290// 252// 249//
f 290// 249// 292//
f 280// 261// 282//
f 282// 261// 259//
f 282// 259// 284//
f 284// 259// 257//
f 284// 257// 255//
f 298// 235// 300//
f 300// 235// 233//
f 300// 233// 228//
f 228// 233// 232//
f 228// 232// 227//
f 227// 232// 230//
f 296// 239// 298//
f 298// 239// 237//
f 298// 237// 235//
f 269// 267// 278//
f 278// 267// 265//
f 278// 265// 280//
f 280// 265// 263//
f 280// 263// 261//
f 249// 247// 292//
f 292// 247// 245//
f 292// 245// 294//
f 294// 245// 243//
f 294// 243// 296//
f 296// 243// 241//
f 296// 241// 239//
f 301// 302// 303//
f 303// 302// 304//
f 302// 305// 304//
f 304// 305// 306//
f 305// 307// 306//
f 306// 307// 308//
f 309// 310// 311//
f 309// 311// 312//
f 312// 311// 313//
f 312// 313// 314//
f 314// 313// 315//
f 314// 315// 316//
f 316// 315// 317//
f 316// 317// 318//
f 318// 317// 319//
f 318// 319// 320//
f 320// 319// 321//
f 320// 321// 322//
f 322// 321// 323//
f 322// 323// 324//
f 324// 323// 325//
f 324// 325// 326//
f 326// 325// 308//
f 326// 308// 307//
f 309// 327// 310//
f 310// 327// 328//
f 329// 330// 331//
f 329// 331// 332//
f 332// 331// 333//
f 332// 333// 334//
f 334// 333// 335//
f 334// 335// 336//
f 336// 335// 337//
f 336// 337// 338//
f 338// 337// 339//
f 338// 339// 340//
f 340// 339// 341//
f 340// 341// 342//
f 342// 341// 343//
f 342// 343// 344//
f 344// 343// 345//
f 344// 345// 346//
f 346// 345// 328//
f 346// 328// 327//
f 329// 347// 330//
f 330// 347// 348//
f 347// 349// 348//
f 348// 349// 350//
f 349// 351// 350//
f 350// 351// 352//
f 353// 354// 355//
f 355// 354// 356//
f 355// 356// 357//
f 357// 356// 358//
f 357// 358// 359//
f 359// 358// 360//
f 359// 360// 361//
f 361// 360// 362//
f 361// 362// 363//
f 363// 362// 364//
f 363// 364// 351//
f 351// 364// 352//
f 353// 365// 354//
f 354// 365// 366//
f 301// 303// 367//
f 367// 303// 368//
f 367// 368// 369//
f 369// 368// 370//
f 369// 370// 371//
f 371// 370// 372//
f 371// 372// 373//
f 373// 372// 374//
f 373// 374// 375//
f 375// 374// 376//
f 375// 376// 365//
f 365// 376// 366//
f 369// 324// 367//
f 367// 324// 326//
f 367// 326// 301//
f 301// 326// 307//
f 301// 307// 302//
f 302// 307// 305//
f 371// 320// 369//
f 369// 320// 322//
f 369// 322// 324//
f 349// 347// 351//
f 351// 347// 329//
f 351// 329// 363//
f 375// 314// 373//
f 373// 314// 316//
f 373// 316// 371//
f 371// 316// 318//
f 371// 318// 320//
f 357// 344// 355//
f 355// 344// 346//
f 355// 346// 353//
f 353// 346// 327//
f 353// 327// 365//
f 365// 327// 309//
f 365// 309// 375//
f 375// 309// 312//
f 375// 312// 314//
f 361// 338// 359//
f 359// 338// 340//
f 359// 340// 357//
f 357// 340// 342//
f 357// 342// 344//
f 329// 332// 363//
f 363// 332// 334//
f 363// 334// 361//
f 361// 334// 336//
f 361// 336// 338//
f 370// 319// 372//
f 372// 319// 317//
f 372// 317// 374//
f 348// 350// 330//
f 330// 350// 352//
f 330// 352// 331//
f 331// 352// 364//
f 331// 364// 333//
f 333// 364// 362//
f 368// 323// 370//
f 370// 323// 321//
f 370// 321// 319//
f 304// 306// 303//
f 303// 306// 308//
f 303// 308// 368//
f 368// 308// 325//
f 368// 325// 323//
f 358// 339// 360//
f 360// 339// 337//
f 360// 337// 362//
f 362// 337// 335//
f 362// 335// 333//
f 354// 345// 356//
f 356// 345// 343//
f 356// 343// 358//
f 358// 343// 341//
f 358// 341// 339//
f 317// 315// 374//
f 374// 315// 313//
f 374// 313// 376//
f 376// 313// 311//
f 376// 311// 366//
f 366// 311// 310//
f 366// 310// 354//
f 354// 310// 328//
f 354// 328// 345//
usemtl 2
f 377// 378// 379//
f 380// 381// 382//
f 383// 384// 385//
f 386// 387// 388//
f 389// 390// 391//
f 391// 390// 392//
f 392// 390// 393//
f 392// 393// 394//
f 395// 396// 397//
f 397// 396// 398//
f 397// 398// 399//
f 399// 398// 390//
f 399// 390// 400//
f 400// 390// 389//
f 400// 389// 401//
f 401// 389// 402//
f 401// 402// 403//
f 403// 402// 404//
f 393// 405// 394//
f 394// 405// 406//
f 394// 406// 407//
f 407// 406// 408//
f 409// 410// 411//
f 412// 413// 414//
f 415// 416// 417//
f 391// 418// 419//
f 411// 420// 409//
f 409// 420// 421//
f 409// 421// 422//
f 410// 409// 423//
f 423// 409// 418//
f 423// 418// 424//
f 425// 426// 391//
f 427// 428// 418//
f 418// 428// 429//
f 418// 429// 424//
f 422// 430// 409//
f 409// 430// 431//
f 409// 431// 432//
f 391// 426// 418//
f 418// 426// 433//
f 418// 433// 427//
f 417// 434// 415//
f 415// 434// 412//
f 415// 412// 435//
f 435// 412// 414//
f 435// 414// 419//
f 419// 414// 436//
f 419// 436// 391//
f 434// 409// 412//
f 412// 409// 432//
f 412// 432// 392//
f 392// 432// 437//
f 392// 437// 391//
f 391// 437// 438//
f 391// 438// 425//
f 439// 440// 383//
f 383// 385// 439//
f 439// 385// 441//
f 439// 441// 442//
f 442// 441// 443//
f 442// 443// 444//
f 444// 443// 445//
f 444// 445// 446//
f 446// 445// 447//
f 446// 447// 448//
f 449// 450// 451//
f 451// 450// 452//
f 453// 454// 455//
f 455// 454// 391//
f 455// 391// 456//
f 456// 391// 436//
f 456// 436// 452//
f 452// 436// 457//
f 452// 457// 451//
f 458// 459// 460//
f 460// 461// 458//
f 458// 461// 462//
f 458// 462// 463//
f 464// 465// 462//
f 462// 465// 466//
f 462// 466// 467//
f 468// 469// 462//
f 462// 469// 470//
f 462// 470// 463//
f 463// 470// 471//
f 463// 471// 472//
f 473// 474// 475//
f 475// 474// 476//
f 475// 476// 477//
f 467// 478// 462//
f 462// 478// 479//
f 462// 479// 468//
f 480// 481// 482//
f 482// 481// 483//
f 482// 483// 484//
f 480// 485// 481//
f 481// 485// 486//
f 481// 486// 487//
f 487// 486// 488//
f 487// 488// 489//
f 484// 490// 482//
f 482// 490// 491//
f 482// 491// 462//
f 462// 491// 492//
f 462// 492// 464//
f 472// 493// 463//
f 463// 493// 494//
f 463// 494// 475//
f 475// 494// 495//
f 475// 495// 473//
f 496// 497// 498//
f 498// 497// 499//
f 498// 499// 500//
f 501// 502// 503//
f 503// 504// 501//
f 501// 504// 505//
f 501// 505// 506//
f 477// 507// 475//
f 475// 507// 508//
f 475// 508// 509//
f 510// 511// 501//
f 501// 511// 512//
f 501// 512// 502//
f 508// 513// 509//
f 509// 513// 514//
f 509// 514// 510//
f 510// 514// 515//
f 510// 515// 511//
f 516// 517// 518//
f 519// 520// 521//
f 521// 520// 522//
f 521// 522// 523//
f 523// 522// 524//
f 523// 524// 525//
f 525// 524// 526//
f 525// 526// 527//
f 527// 526// 528//
f 527// 528// 529//
f 529// 528// 530//
f 516// 526// 517//
f 517// 526// 524//
f 517// 524// 531//
f 531// 524// 532//
f 531// 532// 533//
f 533// 532// 534//
f 533// 534// 463//
f 463// 534// 535//
f 463// 535// 458//
f 458// 535// 536//
f 458// 536// 518//
f 518// 536// 537//
f 518// 537// 516//
f 538// 539// 531//
f 540// 541// 517//
f 531// 539// 517//
f 517// 539// 542//
f 517// 542// 540//
f 543// 544// 545//
f 545// 544// 546//
f 545// 546// 547//
f 548// 549// 550//
f 547// 551// 545//
f 545// 551// 552//
f 545// 552// 553//
f 553// 552// 554//
f 553// 554// 555//
f 556// 557// 548//
f 548// 557// 558//
f 548// 558// 549//
f 540// 559// 541//
f 541// 559// 560//
f 541// 560// 548//
f 548// 560// 561//
f 548// 561// 556//
f 562// 545// 563//
f 563// 545// 391//
f 563// 391// 564//
f 564// 391// 454//
f 449// 451// 562//
f 562// 451// 548//
f 562// 548// 545//
f 545// 548// 550//
f 545// 550// 543//
f 565// 566// 567//
f 567// 566// 568//
f 569// 570// 565//
f 565// 570// 571//
f 572// 573// 574//
f 575// 576// 577//
f 578// 579// 580//
f 580// 579// 581//
f 580// 581// 582//
f 582// 581// 583//
f 582// 583// 584//
f 571// 585// 565//
f 565// 585// 586//
f 565// 586// 566//
f 574// 587// 572//
f 572// 587// 588//
f 572// 588// 589//
f 589// 590// 572//
f 572// 590// 591//
f 572// 591// 592//
f 475// 593// 594//
f 595// 475// 596//
f 596// 475// 594//
f 596// 594// 580//
f 580// 594// 597//
f 580// 597// 578//
f 595// 598// 475//
f 475// 598// 599//
f 475// 599// 600//
f 601// 602// 583//
f 583// 602// 603//
f 575// 604// 576//
f 576// 604// 605//
f 576// 605// 606//
f 606// 605// 607//
f 606// 607// 608//
f 603// 609// 583//
f 583// 609// 610//
f 583// 610// 611//
f 611// 612// 583//
f 583// 612// 613//
f 583// 613// 584//
f 614// 615// 616//
f 616// 615// 617//
f 616// 617// 618//
f 619// 620// 621//
f 621// 620// 622//
f 621// 622// 608//
f 608// 622// 623//
f 608// 623// 606//
f 624// 625// 626//
f 614// 619// 615//
f 615// 619// 621//
f 615// 621// 627//
f 627// 621// 567//
f 627// 567// 628//
f 628// 567// 568//
f 628// 568// 629//
f 629// 568// 630//
f 631// 630// 632//
f 632// 630// 568//
f 632// 568// 624//
f 624// 568// 566//
f 624// 566// 625//
f 633// 634// 382//
f 635// 636// 463//
f 637// 638// 382//
f 382// 638// 639//
f 600// 575// 475//
f 475// 575// 577//
f 475// 577// 463//
f 463// 577// 640//
f 463// 640// 635//
f 636// 641// 463//
f 463// 641// 642//
f 463// 642// 533//
f 533// 642// 643//
f 533// 643// 633//
f 644// 645// 634//
f 634// 645// 646//
f 634// 646// 382//
f 382// 646// 647//
f 382// 647// 637//
f 639// 648// 382//
f 382// 648// 649//
f 382// 649// 380//
f 650// 651// 652//
f 652// 651// 653//
f 652// 653// 654//
f 652// 655// 650//
f 650// 655// 656//
f 650// 656// 657//
f 657// 658// 650//
f 650// 658// 659//
f 650// 659// 660//
f 660// 659// 661//
f 660// 661// 662//
f 662// 661// 663//
f 662// 663// 634//
f 634// 663// 664//
f 634// 664// 644//
f 665// 666// 654//
f 654// 666// 667//
f 654// 667// 652//
f 668// 669// 618//
f 618// 669// 670//
f 618// 670// 616//
f 668// 671// 669//
f 669// 671// 672//
f 669// 672// 673//
f 673// 672// 674//
f 673// 675// 676//
f 674// 677// 673//
f 673// 677// 678//
f 673// 678// 679//
f 679// 680// 673//
f 673// 680// 681//
f 673// 681// 675//
f 676// 682// 673//
f 673// 682// 683//
f 673// 683// 684//
f 685// 686// 553//
f 686// 407// 553//
f 553// 407// 408//
f 553// 408// 545//
f 545// 408// 687//
f 545// 687// 391//
f 391// 687// 688//
f 391// 688// 389//
f 689// 690// 691//
f 555// 538// 553//
f 553// 538// 531//
f 553// 531// 685//
f 685// 531// 692//
f 685// 692// 693//
f 693// 692// 689//
f 693// 689// 694//
f 694// 689// 691//
f 695// 696// 382//
f 382// 696// 697//
f 633// 382// 533//
f 533// 382// 697//
f 533// 697// 531//
f 531// 697// 698//
f 531// 698// 692//
f 699// 696// 700//
f 700// 696// 695//
f 700// 695// 701//
f 702// 703// 704//
f 631// 632// 381//
f 381// 632// 702//
f 381// 702// 382//
f 382// 702// 704//
f 382// 704// 695//
f 695// 704// 705//
f 695// 705// 706//
f 707// 708// 695//
f 695// 708// 709//
f 695// 709// 701//
f 710// 711// 712//
f 712// 711// 713//
f 712// 713// 702//
f 702// 713// 714//
f 702// 714// 703//
f 706// 715// 695//
f 695// 715// 716//
f 695// 716// 707//
f 717// 718// 719//
f 717// 719// 720//
f 718// 721// 719//
f 719// 721// 722//
f 719// 722// 712//
f 712// 722// 723//
f 712// 723// 710//
f 724// 725// 726//
f 726// 725// 727//
f 726// 727// 728//
f 729// 730// 731//
f 731// 730// 726//
f 731// 726// 732//
f 732// 726// 733//
f 728// 734// 726//
f 726// 734// 735//
f 726// 735// 733//
f 736// 737// 447//
f 447// 737// 738//
f 447// 738// 739//
f 739// 738// 740//
f 736// 447// 741//
f 741// 447// 445//
f 741// 445// 742//
f 445// 743// 744//
f 445// 745// 742//
f 742// 745// 746//
f 742// 746// 747//
f 747// 746// 748//
f 747// 748// 749//
f 744// 750// 445//
f 445// 750// 751//
f 445// 751// 745//
f 752// 753// 441//
f 752// 441// 754//
f 753// 755// 441//
f 441// 755// 756//
f 441// 756// 443//
f 443// 756// 757//
f 757// 758// 443//
f 443// 758// 759//
f 443// 759// 445//
f 445// 759// 760//
f 445// 760// 743//
f 761// 754// 762//
f 762// 754// 441//
f 762// 441// 763//
f 763// 441// 385//
f 763// 385// 764//
f 764// 385// 765//
f 384// 766// 767//
f 767// 768// 384//
f 384// 768// 769//
f 384// 769// 385//
f 385// 769// 770//
f 385// 770// 765//
f 771// 772// 773//
f 773// 772// 774//
f 773// 774// 766//
f 766// 774// 775//
f 766// 775// 767//
f 379// 378// 773//
f 773// 378// 776//
f 773// 776// 771//
f 777// 778// 377//
f 377// 778// 779//
f 780// 781// 782//
f 782// 781// 783//
f 784// 785// 781//
f 781// 785// 786//
f 781// 786// 787//
f 729// 788// 730//
f 730// 788// 789//
f 730// 789// 379//
f 790// 791// 792//
f 792// 791// 793//
f 794// 795// 796//
f 796// 795// 797//
f 796// 797// 798//
f 789// 799// 379//
f 379// 799// 800//
f 379// 800// 801//
f 802// 787// 803//
f 803// 787// 804//
f 803// 804// 796//
f 796// 804// 805//
f 796// 805// 794//
f 802// 806// 787//
f 787// 806// 807//
f 787// 807// 781//
f 781// 807// 808//
f 781// 808// 783//
f 801// 809// 379//
f 379// 809// 810//
f 379// 810// 811//
f 793// 812// 792//
f 792// 812// 813//
f 792// 813// 814//
f 815// 816// 817//
f 817// 816// 818//
f 817// 818// 792//
f 792// 818// 819//
f 792// 819// 790//
f 779// 820// 377//
f 377// 820// 821//
f 377// 821// 822//
f 822// 821// 815//
f 822// 815// 823//
f 823// 815// 817//
f 811// 824// 379//
f 379// 824// 825//
f 379// 825// 377//
f 377// 825// 826//
f 377// 826// 777//
f 827// 828// 792//
f 792// 828// 829//
f 792// 829// 781//
f 781// 829// 830//
f 781// 830// 784//
f 814// 831// 792//
f 792// 831// 832//
f 792// 832// 833//
f 833// 834// 792//
f 792// 834// 835//
f 792// 835// 827//
f 836// 837// 838//
f 837// 839// 838//
f 838// 839// 840//
f 838// 840// 841//
f 786// 838// 787//
f 787// 838// 842//
f 787// 842// 843//
f 844// 845// 846//
f 846// 845// 847//
f 846// 847// 848//
f 844// 846// 786//
f 786// 846// 849//
f 786// 849// 838//
f 838// 849// 850//
f 838// 850// 836//
f 851// 852// 853//
f 853// 852// 854//
f 853// 854// 855//
f 841// 840// 856//
f 856// 840// 857//
f 856// 857// 858//
f 858// 857// 859//
f 858// 859// 860//
f 843// 861// 787//
f 787// 861// 853//
f 787// 853// 862//
f 862// 853// 855//
f 388// 412// 863//
f 863// 412// 392//
f 863// 392// 864//
f 864// 392// 394//
f 864// 394// 719//
f 719// 394// 407//
f 719// 407// 720//
f 720// 407// 686//
f 457// 865// 451//
f 451// 865// 866//
f 451// 866// 548//
f 548// 866// 867//
f 548// 867// 541//
f 541// 867// 868//
f 541// 868// 517//
f 517// 868// 869//
f 517// 869// 518//
f 518// 869// 870//
f 518// 870// 458//
f 458// 870// 497//
f 458// 497// 459//
f 459// 497// 496//
f 386// 388// 871//
f 871// 388// 863//
f 871// 863// 872//
f 872// 863// 864//
f 872// 864// 873//
f 873// 864// 719//
f 873// 719// 874//
f 874// 719// 712//
f 874// 712// 875//
f 875// 712// 702//
f 875// 702// 876//
f 876// 702// 632//
f 876// 632// 877//
f 877// 632// 624//
f 877// 624// 878//
f 878// 624// 879//
f 878// 879// 766//
f 626// 573// 624//
f 624// 573// 572//
f 624// 572// 879//
f 879// 572// 880//
f 881// 882// 880//
f 880// 882// 883//
f 592// 593// 572//
f 572// 593// 475//
f 572// 475// 880//
f 880// 475// 509//
f 880// 509// 881//
f 881// 509// 884//
f 766// 879// 773//
f 773// 879// 880//
f 773// 880// 379//
f 379// 880// 883//
f 379// 883// 730//
f 730// 883// 885//
f 730// 885// 509//
f 509// 885// 886//
f 509// 886// 884//
f 887// 888// 889//
f 889// 888// 881//
f 889// 881// 890//
f 890// 881// 884//
f 890// 884// 891//
f 891// 884// 892//
f 893// 894// 895//
f 896// 897// 726//
f 726// 897// 893//
f 726// 893// 510//
f 510// 893// 895//
f 510// 895// 509//
f 509// 895// 898//
f 509// 898// 730//
f 730// 898// 896//
f 730// 896// 726//
f 506// 500// 501//
f 501// 500// 499//
f 501// 499// 510//
f 510// 499// 899//
f 510// 899// 726//
f 726// 899// 739//
f 726// 739// 724//
f 724// 739// 740//
f 865// 900// 866//
f 866// 900// 901//
f 866// 901// 867//
f 867// 901// 902//
f 867// 902// 868//
f 868// 902// 903//
f 868// 903// 869//
f 869// 903// 904//
f 869// 904// 870//
f 870// 904// 905//
f 870// 905// 497//
f 497// 905// 906//
f 497// 906// 499//
f 499// 906// 907//
f 499// 907// 899//
f 899// 907// 908//
f 899// 908// 739//
f 739// 908// 909//
f 739// 909// 447//
f 447// 909// 910//
f 447// 910// 448//
f 448// 910// 911//
usemtl 3
f 912// 913// 914//
f 915// 916// 917//
f 917// 916// 918//
f 919// 920// 917//
f 917// 920// 921//
f 922// 915// 923//
f 923// 915// 917//
f 923// 917// 924//
f 924// 917// 921//
f 924// 921// 925//
f 925// 921// 926//
f 927// 928// 920//
f 914// 927// 912//
f 912// 927// 920//
f 912// 920// 929//
f 929// 920// 919//
f 929// 919// 930//
f 930// 919// 931//
usemtl 2
f 386// 871// 914//
f 914// 871// 872//
f 872// 873// 914//
f 914// 873// 874//
f 914// 874// 875//
f 875// 876// 914//
f 914// 876// 877//
f 914// 877// 927//
f 927// 877// 878//
f 878// 766// 927//
f 927// 766// 384//
f 927// 384// 383//
f 932// 933// 915//
f 915// 933// 916//
f 926// 921// 934//
f 934// 921// 935//
f 936// 937// 928//
f 928// 937// 920//
f 934// 935// 936//
f 936// 935// 937//
f 922// 923// 938//
f 938// 923// 939//
f 940// 941// 925//
f 925// 941// 924//
f 938// 939// 940//
f 940// 939// 941//
f 388// 387// 942//
f 388// 942// 412//
f 413// 412// 943//
f 943// 412// 942//
f 943// 942// 944//
f 944// 942// 945//
f 946// 947// 932//
f 932// 947// 945//
f 932// 945// 933//
f 933// 945// 942//
f 440// 439// 946//
f 946// 439// 442//
f 946// 442// 444//
f 911// 947// 448//
f 448// 947// 946//
f 448// 946// 446//
f 446// 946// 444//
f 948// 949// 910//
f 950// 951// 945//
f 952// 953// 911//
f 910// 949// 911//
f 911// 949// 954//
f 911// 954// 952//
f 955// 956// 945//
f 945// 956// 957//
f 945// 957// 950//
f 951// 958// 945//
f 945// 958// 37//
f 945// 37// 944//
f 944// 37// 36//
f 944// 36// 959//
f 947// 960// 961//
f 961// 962// 947//
f 947// 962// 963//
f 947// 963// 964//
f 959// 965// 944//
f 944// 965// 966//
f 944// 966// 900//
f 900// 966// 967//
f 953// 968// 911//
f 911// 968// 1//
f 911// 1// 947//
f 947// 1// 72//
f 947// 72// 960//
f 964// 969// 947//
f 947// 969// 55//
f 947// 55// 945//
f 945// 55// 54//
f 945// 54// 955//
f 907// 906// 19//
f 948// 910// 18//
f 18// 910// 909//
f 18// 909// 19//
f 19// 909// 908//
f 19// 908// 907//
f 906// 905// 19//
f 19// 905// 904//
f 19// 904// 903//
f 967// 970// 900//
f 900// 970// 971//
f 900// 971// 901//
f 901// 971// 19//
f 901// 19// 902//
f 902// 19// 903//
usemtl 1
f 2// 1// 972//
f 972// 1// 968//
f 972// 968// 973//
f 973// 968// 953//
f 973// 953// 974//
f 974// 953// 952//
f 974// 952// 975//
f 975// 952// 954//
f 975// 954// 976//
f 976// 954// 949//
f 976// 949// 977//
f 977// 949// 948//
f 977// 948// 17//
f 17// 948// 18//
f 2// 71// 1//
f 1// 71// 72//
f 56// 55// 978//
f 978// 55// 969//
f 978// 969// 979//
f 979// 969// 964//
f 979// 964// 980//
f 980// 964// 963//
f 980// 963// 981//
f 981// 963// 962//
f 981// 962// 982//
f 982// 962// 961//
f 982// 961// 983//
f 983// 961// 960//
f 983// 960// 71//
f 71// 960// 72//
f 56// 53// 55//
f 55// 53// 54//
f 38// 37// 984//
f 984// 37// 958//
f 984// 958// 985//
f 985// 958// 951//
f 985// 951// 986//
f 986// 951// 950//
f 986// 950// 987//
f 987// 950// 957//
f 987// 957// 988//
f 988// 957// 956//
f 988// 956// 989//
f 989// 956// 955//
f 989// 955// 53//
f 53// 955// 54//
f 38// 35// 37//
f 37// 35// 36//
usemtl 4
f 20// 19// 990//
f 990// 19// 971//
f 990// 971// 991//
f 991// 971// 970//
f 991// 970// 992//
f 992// 970// 967//
f 992// 967// 993//
f 993// 967// 966//
f 993// 966// 994//
f 994// 966// 965//
f 994// 965// 995//
f 995// 965// 959//
f 995// 959// 35//
f 35// 959// 36//
usemtl 1
f 20// 17// 19//
f 19// 17// 18//
usemtl 4
f 977// 17// 2//
f 980// 981// 982//
f 2// 17// 71//
f 973// 974// 975//
f 978// 979// 71//
f 71// 979// 980//
f 71// 980// 983//
f 983// 980// 982//
f 973// 975// 972//
f 993// 994// 995//
f 972// 975// 2//
f 2// 975// 976//
f 2// 976// 977//
f 35// 38// 53//
f 53// 38// 984//
f 986// 987// 988//
f 993// 995// 992//
f 984// 985// 53//
f 53// 985// 986//
f 53// 986// 989//
f 989// 986// 988//
f 978// 71// 56//
f 56// 71// 17//
f 56// 17// 53//
f 53// 17// 20//
f 53// 20// 35//
f 35// 20// 990//
f 35// 990// 995//
f 995// 990// 991//
f 995// 991// 992//
usemtl 2
f 996// 997// 917//
f 917// 997// 919//
f 931// 919// 998//
f 998// 919// 997//
f 999// 996// 918//
f 918// 996// 917//
f 997// 996// 998//
f 998// 996// 999//
f 1000// 1001// 929//
f 929// 1001// 912//
f 913// 912// 1002//
f 1002// 912// 1001//
f 1003// 1000// 930//
f 930// 1000// 929//
f 1001// 1000// 1002//
f 1002// 1000// 1003//
f 937// 935// 920//
f 920// 935// 921//
f 941// 939// 924//
f 924// 939// 923//
f 386// 933// 387//
f 387// 933// 942//
f 918// 916// 999//
f 999// 916// 933//
f 999// 933// 998//
f 914// 913// 386//
f 386// 913// 1002//
f 386// 1002// 1003//
f 930// 931// 1003//
f 1003// 931// 998//
f 1003// 998// 386//
f 386// 998// 933//
f 915// 922// 932//
f 932// 922// 938//
f 932// 938// 383//
f 383// 938// 940//
f 928// 927// 936//
f 936// 927// 383//
f 936// 383// 934//
f 934// 383// 940//
f 934// 940// 926//
f 926// 940// 925//
f 440// 946// 383//
f 383// 946// 932//
f 414// 413// 943//
f 414// 943// 436//
f 436// 943// 457//
f 457// 943// 865//
f 865// 943// 944//
f 865// 944// 900//
usemtl 3
f 1004// 1005// 895//
f 895// 1005// 898//
f 1006// 1004// 894//
f 894// 1004// 895//
f 1007// 1006// 893//
f 893// 1006// 894//
f 1008// 1007// 897//
f 897// 1007// 893//
f 1009// 1008// 896//
f 896// 1008// 897//
f 1005// 1009// 898//
f 898// 1009// 896//
f 1007// 1008// 1006//
f 1006// 1008// 1009//
f 1006// 1009// 1004//
f 1004// 1009// 1005//
f 1010// 494// 493//
f 1010// 493// 1011//
f 1011// 493// 472//
f 1011// 472// 1012//
f 1012// 472// 471//
f 1012// 471// 1013//
f 1014// 1013// 470//
f 470// 1013// 471//
f 1014// 470// 469//
f 1014// 469// 1015//
f 1015// 469// 468//
f 1015// 468// 1016//
f 1016// 468// 479//
f 1016// 479// 1017//
f 1017// 479// 478//
f 1017// 478// 1018//
f 1018// 478// 467//
f 1018// 467// 1019//
f 1019// 467// 466//
f 1019// 466// 1020//
f 1020// 466// 465//
f 1020// 465// 1021//
f 1021// 465// 464//
f 1021// 464// 1022//
f 1022// 464// 492//
f 1022// 492// 1023//
f 1023// 492// 491//
f 1023// 491// 1024//
f 1024// 491// 490//
f 1024// 490// 1025//
f 1025// 490// 484//
f 1025// 484// 1026//
f 1026// 484// 483//
f 1026// 483// 1027//
f 1027// 483// 481//
f 1027// 481// 1028//
f 1028// 481// 487//
f 1028// 487// 1029//
f 1029// 487// 489//
f 1029// 489// 1030//
f 1030// 489// 488//
f 1030// 488// 1031//
f 1031// 488// 486//
f 1031// 486// 1032//
f 1032// 486// 485//
f 1032// 485// 1033//
f 1033// 485// 480//
f 1033// 480// 1034//
f 1034// 480// 482//
f 1034// 482// 1035//
f 1035// 482// 462//
f 1035// 462// 1036//
f 1037// 1036// 461//
f 461// 1036// 462//
f 498// 1038// 1039//
f 1037// 461// 460//
f 1037// 460// 1040//
f 1040// 460// 459//
f 1040// 459// 1039//
f 1039// 459// 496//
f 1039// 496// 498//
f 1038// 498// 500//
f 1038// 500// 1041//
f 500// 506// 1041//
f 1041// 506// 505//
f 1041// 505// 1042//
f 1042// 505// 504//
f 1042// 504// 1043//
f 1043// 504// 503//
f 1043// 503// 1044//
f 1044// 503// 502//
f 1044// 502// 1045//
f 1045// 502// 512//
f 1045// 512// 1046//
f 512// 511// 1046//
f 1046// 511// 515//
f 1046// 515// 1047//
f 1047// 515// 514//
f 1047// 514// 1048//
f 1048// 514// 513//
f 508// 1049// 513//
f 513// 1049// 1050//
f 513// 1050// 1048//
f 508// 507// 1049//
f 1049// 507// 477//
f 1049// 477// 1051//
f 1051// 477// 476//
f 1051// 476// 1052//
f 1052// 476// 474//
f 1052// 474// 1053//
f 1053// 474// 473//
f 1053// 473// 1054//
f 1054// 473// 495//
f 1054// 495// 1055//
f 1055// 495// 494//
f 1055// 494// 1010//
f 1035// 1036// 1037//
f 1026// 1027// 1045//
f 1035// 1037// 1034//
f 1034// 1037// 1040//
f 1034// 1040// 1033//
f 1033// 1040// 1039//
f 1033// 1039// 1032//
f 1032// 1039// 1038//
f 1032// 1038// 1031//
f 1031// 1038// 1041//
f 1031// 1041// 1030//
f 1013// 1014// 1012//
f 1012// 1014// 1015//
f 1012// 1015// 1011//
f 1011// 1015// 1016//
f 1011// 1016// 1010//
f 1010// 1016// 1017//
f 1010// 1017// 1055//
f 1055// 1017// 1018//
f 1055// 1018// 1054//
f 1054// 1018// 1019//
f 1054// 1019// 1053//
f 1053// 1019// 1020//
f 1053// 1020// 1052//
f 1052// 1020// 1021//
f 1052// 1021// 1051//
f 1051// 1021// 1022//
f 1051// 1022// 1049//
f 1045// 1027// 1044//
f 1041// 1042// 1030//
f 1030// 1042// 1043//
f 1030// 1043// 1029//
f 1029// 1043// 1044//
f 1029// 1044// 1028//
f 1028// 1044// 1027//
f 1048// 1025// 1047//
f 1047// 1025// 1026//
f 1047// 1026// 1046//
f 1046// 1026// 1045//
f 1049// 1022// 1050//
f 1050// 1022// 1023//
f 1050// 1023// 1048//
f 1048// 1023// 1024//
f 1048// 1024// 1025//
f 1056// 1057// 524//
f 524// 1057// 532//
f 520// 1058// 522//
f 522// 1058// 1056//
f 522// 1056// 524//
f 1059// 1058// 519//
f 519// 1058// 520//
f 523// 1060// 521//
f 521// 1060// 1059//
f 521// 1059// 519//
f 1061// 1060// 525//
f 525// 1060// 523//
f 529// 1062// 527//
f 527// 1062// 1061//
f 527// 1061// 525//
f 1063// 1062// 530//
f 530// 1062// 529//
f 526// 1064// 528//
f 528// 1064// 1063//
f 528// 1063// 530//
f 1065// 1064// 516//
f 516// 1064// 526//
f 536// 1066// 537//
f 537// 1066// 1065//
f 537// 1065// 516//
f 1067// 1066// 535//
f 535// 1066// 536//
f 532// 1057// 534//
f 534// 1057// 1067//
f 534// 1067// 535//
f 1067// 1057// 1056//
f 1056// 1058// 1067//
f 1067// 1058// 1059//
f 1067// 1059// 1066//
f 1064// 1065// 1063//
f 1063// 1065// 1066//
f 1063// 1066// 1062//
f 1062// 1066// 1059//
f 1062// 1059// 1061//
f 1061// 1059// 1060//
f 1068// 1069// 1070//
f 1070// 1069// 1071//
f 1070// 1071// 1072//
f 1072// 1071// 1073//
f 1072// 1073// 1074//
f 1074// 1073// 1075//
f 1074// 1075// 1076//
f 1076// 1075// 1077//
f 1076// 1077// 1078//
f 1078// 1077// 1079//
f 1078// 1079// 1080//
f 1080// 1079// 1081//
f 1080// 1081// 1082//
f 1082// 1081// 1083//
f 1082// 1083// 1084//
f 1084// 1083// 1085//
f 1084// 1085// 1086//
f 1086// 1085// 1087//
f 1086// 1087// 1088//
f 1088// 1087// 1089//
f 1088// 1089// 1090//
f 1090// 1089// 1091//
f 1090// 1091// 1092//
f 1092// 1091// 1093//
f 1092// 1093// 1094//
f 1094// 1093// 1095//
f 1094// 1095// 1096//
f 1096// 1095// 1097//
f 1096// 1097// 1098//
f 1098// 1097// 1099//
f 1098// 1099// 1100//
f 1100// 1099// 1101//
f 1100// 1101// 1102//
f 1102// 1101// 1103//
f 1102// 1103// 1068//
f 1068// 1103// 1069//
f 1091// 1089// 538//
f 538// 1089// 539//
f 1091// 538// 555//
f 1091// 555// 1093//
f 1093// 555// 554//
f 1093// 554// 1095//
f 554// 552// 1095//
f 1095// 552// 551//
f 1095// 551// 1097//
f 1097// 551// 547//
f 1097// 547// 1099//
f 1099// 547// 546//
f 1099// 546// 1101//
f 1101// 546// 544//
f 1101// 544// 1103//
f 1103// 544// 543//
f 1103// 543// 1069//
f 1069// 543// 550//
f 1069// 550// 1071//
f 1071// 550// 549//
f 1071// 549// 1073//
f 1073// 549// 558//
f 1073// 558// 1075//
f 1075// 558// 557//
f 1075// 557// 1077//
f 1077// 557// 556//
f 1077// 556// 1079//
f 1079// 556// 561//
f 560// 1083// 561//
f 561// 1083// 1081//
f 561// 1081// 1079//
f 560// 559// 1083//
f 1083// 559// 540//
f 1083// 540// 1085//
f 1087// 1085// 542//
f 542// 1085// 540//
f 1089// 1087// 539//
f 539// 1087// 542//
f 1084// 1086// 1104//
f 1104// 1086// 1105//
f 1086// 1088// 1105//
f 1105// 1088// 1106//
f 1088// 1090// 1106//
f 1106// 1090// 1107//
f 1098// 1108// 1109//
f 1098// 1109// 1096//
f 1096// 1109// 1110//
f 1096// 1110// 1094//
f 1094// 1110// 1111//
f 1094// 1111// 1092//
f 1092// 1111// 1107//
f 1092// 1107// 1090//
f 1070// 1112// 1113//
f 1070// 1113// 1068//
f 1068// 1113// 1114//
f 1068// 1114// 1102//
f 1102// 1114// 1115//
f 1102// 1115// 1100//
f 1100// 1115// 1108//
f 1100// 1108// 1098//
f 1078// 1116// 1117//
f 1078// 1117// 1076//
f 1076// 1117// 1118//
f 1076// 1118// 1074//
f 1074// 1118// 1119//
f 1074// 1119// 1072//
f 1072// 1119// 1112//
f 1072// 1112// 1070//
f 1084// 1104// 1120//
f 1084// 1120// 1082//
f 1082// 1120// 1121//
f 1082// 1121// 1080//
f 1080// 1121// 1116//
f 1080// 1116// 1078//
usemtl 2
f 1105// 1106// 1104//
f 1104// 1106// 1107//
f 1104// 1107// 1111//
f 1111// 1110// 1104//
f 1104// 1110// 1109//
f 1104// 1109// 1108//
f 1108// 1115// 1104//
f 1104// 1115// 1114//
f 1104// 1114// 1113//
f 1113// 1112// 1104//
f 1104// 1112// 1119//
f 1104// 1119// 1118//
f 1118// 1117// 1104//
f 1104// 1117// 1116//
f 1104// 1116// 1120//
f 1120// 1116// 1121//
usemtl 3
f 1122// 1123// 1124//
f 1124// 1123// 1125//
f 1126// 1127// 1122//
f 1122// 1127// 1128//
f 1122// 1128// 1123//
f 1123// 1128// 1129//
f 1126// 1130// 1127//
f 1127// 1130// 1131//
f 1127// 1131// 1132//
f 1132// 1131// 1133//
f 1132// 1133// 1134//
f 1134// 1135// 1132//
f 1132// 1135// 1124//
f 1132// 1124// 1136//
f 1136// 1124// 1125//
f 1136// 1125// 1137//
f 1132// 1136// 452//
f 452// 1136// 456//
f 1127// 1132// 450//
f 450// 1132// 452//
f 562// 1128// 449//
f 449// 1128// 1127//
f 449// 1127// 450//
f 1129// 1128// 563//
f 563// 1128// 562//
f 1123// 1129// 564//
f 564// 1129// 563//
f 453// 1125// 454//
f 454// 1125// 1123//
f 454// 1123// 564//
f 1137// 1125// 455//
f 455// 1125// 453//
f 1136// 1137// 456//
f 456// 1137// 455//
f 1122// 1124// 1138//
f 1138// 1124// 1139//
f 1124// 1135// 1139//
f 1139// 1135// 1140//
f 1133// 1141// 1142//
f 1133// 1142// 1134//
f 1134// 1142// 1140//
f 1134// 1140// 1135//
f 1133// 1131// 1141//
f 1141// 1131// 1143//
f 1126// 1144// 1145//
f 1126// 1145// 1130//
f 1130// 1145// 1143//
f 1130// 1143// 1131//
f 1126// 1122// 1144//
f 1144// 1122// 1138//
usemtl 2
f 1141// 1143// 1142//
f 1142// 1143// 1145//
f 1142// 1145// 1140//
f 1140// 1145// 1144//
f 1140// 1144// 1139//
f 1139// 1144// 1138//
usemtl 3
f 1146// 1147// 881//
f 881// 1147// 882//
f 1148// 1146// 888//
f 888// 1146// 881//
f 1149// 1148// 887//
f 887// 1148// 888//
f 1150// 1149// 889//
f 889// 1149// 887//
f 1151// 1150// 890//
f 890// 1150// 889//
f 1152// 1151// 891//
f 891// 1151// 890//
f 1153// 1152// 892//
f 892// 1152// 891//
f 1154// 1153// 884//
f 884// 1153// 892//
f 1155// 1154// 886//
f 886// 1154// 884//
f 1156// 1155// 885//
f 885// 1155// 886//
f 1157// 1156// 883//
f 883// 1156// 885//
f 1147// 1157// 882//
f 882// 1157// 883//
f 1157// 1147// 1146//
f 1146// 1148// 1157//
f 1157// 1148// 1149//
f 1157// 1149// 1156//
f 1154// 1155// 1153//
f 1153// 1155// 1156//
f 1153// 1156// 1152//
f 1152// 1156// 1149//
f 1152// 1149// 1151//
f 1151// 1149// 1150//
f 1158// 1159// 1160//
f 1161// 1162// 1163//
f 1163// 1162// 1164//
f 1165// 1166// 1159//
f 1159// 1166// 1162//
f 1159// 1162// 1160//
f 1160// 1162// 1161//
f 1167// 1168// 1169//
f 1169// 1168// 1170//
f 1169// 1170// 1171//
f 1171// 1170// 1172//
f 1171// 1172// 1173//
f 1173// 1172// 1174//
f 1173// 1174// 1175//
f 1175// 1174// 1176//
f 1175// 1176// 1177//
f 1178// 1179// 1180//
f 1160// 1181// 1158//
f 1158// 1181// 1182//
f 1158// 1182// 1183//
f 1183// 1182// 1184//
f 1183// 1184// 1185//
f 1185// 1184// 1186//
f 1185// 1186// 1187//
f 1187// 1186// 1188//
f 1187// 1188// 1189//
f 1189// 1188// 1177//
f 1189// 1177// 1190//
f 1190// 1177// 1176//
f 1178// 1180// 1191//
f 1191// 1180// 1192//
f 1191// 1192// 1193//
f 1194// 1195// 1196//
f 1196// 1195// 1197//
f 1196// 1197// 1198//
f 1198// 1197// 1199//
f 1198// 1199// 1200//
f 1200// 1199// 1201//
f 1200// 1201// 1202//
f 1202// 1201// 1203//
f 1202// 1203// 1204//
f 1204// 1203// 1205//
f 1204// 1205// 1206//
f 1206// 1205// 1207//
f 1206// 1207// 1208//
f 1208// 1207// 1209//
f 1208// 1209// 1210//
f 1210// 1209// 1211//
f 1210// 1211// 1212//
f 1212// 1211// 1213//
f 1212// 1213// 1162//
f 1162// 1213// 1193//
f 1162// 1193// 1164//
f 1164// 1193// 1192//
f 1214// 1215// 1216//
f 1216// 1215// 1217//
f 1216// 1217// 1218//
f 1218// 1217// 1219//
f 1218// 1219// 1167//
f 1167// 1219// 1220//
f 1167// 1220// 1168//
f 1179// 1178// 1221//
f 1221// 1178// 1222//
f 1221// 1222// 1223//
f 1223// 1222// 1224//
f 1223// 1224// 1225//
f 1225// 1224// 1226//
f 1225// 1226// 1214//
f 1214// 1226// 1227//
f 1214// 1227// 1215//
f 1200// 599// 598//
f 1200// 598// 1198//
f 1198// 598// 595//
f 1198// 595// 1196//
f 1196// 595// 596//
f 1196// 596// 1194//
f 1195// 1194// 580//
f 580// 1194// 596//
f 1195// 580// 582//
f 1195// 582// 1197//
f 1197// 582// 584//
f 1197// 584// 1199//
f 1199// 584// 613//
f 1199// 613// 1201//
f 1201// 613// 612//
f 1201// 612// 1203//
f 1203// 612// 611//
f 1203// 611// 1205//
f 1205// 611// 610//
f 1205// 610// 1207//
f 1207// 610// 609//
f 1207// 609// 1209//
f 1209// 609// 603//
f 1209// 603// 1211//
f 1211// 603// 602//
f 1211// 602// 1213//
f 1213// 602// 601//
f 1213// 601// 1193//
f 1191// 1193// 583//
f 583// 1193// 601//
f 1191// 583// 581//
f 1191// 581// 1178//
f 1178// 581// 579//
f 1178// 579// 1222//
f 1222// 579// 578//
f 1222// 578// 1224//
f 1224// 578// 597//
f 1224// 597// 1226//
f 1226// 597// 594//
f 1226// 594// 1227//
f 1227// 594// 593//
f 1227// 593// 1215//
f 1215// 593// 592//
f 1215// 592// 1217//
f 1217// 592// 591//
f 1217// 591// 1219//
f 1219// 591// 590//
f 1219// 590// 1220//
f 1220// 590// 589//
f 1220// 589// 1168//
f 1168// 589// 588//
f 1168// 588// 1170//
f 625// 1190// 1176//
f 1170// 588// 587//
f 1170// 587// 1172//
f 1172// 587// 574//
f 1172// 574// 1174//
f 1174// 574// 573//
f 1174// 573// 1176//
f 1176// 573// 626//
f 1176// 626// 625//
f 1190// 625// 566//
f 1190// 566// 1189//
f 1189// 566// 586//
f 1189// 586// 1187//
f 1187// 586// 585//
f 1187// 585// 1185//
f 1185// 585// 571//
f 1185// 571// 1183//
f 1183// 571// 570//
f 1183// 570// 1158//
f 1159// 1158// 569//
f 569// 1158// 570//
f 1165// 1159// 565//
f 565// 1159// 569//
f 1166// 1165// 567//
f 567// 1165// 565//
f 1162// 1166// 621//
f 621// 1166// 567//
f 1162// 621// 608//
f 1162// 608// 1212//
f 1212// 608// 607//
f 1212// 607// 1210//
f 1210// 607// 605//
f 1210// 605// 1208//
f 1208// 605// 604//
f 1208// 604// 1206//
f 1206// 604// 575//
f 1206// 575// 1204//
f 1204// 575// 600//
f 1204// 600// 1202//
f 1202// 600// 599//
f 1202// 599// 1200//
f 1221// 1228// 1229//
f 1221// 1229// 1179//
f 1179// 1229// 1230//
f 1179// 1230// 1180//
f 1180// 1230// 1231//
f 1180// 1231// 1192//
f 1216// 1232// 1233//
f 1216// 1233// 1214//
f 1214// 1233// 1234//
f 1214// 1234// 1225//
f 1225// 1234// 1235//
f 1225// 1235// 1223//
f 1223// 1235// 1228//
f 1223// 1228// 1221//
f 1171// 1236// 1237//
f 1171// 1237// 1169//
f 1169// 1237// 1238//
f 1169// 1238// 1167//
f 1167// 1238// 1239//
f 1167// 1239// 1218//
f 1218// 1239// 1232//
f 1218// 1232// 1216//
f 1177// 1240// 1241//
f 1177// 1241// 1175//
f 1175// 1241// 1242//
f 1175// 1242// 1173//
f 1173// 1242// 1236//
f 1173// 1236// 1171//
f 1182// 1243// 1244//
f 1182// 1244// 1184//
f 1184// 1244// 1245//
f 1184// 1245// 1186//
f 1186// 1245// 1246//
f 1186// 1246// 1188//
f 1188// 1246// 1240//
f 1188// 1240// 1177//
f 1163// 1247// 1248//
f 1163// 1248// 1161//
f 1161// 1248// 1249//
f 1161// 1249// 1160//
f 1160// 1249// 1250//
f 1160// 1250// 1181//
f 1181// 1250// 1243//
f 1181// 1243// 1182//
f 1163// 1164// 1247//
f 1247// 1164// 1251//
f 1164// 1192// 1251//
f 1251// 1192// 1231//
usemtl 2
f 1251// 1231// 1247//
f 1247// 1231// 1230//
f 1230// 1229// 1247//
f 1247// 1229// 1228//
f 1247// 1228// 1248//
f 1248// 1228// 1249//
f 1249// 1228// 1235//
f 1249// 1235// 1250//
f 1237// 1236// 1244//
f 1237// 1244// 1238//
f 1245// 1244// 1246//
f 1246// 1244// 1240//
f 1235// 1234// 1250//
f 1250// 1234// 1233//
f 1250// 1233// 1243//
f 1243// 1233// 1232//
f 1243// 1232// 1244//
f 1244// 1232// 1239//
f 1244// 1239// 1238//
f 1236// 1242// 1244//
f 1244// 1242// 1241//
f 1244// 1241// 1240//
usemtl 3
f 1252// 671// 668//
f 618// 1253// 668//
f 668// 1253// 1254//
f 668// 1254// 1252//
f 618// 617// 1253//
f 1253// 617// 615//
f 1253// 615// 1255//
f 1256// 1255// 627//
f 627// 1255// 615//
f 1256// 627// 1257//
f 1257// 627// 628//
f 631// 1258// 630//
f 630// 1258// 1257//
f 630// 1257// 629//
f 629// 1257// 628//
f 1258// 631// 1259//
f 1259// 631// 381//
f 381// 380// 1259//
f 1259// 380// 649//
f 1259// 649// 1260//
f 1260// 649// 648//
f 1260// 648// 1261//
f 1261// 648// 639//
f 1261// 639// 1262//
f 1262// 639// 638//
f 1262// 638// 1263//
f 1263// 638// 637//
f 1263// 637// 1264//
f 1264// 637// 647//
f 1264// 647// 1265//
f 1265// 647// 646//
f 1265// 646// 1266//
f 1266// 646// 645//
f 1266// 645// 1267//
f 1267// 645// 644//
f 1267// 644// 1268//
f 1268// 644// 664//
f 1268// 664// 1269//
f 1269// 664// 663//
f 1269// 663// 1270//
f 1270// 663// 661//
f 1270// 661// 1271//
f 1271// 661// 659//
f 1271// 659// 1272//
f 1272// 659// 658//
f 1272// 658// 1273//
f 1273// 658// 657//
f 1273// 657// 1274//
f 1274// 657// 656//
f 1274// 656// 1275//
f 1275// 656// 655//
f 1275// 655// 1276//
f 1276// 655// 652//
f 1276// 652// 1277//
f 1277// 652// 667//
f 1277// 667// 1278//
f 1278// 667// 666//
f 1278// 666// 1279//
f 1279// 666// 665//
f 1279// 665// 1280//
f 1280// 665// 654//
f 1280// 654// 1281//
f 1281// 654// 653//
f 1281// 653// 1282//
f 1282// 653// 651//
f 1282// 651// 1283//
f 1283// 651// 650//
f 1283// 650// 1284//
f 1284// 650// 660//
f 1284// 660// 1285//
f 1285// 660// 662//
f 1285// 662// 1286//
f 1286// 662// 634//
f 1286// 634// 1287//
f 1288// 1287// 633//
f 633// 1287// 634//
f 1288// 633// 643//
f 1288// 643// 1289//
f 1289// 643// 642//
f 1289// 642// 1290//
f 1290// 642// 641//
f 1290// 641// 1291//
f 1291// 641// 636//
f 1291// 636// 1292//
f 1292// 636// 635//
f 1292// 635// 1293//
f 1293// 635// 1294//
f 1294// 635// 640//
f 640// 577// 1294//
f 1294// 577// 576//
f 1294// 576// 1295//
f 1295// 576// 606//
f 1295// 606// 1296//
f 1296// 606// 623//
f 1296// 623// 1297//
f 1297// 623// 622//
f 1297// 622// 1298//
f 1298// 622// 620//
f 1298// 620// 1299//
f 1299// 620// 619//
f 1299// 619// 1300//
f 669// 1301// 1302//
f 1300// 619// 614//
f 1300// 614// 1303//
f 1303// 614// 616//
f 1303// 616// 1302//
f 1302// 616// 670//
f 1302// 670// 669//
f 1301// 669// 673//
f 1301// 673// 1304//
f 1304// 673// 684//
f 1304// 684// 1305//
f 1305// 684// 683//
f 1305// 683// 1306//
f 1306// 683// 682//
f 1306// 682// 1307//
f 1307// 682// 676//
f 1307// 676// 1308//
f 1308// 676// 675//
f 1308// 675// 1309//
f 1309// 675// 681//
f 1309// 681// 1310//
f 1310// 681// 680//
f 1310// 680// 1311//
f 1311// 680// 679//
f 1311// 679// 1312//
f 1312// 679// 678//
f 1312// 678// 1313//
f 1313// 678// 677//
f 1313// 677// 1314//
f 1314// 677// 674//
f 1314// 674// 1315//
f 1315// 674// 672//
f 1315// 672// 1316//
f 1316// 672// 671//
f 1316// 671// 1252//
f 1280// 1281// 1292//
f 1292// 1281// 1291//
f 1304// 1271// 1301//
f 1301// 1271// 1272//
f 1260// 1261// 1312//
f 1312// 1261// 1262//
f 1312// 1262// 1311//
f 1311// 1262// 1263//
f 1311// 1263// 1310//
f 1310// 1263// 1264//
f 1310// 1264// 1309//
f 1309// 1264// 1265//
f 1309// 1265// 1308//
f 1308// 1265// 1266//
f 1308// 1266// 1307//
f 1307// 1266// 1267//
f 1307// 1267// 1306//
f 1306// 1267// 1268//
f 1306// 1268// 1305//
f 1305// 1268// 1269//
f 1305// 1269// 1304//
f 1304// 1269// 1270//
f 1304// 1270// 1271//
f 1258// 1252// 1257//
f 1257// 1252// 1254//
f 1257// 1254// 1256//
f 1256// 1254// 1253//
f 1256// 1253// 1255//
f 1281// 1282// 1291//
f 1291// 1282// 1283//
f 1291// 1283// 1290//
f 1290// 1283// 1284//
f 1290// 1284// 1289//
f 1289// 1284// 1285//
f 1289// 1285// 1288//
f 1288// 1285// 1286//
f 1288// 1286// 1287//
f 1312// 1313// 1260//
f 1260// 1313// 1314//
f 1260// 1314// 1259//
f 1259// 1314// 1315//
f 1259// 1315// 1258//
f 1258// 1315// 1316//
f 1258// 1316// 1252//
f 1292// 1293// 1280//
f 1280// 1293// 1294//
f 1280// 1294// 1279//
f 1279// 1294// 1295//
f 1279// 1295// 1278//
f 1278// 1295// 1296//
f 1278// 1296// 1277//
f 1277// 1296// 1297//
f 1277// 1297// 1276//
f 1276// 1297// 1298//
f 1276// 1298// 1275//
f 1275// 1298// 1299//
f 1275// 1299// 1274//
f 1274// 1299// 1300//
f 1274// 1300// 1273//
f 1273// 1300// 1303//
f 1273// 1303// 1272//
f 1272// 1303// 1302//
f 1272// 1302// 1301//
f 1317// 1318// 685//
f 685// 1318// 686//
f 1319// 1317// 693//
f 693// 1317// 685//
f 1319// 693// 694//
f 1319// 694// 1320//
f 1320// 694// 691//
f 1320// 691// 1321//
f 1322// 1321// 690//
f 690// 1321// 691//
f 1323// 1322// 689//
f 689// 1322// 690//
f 698// 1324// 692//
f 692// 1324// 1323//
f 692// 1323// 689//
f 1325// 1324// 697//
f 697// 1324// 698//
f 699// 1326// 696//
f 696// 1326// 1325//
f 696// 1325// 697//
f 701// 1327// 700//
f 700// 1327// 1326//
f 700// 1326// 699//
f 701// 709// 1327//
f 1327// 709// 1328//
f 709// 708// 1328//
f 1328// 708// 707//
f 1328// 707// 1329//
f 1329// 707// 716//
f 1329// 716// 1330//
f 1330// 716// 715//
f 1330// 715// 1331//
f 1331// 715// 706//
f 1331// 706// 1332//
f 1332// 706// 705//
f 1332// 705// 1333//
f 1333// 705// 704//
f 1333// 704// 1334//
f 1335// 1334// 703//
f 703// 1334// 704//
f 1335// 703// 714//
f 1335// 714// 1336//
f 1336// 714// 713//
f 1336// 713// 1337//
f 1337// 713// 711//
f 1337// 711// 1338//
f 1338// 711// 710//
f 1338// 710// 1339//
f 710// 723// 1339//
f 1339// 723// 722//
f 1339// 722// 1340//
f 1340// 722// 721//
f 1340// 721// 1341//
f 1341// 721// 718//
f 1341// 718// 1342//
f 1342// 718// 717//
f 1342// 717// 1343//
f 686// 1318// 720//
f 720// 1318// 1343//
f 720// 1343// 717//
f 1320// 1321// 1343//
f 1318// 1317// 1343//
f 1343// 1317// 1319//
f 1343// 1319// 1320//
f 1324// 1325// 1323//
f 1323// 1325// 1326//
f 1323// 1326// 1322//
f 1334// 1335// 1333//
f 1333// 1335// 1336//
f 1333// 1336// 1332//
f 1332// 1336// 1337//
f 1332// 1337// 1331//
f 1331// 1337// 1338//
f 1331// 1338// 1330//
f 1330// 1338// 1339//
f 1330// 1339// 1329//
f 1329// 1339// 1340//
f 1329// 1340// 1328//
f 1328// 1340// 1341//
f 1328// 1341// 1327//
f 1327// 1341// 1342//
f 1327// 1342// 1326//
f 1326// 1342// 1343//
f 1326// 1343// 1322//
f 1322// 1343// 1321//
f 1344// 1345// 390//
f 390// 1345// 393//
f 396// 1346// 398//
f 398// 1346// 1344//
f 398// 1344// 390//
f 1347// 1346// 395//
f 395// 1346// 396//
f 399// 1348// 397//
f 397// 1348// 1347//
f 397// 1347// 395//
f 1349// 1348// 400//
f 400// 1348// 399//
f 403// 1350// 401//
f 401// 1350// 1349//
f 401// 1349// 400//
f 1351// 1350// 404//
f 404// 1350// 403//
f 389// 1352// 402//
f 402// 1352// 1351//
f 402// 1351// 404//
f 1353// 1352// 688//
f 688// 1352// 389//
f 408// 1354// 687//
f 687// 1354// 1353//
f 687// 1353// 688//
f 1355// 1354// 406//
f 406// 1354// 408//
f 393// 1345// 405//
f 405// 1345// 1355//
f 405// 1355// 406//
f 1355// 1345// 1344//
f 1344// 1346// 1355//
f 1355// 1346// 1347//
f 1355// 1347// 1354//
f 1352// 1353// 1351//
f 1351// 1353// 1354//
f 1351// 1354// 1350//
f 1350// 1354// 1347//
f 1350// 1347// 1349//
f 1349// 1347// 1348//
f 1356// 1357// 1358//
f 1358// 1357// 1359//
f 1358// 1359// 1360//
f 1360// 1359// 1361//
f 1360// 1361// 1362//
f 1362// 1361// 1363//
f 1362// 1363// 1364//
f 1364// 1363// 1365//
f 1364// 1365// 1366//
f 1366// 1365// 1367//
f 1366// 1367// 1368//
f 1368// 1367// 1369//
f 1368// 1369// 1370//
f 1370// 1369// 1371//
f 1370// 1371// 1372//
f 1372// 1371// 1373//
f 1372// 1373// 1374//
f 1374// 1373// 1375//
f 1374// 1375// 1376//
f 1376// 1375// 1377//
f 1376// 1377// 1378//
f 1378// 1377// 1379//
f 1378// 1379// 1380//
f 1380// 1379// 1381//
f 1380// 1381// 1382//
f 1382// 1381// 1383//
f 1382// 1383// 1384//
f 1384// 1383// 1385//
f 1384// 1385// 1386//
f 1386// 1385// 1387//
f 1386// 1387// 1388//
f 1388// 1387// 1389//
f 1388// 1389// 1390//
f 1390// 1389// 1391//
f 1390// 1391// 1356//
f 1356// 1391// 1357//
f 1379// 1377// 432//
f 432// 1377// 437//
f 1379// 432// 431//
f 1379// 431// 1381//
f 1381// 431// 430//
f 1381// 430// 1383//
f 1383// 430// 422//
f 1383// 422// 1385//
f 1385// 422// 421//
f 1385// 421// 1387//
f 1387// 421// 420//
f 1387// 420// 1389//
f 1389// 420// 411//
f 1389// 411// 1391//
f 1391// 411// 410//
f 1391// 410// 1357//
f 1357// 410// 423//
f 1357// 423// 1359//
f 1359// 423// 424//
f 1359// 424// 1361//
f 1361// 424// 429//
f 1361// 429// 1363//
f 1363// 429// 428//
f 1363// 428// 1365//
f 1365// 428// 427//
f 1365// 427// 1367//
f 1367// 427// 433//
f 1367// 433// 1369//
f 1369// 433// 426//
f 1369// 426// 1371//
f 1371// 426// 425//
f 1371// 425// 1373//
f 1375// 1373// 438//
f 438// 1373// 425//
f 1377// 1375// 437//
f 437// 1375// 438//
f 1372// 1374// 1392//
f 1392// 1374// 1393//
f 1374// 1376// 1393//
f 1393// 1376// 1394//
f 1376// 1378// 1394//
f 1394// 1378// 1395//
f 1386// 1396// 1397//
f 1386// 1397// 1384//
f 1384// 1397// 1398//
f 1384// 1398// 1382//
f 1382// 1398// 1399//
f 1382// 1399// 1380//
f 1380// 1399// 1395//
f 1380// 1395// 1378//
f 1358// 1400// 1401//
f 1358// 1401// 1356//
f 1356// 1401// 1402//
f 1356// 1402// 1390//
f 1390// 1402// 1403//
f 1390// 1403// 1388//
f 1388// 1403// 1396//
f 1388// 1396// 1386//
f 1366// 1404// 1405//
f 1366// 1405// 1364//
f 1364// 1405// 1406//
f 1364// 1406// 1362//
f 1362// 1406// 1407//
f 1362// 1407// 1360//
f 1360// 1407// 1400//
f 1360// 1400// 1358//
f 1372// 1392// 1408//
f 1372// 1408// 1370//
f 1370// 1408// 1409//
f 1370// 1409// 1368//
f 1368// 1409// 1404//
f 1368// 1404// 1366//
usemtl 2
f 1393// 1394// 1392//
f 1392// 1394// 1395//
f 1392// 1395// 1399//
f 1399// 1398// 1392//
f 1392// 1398// 1397//
f 1392// 1397// 1396//
f 1396// 1403// 1392//
f 1392// 1403// 1402//
f 1392// 1402// 1401//
f 1401// 1400// 1392//
f 1392// 1400// 1407//
f 1392// 1407// 1406//
f 1406// 1405// 1392//
f 1392// 1405// 1404//
f 1392// 1404// 1408//
f 1408// 1404// 1409//
usemtl 3
f 1410// 1411// 1412//
f 1412// 1411// 1413//
f 1414// 1415// 1410//
f 1410// 1415// 1416//
f 1410// 1416// 1411//
f 1411// 1416// 1417//
f 1414// 1418// 1415//
f 1415// 1418// 1419//
f 1415// 1419// 1420//
f 1420// 1419// 1421//
f 1420// 1421// 1422//
f 1422// 1423// 1420//
f 1420// 1423// 1412//
f 1420// 1412// 1424//
f 1424// 1412// 1413//
f 1424// 1413// 1425//
f 1420// 1424// 419//
f 419// 1424// 435//
f 1415// 1420// 418//
f 418// 1420// 419//
f 1416// 1415// 409//
f 409// 1415// 418//
f 1417// 1416// 434//
f 434// 1416// 409//
f 1411// 1417// 417//
f 417// 1417// 434//
f 1413// 1411// 416//
f 416// 1411// 417//
f 1425// 1413// 415//
f 415// 1413// 416//
f 1424// 1425// 435//
f 435// 1425// 415//
f 1410// 1412// 1426//
f 1426// 1412// 1427//
f 1412// 1423// 1427//
f 1427// 1423// 1428//
f 1421// 1429// 1430//
f 1421// 1430// 1422//
f 1422// 1430// 1428//
f 1422// 1428// 1423//
f 1421// 1419// 1429//
f 1429// 1419// 1431//
f 1414// 1432// 1433//
f 1414// 1433// 1418//
f 1418// 1433// 1431//
f 1418// 1431// 1419//
f 1414// 1410// 1432//
f 1432// 1410// 1426//
usemtl 2
f 1429// 1431// 1430//
f 1430// 1431// 1433//
f 1430// 1433// 1428//
f 1428// 1433// 1432//
f 1428// 1432// 1427//
f 1427// 1432// 1426//
usemtl 3
f 1434// 1435// 1436//
f 1437// 1438// 1439//
f 1440// 1441// 1442//
f 1443// 1444// 1445//
f 1439// 1438// 1446//
f 1447// 1448// 1449//
f 1449// 1448// 1450//
f 1449// 1450// 1451//
f 1451// 1450// 1452//
f 1451// 1452// 1442//
f 1442// 1452// 1453//
f 1442// 1453// 1440//
f 1454// 1435// 1455//
f 1455// 1435// 1456//
f 1455// 1456// 1457//
f 1458// 1459// 1450//
f 1450// 1459// 1460//
f 1450// 1460// 1452//
f 1452// 1460// 1461//
f 1452// 1461// 1462//
f 1443// 1445// 1463//
f 1463// 1445// 1464//
f 1463// 1464// 1465//
f 1465// 1464// 1466//
f 1465// 1466// 1467//
f 1468// 1469// 1436//
f 1436// 1469// 1470//
f 1436// 1470// 1434//
f 1438// 1471// 1446//
f 1446// 1471// 1472//
f 1446// 1472// 1473//
f 1473// 1472// 1474//
f 1473// 1474// 1443//
f 1443// 1474// 1475//
f 1443// 1475// 1444//
f 1476// 1436// 1477//
f 1477// 1436// 1435//
f 1477// 1435// 1478//
f 1478// 1435// 1454//
f 1456// 1479// 1457//
f 1457// 1479// 1480//
f 1457// 1480// 1481//
f 1481// 1480// 1482//
f 1481// 1482// 1483//
f 1483// 1482// 1484//
f 1483// 1484// 1485//
f 1485// 1484// 1452//
f 1485// 1452// 1486//
f 1486// 1452// 1462//
f 1487// 1488// 1489//
f 1489// 1488// 1490//
f 1489// 1490// 1491//
f 1491// 1490// 1492//
f 1491// 1492// 1493//
f 1494// 1495// 1496//
f 1496// 1495// 1497//
f 1496// 1497// 1498//
f 1498// 1497// 1499//
f 1498// 1499// 1500//
f 1500// 1499// 1501//
f 1500// 1501// 1502//
f 1502// 1501// 1503//
f 1502// 1503// 1468//
f 1468// 1503// 1504//
f 1468// 1504// 1469//
f 1439// 1505// 1437//
f 1437// 1505// 1506//
f 1437// 1506// 1507//
f 1507// 1506// 1508//
f 1507// 1508// 1509//
f 1509// 1508// 1510//
f 1509// 1510// 1494//
f 1494// 1510// 1511//
f 1494// 1511// 1495//
f 1476// 1512// 1436//
f 1436// 1512// 1513//
f 1436// 1513// 1514//
f 1514// 1513// 1515//
f 1514// 1515// 1516//
f 1516// 1515// 1517//
f 1516// 1517// 1518//
f 1518// 1517// 1519//
f 1518// 1519// 1520//
f 1520// 1519// 1521//
f 1520// 1521// 1522//
f 1522// 1521// 1523//
f 1522// 1523// 1524//
f 1524// 1523// 1525//
f 1524// 1525// 1526//
f 1526// 1525// 1527//
f 1526// 1527// 1528//
f 1528// 1527// 1529//
f 1528// 1529// 1450//
f 1450// 1529// 1530//
f 1450// 1530// 1458//
f 1467// 1466// 1531//
f 1531// 1466// 1532//
f 1531// 1532// 1533//
f 1533// 1532// 1534//
f 1533// 1534// 1535//
f 1535// 1534// 1536//
f 1535// 1536// 1537//
f 1537// 1536// 1538//
f 1537// 1538// 1487//
f 1487// 1538// 1539//
f 1487// 1539// 1488//
f 1540// 1541// 1542//
f 1542// 1541// 1543//
f 1540// 1542// 1544//
f 1544// 1542// 1545//
f 1544// 1545// 1546//
f 1546// 1545// 1547//
f 1546// 1547// 1548//
f 1493// 1549// 1491//
f 1491// 1549// 1550//
f 1491// 1550// 1551//
f 1551// 1550// 1552//
f 1551// 1552// 1553//
f 1553// 1552// 1554//
f 1553// 1554// 1555//
f 1555// 1554// 1556//
f 1555// 1556// 1557//
f 1557// 1556// 1558//
f 1557// 1558// 1559//
f 1559// 1558// 1560//
f 1559// 1560// 1561//
f 1561// 1560// 1562//
f 1561// 1562// 1563//
f 1563// 1562// 1564//
f 1563// 1564// 1565//
f 1565// 1564// 1566//
f 1565// 1566// 1567//
f 1567// 1566// 1568//
f 1567// 1568// 1569//
f 1569// 1568// 1570//
f 1569// 1570// 1571//
f 1571// 1570// 1572//
f 1571// 1572// 1573//
f 1573// 1572// 1574//
f 1573// 1574// 1575//
f 1575// 1574// 1576//
f 1575// 1576// 1577//
f 1577// 1576// 1578//
f 1577// 1578// 1579//
f 1579// 1578// 1580//
f 1579// 1580// 1581//
f 1581// 1580// 1542//
f 1581// 1542// 1582//
f 1582// 1542// 1543//
f 1548// 1583// 1546//
f 1546// 1583// 1584//
f 1546// 1584// 1585//
f 1561// 789// 788//
f 1561// 788// 1559//
f 1559// 788// 729//
f 1559// 729// 1557//
f 729// 731// 1557//
f 1557// 731// 732//
f 1557// 732// 1555//
f 1555// 732// 733//
f 1555// 733// 1553//
f 1553// 733// 735//
f 1553// 735// 1551//
f 1551// 735// 734//
f 1551// 734// 1491//
f 1491// 734// 728//
f 1491// 728// 1489//
f 1489// 728// 727//
f 1489// 727// 1487//
f 1537// 1487// 725//
f 725// 1487// 727//
f 725// 724// 1537//
f 1537// 724// 740//
f 1537// 740// 1535//
f 1535// 740// 738//
f 1535// 738// 1533//
f 1533// 738// 737//
f 1533// 737// 1531//
f 1531// 737// 736//
f 1531// 736// 1467//
f 1467// 736// 1465//
f 1465// 736// 741//
f 1465// 741// 742//
f 1465// 742// 747//
f 1465// 747// 1463//
f 1463// 747// 749//
f 1463// 749// 1443//
f 1443// 749// 748//
f 1443// 748// 1473//
f 1473// 748// 746//
f 1473// 746// 1446//
f 1446// 746// 745//
f 1446// 745// 1439//
f 1439// 745// 751//
f 1439// 751// 1505//
f 1505// 751// 750//
f 1505// 750// 1506//
f 1506// 750// 744//
f 1506// 744// 1508//
f 757// 1497// 1495//
f 1508// 744// 743//
f 1508// 743// 1510//
f 1510// 743// 760//
f 1510// 760// 1511//
f 1511// 760// 759//
f 1511// 759// 1495//
f 1495// 759// 758//
f 1495// 758// 757//
f 1497// 757// 756//
f 1497// 756// 1499//
f 1499// 756// 755//
f 1499// 755// 1501//
f 1501// 755// 753//
f 1501// 753// 1503//
f 1503// 753// 752//
f 1503// 752// 1504//
f 1504// 752// 754//
f 1504// 754// 1469//
f 1469// 754// 761//
f 1469// 761// 1470//
f 1470// 761// 762//
f 1470// 762// 1434//
f 762// 763// 1434//
f 1434// 763// 764//
f 1434// 764// 1435//
f 1435// 764// 765//
f 1435// 765// 1456//
f 1456// 765// 770//
f 1456// 770// 1479//
f 770// 769// 1479//
f 1479// 769// 768//
f 1479// 768// 1480//
f 1480// 768// 767//
f 1480// 767// 1482//
f 1482// 767// 775//
f 774// 1452// 775//
f 775// 1452// 1484//
f 775// 1484// 1482//
f 774// 772// 1452//
f 1452// 772// 771//
f 1452// 771// 1453//
f 1453// 771// 776//
f 1453// 776// 1440//
f 1440// 776// 378//
f 1440// 378// 1441//
f 378// 377// 1441//
f 1441// 377// 822//
f 1441// 822// 1442//
f 1442// 822// 823//
f 1442// 823// 1451//
f 1449// 1451// 817//
f 817// 1451// 823//
f 1447// 1449// 792//
f 792// 1449// 817//
f 1448// 1447// 781//
f 781// 1447// 792//
f 1450// 1448// 780//
f 780// 1448// 781//
f 1450// 780// 782//
f 1450// 782// 1528//
f 1528// 782// 783//
f 1528// 783// 1526//
f 1526// 783// 808//
f 1526// 808// 1524//
f 1524// 808// 807//
f 1524// 807// 1522//
f 1522// 807// 806//
f 1522// 806// 1520//
f 1520// 806// 802//
f 1520// 802// 1518//
f 1518// 802// 803//
f 1518// 803// 1516//
f 1516// 803// 796//
f 1516// 796// 1514//
f 1514// 796// 798//
f 1514// 798// 1436//
f 1436// 798// 797//
f 1436// 797// 1468//
f 1468// 797// 795//
f 1468// 795// 1502//
f 1502// 795// 794//
f 1502// 794// 1500//
f 1500// 794// 805//
f 1500// 805// 1498//
f 1498// 805// 804//
f 1498// 804// 1496//
f 1496// 804// 1494//
f 1494// 804// 787//
f 787// 862// 1494//
f 1494// 862// 855//
f 1494// 855// 1509//
f 1509// 855// 854//
f 1509// 854// 1507//
f 1507// 854// 852//
f 1507// 852// 1437//
f 1437// 852// 851//
f 1437// 851// 1438//
f 1438// 851// 853//
f 1438// 853// 1471//
f 1471// 853// 861//
f 1471// 861// 1472//
f 1472// 861// 843//
f 1472// 843// 1474//
f 1474// 843// 842//
f 1474// 842// 1475//
f 1475// 842// 838//
f 1475// 838// 1444//
f 1444// 838// 841//
f 1444// 841// 1445//
f 1445// 841// 856//
f 1445// 856// 1464//
f 1464// 856// 858//
f 1464// 858// 1466//
f 1466// 858// 860//
f 1466// 860// 1532//
f 1532// 860// 859//
f 1532// 859// 1534//
f 1534// 859// 857//
f 1534// 857// 1536//
f 1536// 857// 840//
f 1536// 840// 1538//
f 1538// 840// 839//
f 1538// 839// 1539//
f 1539// 839// 837//
f 1539// 837// 1488//
f 1488// 837// 836//
f 1488// 836// 1490//
f 1490// 836// 850//
f 1490// 850// 1492//
f 1492// 850// 849//
f 1492// 849// 1493//
f 1549// 1493// 846//
f 846// 1493// 849//
f 1549// 846// 848//
f 1549// 848// 1550//
f 1550// 848// 847//
f 1550// 847// 1552//
f 1552// 847// 845//
f 1552// 845// 1554//
f 1554// 845// 844//
f 1554// 844// 1556//
f 1556// 844// 786//
f 1556// 786// 1558//
f 786// 785// 1558//
f 1558// 785// 784//
f 1558// 784// 1560//
f 1560// 784// 830//
f 1560// 830// 1562//
f 1562// 830// 829//
f 1562// 829// 1564//
f 1564// 829// 828//
f 1564// 828// 1566//
f 1566// 828// 827//
f 1566// 827// 1568//
f 1568// 827// 835//
f 1568// 835// 1570//
f 1570// 835// 834//
f 1570// 834// 1572//
f 1572// 834// 833//
f 1572// 833// 1574//
f 1574// 833// 832//
f 1574// 832// 1576//
f 1578// 1576// 831//
f 831// 1576// 832//
f 1578// 831// 814//
f 1578// 814// 1580//
f 1580// 814// 813//
f 1580// 813// 1542//
f 1542// 813// 812//
f 1542// 812// 1545//
f 1545// 812// 793//
f 1545// 793// 1547//
f 1547// 793// 791//
f 1547// 791// 1548//
f 1548// 791// 790//
f 1548// 790// 1583//
f 1583// 790// 819//
f 1583// 819// 1584//
f 1584// 819// 818//
f 1584// 818// 1585//
f 1585// 818// 816//
f 1585// 816// 1546//
f 1546// 816// 815//
f 1546// 815// 1544//
f 1544// 815// 821//
f 1544// 821// 1540//
f 1540// 821// 820//
f 1540// 820// 1541//
f 1541// 820// 779//
f 1541// 779// 1543//
f 1543// 779// 778//
f 1543// 778// 1582//
f 1582// 778// 777//
f 1582// 777// 1581//
f 1581// 777// 826//
f 1581// 826// 1579//
f 1579// 826// 825//
f 1579// 825// 1577//
f 1575// 1577// 824//
f 824// 1577// 825//
f 1575// 824// 811//
f 1575// 811// 1573//
f 1573// 811// 810//
f 1573// 810// 1571//
f 1571// 810// 809//
f 1571// 809// 1569//
f 1569// 809// 801//
f 1569// 801// 1567//
f 1567// 801// 800//
f 1567// 800// 1565//
f 1565// 800// 799//
f 1565// 799// 1563//
f 1563// 799// 789//
f 1563// 789// 1561//
f 1523// 1586// 1587//
f 1523// 1587// 1525//
f 1525// 1587// 1588//
f 1525// 1588// 1527//
f 1527// 1588// 1589//
f 1527// 1589// 1529//
f 1529// 1589// 1590//
f 1529// 1590// 1530//
f 1530// 1590// 1591//
f 1530// 1591// 1458//
f 1458// 1591// 1592//
f 1458// 1592// 1459//
f 1459// 1592// 1593//
f 1459// 1593// 1460//
f 1460// 1593// 1594//
f 1460// 1594// 1461//
f 1461// 1594// 1595//
f 1461// 1595// 1462//
f 1462// 1595// 1596//
f 1462// 1596// 1486//
f 1486// 1596// 1597//
f 1486// 1597// 1485//
f 1485// 1597// 1598//
f 1485// 1598// 1483//
f 1483// 1598// 1599//
f 1483// 1599// 1481//
f 1481// 1599// 1600//
f 1481// 1600// 1457//
f 1457// 1600// 1601//
f 1457// 1601// 1455//
f 1455// 1601// 1602//
f 1455// 1602// 1454//
f 1454// 1602// 1603//
f 1454// 1603// 1478//
f 1478// 1603// 1604//
f 1478// 1604// 1477//
f 1477// 1604// 1605//
f 1477// 1605// 1476//
f 1476// 1605// 1606//
f 1476// 1606// 1512//
f 1512// 1606// 1607//
f 1512// 1607// 1513//
f 1513// 1607// 1608//
f 1513// 1608// 1515//
f 1515// 1608// 1609//
f 1515// 1609// 1517//
f 1517// 1609// 1610//
f 1517// 1610// 1519//
f 1519// 1610// 1611//
f 1519// 1611// 1521//
f 1521// 1611// 1586//
f 1521// 1586// 1523//
usemtl 2
f 1599// 1609// 1608//
f 1586// 1599// 1587//
f 1587// 1599// 1598//
f 1586// 1611// 1599//
f 1599// 1611// 1610//
f 1599// 1610// 1609//
f 1596// 1590// 1589//
f 1604// 1603// 1608//
f 1608// 1603// 1602//
f 1598// 1597// 1587//
f 1587// 1597// 1596//
f 1587// 1596// 1588//
f 1588// 1596// 1589//
f 1607// 1606// 1608//
f 1608// 1606// 1605//
f 1608// 1605// 1604//
f 1602// 1601// 1608//
f 1608// 1601// 1600//
f 1608// 1600// 1599//
f 1594// 1593// 1595//
f 1595// 1593// 1592//
f 1595// 1592// 1596//
f 1596// 1592// 1591//
f 1596// 1591// 1590//
